ISO-10303-21;
HEADER;
FILE_DESCRIPTION(('Open CASCADE Model'),'2;1');
FILE_NAME('Open CASCADE Shape Model','2026-09-15T14:46:04',('Author'),(
    'Open CASCADE'),'Open CASCADE STEP processor 7.9','build123d',
  'Unknown');
FILE_SCHEMA(('AUTOMOTIVE_DESIGN { 1 0 10303 214 1 1 1 1 }'));
ENDSEC;
DATA;
#1 = APPLICATION_PROTOCOL_DEFINITION('international standard',
  'automotive_design',2000,#2);
#2 = APPLICATION_CONTEXT(
  'core data for automotive mechanical design processes');
#3 = SHAPE_DEFINITION_REPRESENTATION(#4,#10);
#4 = PRODUCT_DEFINITION_SHAPE('','',#5);
#5 = PRODUCT_DEFINITION('design','',#6,#9);
#6 = PRODUCT_DEFINITION_FORMATION('','',#7);
#7 = PRODUCT('COMPOUND','COMPOUND','',(#8));
#8 = PRODUCT_CONTEXT('',#2,'mechanical');
#9 = PRODUCT_DEFINITION_CONTEXT('part definition',#2,'design');
#10 = ADVANCED_BREP_SHAPE_REPRESENTATION('',(#11,#15),#13190);
#11 = AXIS2_PLACEMENT_3D('',#12,#13,#14);
#12 = CARTESIAN_POINT('',(0.,0.,0.));
#13 = DIRECTION('',(0.,0.,1.));
#14 = DIRECTION('',(1.,0.,-0.));
#15 = MANIFOLD_SOLID_BREP('',#16);
#16 = CLOSED_SHELL('',(#17,#2669,#2745,#2794,#2843,#2892,#2941,#3045,
    #3094,#3143,#3192,#3297,#3346,#3395,#3444,#3493,#3542,#3591,#3640,
    #3689,#3738,#3787,#3836,#3885,#3934,#3983,#4032,#4081,#4130,#4179,
    #4228,#4277,#4326,#4375,#4424,#4473,#4522,#4571,#4620,#4669,#4718,
    #4767,#4816,#4865,#4914,#4963,#5012,#5061,#5110,#5159,#5208,#5257,
    #5306,#5355,#5404,#5453,#5502,#5551,#5600,#5649,#5698,#5747,#5796,
    #5845,#5894,#5943,#6045,#6094,#6193,#6242,#6361,#6410,#6459,#6508,
    #6557,#6584,#6634,#6704,#6752,#6778,#6848,#6896,#6922,#6972,#7022,
    #7072,#7142,#7190,#7216,#7266,#7336,#7384,#7410,#7480,#7528,#7554,
    #8589,#8636,#10502,#10549,#11392,#11400,#11427,#11431,#11458,#11485,
    #11510,#11537,#11562,#11589,#11614,#11641,#11666,#11693,#11718,
    #11745,#11770,#11797,#11822,#11849,#11874,#11901,#11926,#11953,
    #11978,#12005,#12030,#12057,#12082,#12109,#12134,#12161,#12188,
    #12213,#12240,#12265,#12292,#12317,#12324,#12349,#12376,#12401,
    #12428,#12453,#12480,#12507,#12532,#12559,#12584,#12611,#12636,
    #12663,#12688,#12715,#12740,#12767,#12792,#12819,#12844,#12871,
    #12896,#12923,#12948,#12975,#13000,#13027,#13052,#13079,#13104,
    #13131,#13156,#13183));
#17 = ADVANCED_FACE('',(#18,#2099,#2130,#2213,#2296,#2327,#2358,#2389,
    #2472,#2503,#2586),#32,.F.);
#18 = FACE_BOUND('',#19,.F.);
#19 = EDGE_LOOP('',(#20,#55,#83,#111,#139,#168,#196,#224,#252,#280,#308,
    #336,#364,#392,#420,#448,#476,#504,#532,#560,#588,#616,#644,#672,
    #700,#728,#756,#784,#812,#840,#868,#896,#924,#952,#980,#1008,#1036,
    #1064,#1092,#1120,#1148,#1176,#1205,#1233,#1261,#1289,#1317,#1345,
    #1373,#1401,#1429,#1457,#1485,#1513,#1541,#1569,#1597,#1625,#1653,
    #1681,#1709,#1737,#1765,#1793,#1821,#1849,#1877,#1905,#1933,#1961,
    #1989,#2017,#2045,#2073));
#20 = ORIENTED_EDGE('',*,*,#21,.F.);
#21 = EDGE_CURVE('',#22,#24,#26,.T.);
#22 = VERTEX_POINT('',#23);
#23 = CARTESIAN_POINT('',(6.065555555556,12.404166666667,0.));
#24 = VERTEX_POINT('',#25);
#25 = CARTESIAN_POINT('',(12.121111111111,12.404166666667,0.));
#26 = SURFACE_CURVE('',#27,(#31,#43),.PCURVE_S1.);
#27 = LINE('',#28,#29);
#28 = CARTESIAN_POINT('',(6.045555555556,12.404166666667,0.));
#29 = VECTOR('',#30,1.);
#30 = DIRECTION('',(1.,0.,-0.));
#31 = PCURVE('',#32,#37);
#32 = PLANE('',#33);
#33 = AXIS2_PLACEMENT_3D('',#34,#35,#36);
#34 = CARTESIAN_POINT('',(0.,0.,0.));
#35 = DIRECTION('',(0.,0.,1.));
#36 = DIRECTION('',(1.,0.,-0.));
#37 = DEFINITIONAL_REPRESENTATION('',(#38),#42);
#38 = LINE('',#39,#40);
#39 = CARTESIAN_POINT('',(6.045555555556,12.404166666667));
#40 = VECTOR('',#41,1.);
#41 = DIRECTION('',(1.,0.));
#42 = ( GEOMETRIC_REPRESENTATION_CONTEXT(2) 
PARAMETRIC_REPRESENTATION_CONTEXT() REPRESENTATION_CONTEXT('2D SPACE',''
  ) );
#43 = PCURVE('',#44,#49);
#44 = PLANE('',#45);
#45 = AXIS2_PLACEMENT_3D('',#46,#47,#48);
#46 = CARTESIAN_POINT('',(6.045555555556,12.404166666667,0.));
#47 = DIRECTION('',(-0.,1.,0.));
#48 = DIRECTION('',(0.,0.,1.));
#49 = DEFINITIONAL_REPRESENTATION('',(#50),#54);
#50 = LINE('',#51,#52);
#51 = CARTESIAN_POINT('',(0.,0.));
#52 = VECTOR('',#53,1.);
#53 = DIRECTION('',(0.,1.));
#54 = ( GEOMETRIC_REPRESENTATION_CONTEXT(2) 
PARAMETRIC_REPRESENTATION_CONTEXT() REPRESENTATION_CONTEXT('2D SPACE',''
  ) );
#55 = ORIENTED_EDGE('',*,*,#56,.T.);
#56 = EDGE_CURVE('',#22,#57,#59,.T.);
#57 = VERTEX_POINT('',#58);
#58 = CARTESIAN_POINT('',(6.065555555556,12.801388888889,0.));
#59 = SURFACE_CURVE('',#60,(#64,#71),.PCURVE_S1.);
#60 = LINE('',#61,#62);
#61 = CARTESIAN_POINT('',(6.065555555556,-12.80138888888,0.));
#62 = VECTOR('',#63,1.);
#63 = DIRECTION('',(-0.,1.,0.));
#64 = PCURVE('',#32,#65);
#65 = DEFINITIONAL_REPRESENTATION('',(#66),#70);
#66 = LINE('',#67,#68);
#67 = CARTESIAN_POINT('',(6.065555555556,-12.80138888888));
#68 = VECTOR('',#69,1.);
#69 = DIRECTION('',(0.,1.));
#70 = ( GEOMETRIC_REPRESENTATION_CONTEXT(2) 
PARAMETRIC_REPRESENTATION_CONTEXT() REPRESENTATION_CONTEXT('2D SPACE',''
  ) );
#71 = PCURVE('',#72,#77);
#72 = PLANE('',#73);
#73 = AXIS2_PLACEMENT_3D('',#74,#75,#76);
#74 = CARTESIAN_POINT('',(6.065555555556,-12.80138888888,0.));
#75 = DIRECTION('',(1.,0.,-0.));
#76 = DIRECTION('',(0.,0.,1.));
#77 = DEFINITIONAL_REPRESENTATION('',(#78),#82);
#78 = LINE('',#79,#80);
#79 = CARTESIAN_POINT('',(0.,0.));
#80 = VECTOR('',#81,1.);
#81 = DIRECTION('',(0.,-1.));
#82 = ( GEOMETRIC_REPRESENTATION_CONTEXT(2) 
PARAMETRIC_REPRESENTATION_CONTEXT() REPRESENTATION_CONTEXT('2D SPACE',''
  ) );
#83 = ORIENTED_EDGE('',*,*,#84,.F.);
#84 = EDGE_CURVE('',#85,#57,#87,.T.);
#85 = VERTEX_POINT('',#86);
#86 = CARTESIAN_POINT('',(-1.E-02,12.801388888889,0.));
#87 = SURFACE_CURVE('',#88,(#92,#99),.PCURVE_S1.);
#88 = LINE('',#89,#90);
#89 = CARTESIAN_POINT('',(-1.E-02,12.801388888889,0.));
#90 = VECTOR('',#91,1.);
#91 = DIRECTION('',(1.,0.,-0.));
#92 = PCURVE('',#32,#93);
#93 = DEFINITIONAL_REPRESENTATION('',(#94),#98);
#94 = LINE('',#95,#96);
#95 = CARTESIAN_POINT('',(-1.E-02,12.801388888889));
#96 = VECTOR('',#97,1.);
#97 = DIRECTION('',(1.,0.));
#98 = ( GEOMETRIC_REPRESENTATION_CONTEXT(2) 
PARAMETRIC_REPRESENTATION_CONTEXT() REPRESENTATION_CONTEXT('2D SPACE',''
  ) );
#99 = PCURVE('',#100,#105);
#100 = PLANE('',#101);
#101 = AXIS2_PLACEMENT_3D('',#102,#103,#104);
#102 = CARTESIAN_POINT('',(-1.E-02,12.801388888889,0.));
#103 = DIRECTION('',(-0.,1.,0.));
#104 = DIRECTION('',(0.,0.,1.));
#105 = DEFINITIONAL_REPRESENTATION('',(#106),#110);
#106 = LINE('',#107,#108);
#107 = CARTESIAN_POINT('',(0.,0.));
#108 = VECTOR('',#109,1.);
#109 = DIRECTION('',(0.,1.));
#110 = ( GEOMETRIC_REPRESENTATION_CONTEXT(2) 
PARAMETRIC_REPRESENTATION_CONTEXT() REPRESENTATION_CONTEXT('2D SPACE',''
  ) );
#111 = ORIENTED_EDGE('',*,*,#112,.F.);
#112 = EDGE_CURVE('',#113,#85,#115,.T.);
#113 = VERTEX_POINT('',#114);
#114 = CARTESIAN_POINT('',(-1.000000000011E-02,11.999995833333,0.));
#115 = SURFACE_CURVE('',#116,(#120,#127),.PCURVE_S1.);
#116 = LINE('',#117,#118);
#117 = CARTESIAN_POINT('',(-1.E-02,-12.80138888888,0.));
#118 = VECTOR('',#119,1.);
#119 = DIRECTION('',(-0.,1.,0.));
#120 = PCURVE('',#32,#121);
#121 = DEFINITIONAL_REPRESENTATION('',(#122),#126);
#122 = LINE('',#123,#124);
#123 = CARTESIAN_POINT('',(-1.E-02,-12.80138888888));
#124 = VECTOR('',#125,1.);
#125 = DIRECTION('',(0.,1.));
#126 = ( GEOMETRIC_REPRESENTATION_CONTEXT(2) 
PARAMETRIC_REPRESENTATION_CONTEXT() REPRESENTATION_CONTEXT('2D SPACE',''
  ) );
#127 = PCURVE('',#128,#133);
#128 = PLANE('',#129);
#129 = AXIS2_PLACEMENT_3D('',#130,#131,#132);
#130 = CARTESIAN_POINT('',(-1.E-02,-12.80138888888,0.));
#131 = DIRECTION('',(1.,0.,-0.));
#132 = DIRECTION('',(0.,0.,1.));
#133 = DEFINITIONAL_REPRESENTATION('',(#134),#138);
#134 = LINE('',#135,#136);
#135 = CARTESIAN_POINT('',(0.,0.));
#136 = VECTOR('',#137,1.);
#137 = DIRECTION('',(0.,-1.));
#138 = ( GEOMETRIC_REPRESENTATION_CONTEXT(2) 
PARAMETRIC_REPRESENTATION_CONTEXT() REPRESENTATION_CONTEXT('2D SPACE',''
  ) );
#139 = ORIENTED_EDGE('',*,*,#140,.T.);
#140 = EDGE_CURVE('',#113,#141,#143,.T.);
#141 = VERTEX_POINT('',#142);
#142 = CARTESIAN_POINT('',(-1.00000000001E-02,-11.99999583333,0.));
#143 = SURFACE_CURVE('',#144,(#149,#156),.PCURVE_S1.);
#144 = CIRCLE('',#145,12.);
#145 = AXIS2_PLACEMENT_3D('',#146,#147,#148);
#146 = CARTESIAN_POINT('',(0.,0.,0.));
#147 = DIRECTION('',(0.,0.,1.));
#148 = DIRECTION('',(1.,0.,-0.));
#149 = PCURVE('',#32,#150);
#150 = DEFINITIONAL_REPRESENTATION('',(#151),#155);
#151 = CIRCLE('',#152,12.);
#152 = AXIS2_PLACEMENT_2D('',#153,#154);
#153 = CARTESIAN_POINT('',(0.,0.));
#154 = DIRECTION('',(1.,0.));
#155 = ( GEOMETRIC_REPRESENTATION_CONTEXT(2) 
PARAMETRIC_REPRESENTATION_CONTEXT() REPRESENTATION_CONTEXT('2D SPACE',''
  ) );
#156 = PCURVE('',#157,#162);
#157 = CYLINDRICAL_SURFACE('',#158,12.);
#158 = AXIS2_PLACEMENT_3D('',#159,#160,#161);
#159 = CARTESIAN_POINT('',(0.,0.,0.));
#160 = DIRECTION('',(0.,0.,1.));
#161 = DIRECTION('',(1.,0.,-0.));
#162 = DEFINITIONAL_REPRESENTATION('',(#163),#167);
#163 = LINE('',#164,#165);
#164 = CARTESIAN_POINT('',(0.,0.));
#165 = VECTOR('',#166,1.);
#166 = DIRECTION('',(1.,0.));
#167 = ( GEOMETRIC_REPRESENTATION_CONTEXT(2) 
PARAMETRIC_REPRESENTATION_CONTEXT() REPRESENTATION_CONTEXT('2D SPACE',''
  ) );
#168 = ORIENTED_EDGE('',*,*,#169,.F.);
#169 = EDGE_CURVE('',#170,#141,#172,.T.);
#170 = VERTEX_POINT('',#171);
#171 = CARTESIAN_POINT('',(-1.E-02,-12.80138888888,0.));
#172 = SURFACE_CURVE('',#173,(#177,#184),.PCURVE_S1.);
#173 = LINE('',#174,#175);
#174 = CARTESIAN_POINT('',(-1.E-02,-12.80138888888,0.));
#175 = VECTOR('',#176,1.);
#176 = DIRECTION('',(-0.,1.,0.));
#177 = PCURVE('',#32,#178);
#178 = DEFINITIONAL_REPRESENTATION('',(#179),#183);
#179 = LINE('',#180,#181);
#180 = CARTESIAN_POINT('',(-1.E-02,-12.80138888888));
#181 = VECTOR('',#182,1.);
#182 = DIRECTION('',(0.,1.));
#183 = ( GEOMETRIC_REPRESENTATION_CONTEXT(2) 
PARAMETRIC_REPRESENTATION_CONTEXT() REPRESENTATION_CONTEXT('2D SPACE',''
  ) );
#184 = PCURVE('',#185,#190);
#185 = PLANE('',#186);
#186 = AXIS2_PLACEMENT_3D('',#187,#188,#189);
#187 = CARTESIAN_POINT('',(-1.E-02,-12.80138888888,0.));
#188 = DIRECTION('',(1.,0.,-0.));
#189 = DIRECTION('',(0.,0.,1.));
#190 = DEFINITIONAL_REPRESENTATION('',(#191),#195);
#191 = LINE('',#192,#193);
#192 = CARTESIAN_POINT('',(0.,0.));
#193 = VECTOR('',#194,1.);
#194 = DIRECTION('',(0.,-1.));
#195 = ( GEOMETRIC_REPRESENTATION_CONTEXT(2) 
PARAMETRIC_REPRESENTATION_CONTEXT() REPRESENTATION_CONTEXT('2D SPACE',''
  ) );
#196 = ORIENTED_EDGE('',*,*,#197,.T.);
#197 = EDGE_CURVE('',#170,#198,#200,.T.);
#198 = VERTEX_POINT('',#199);
#199 = CARTESIAN_POINT('',(6.065555555556,-12.80138888888,0.));
#200 = SURFACE_CURVE('',#201,(#205,#212),.PCURVE_S1.);
#201 = LINE('',#202,#203);
#202 = CARTESIAN_POINT('',(-1.E-02,-12.80138888888,0.));
#203 = VECTOR('',#204,1.);
#204 = DIRECTION('',(1.,0.,-0.));
#205 = PCURVE('',#32,#206);
#206 = DEFINITIONAL_REPRESENTATION('',(#207),#211);
#207 = LINE('',#208,#209);
#208 = CARTESIAN_POINT('',(-1.E-02,-12.80138888888));
#209 = VECTOR('',#210,1.);
#210 = DIRECTION('',(1.,0.));
#211 = ( GEOMETRIC_REPRESENTATION_CONTEXT(2) 
PARAMETRIC_REPRESENTATION_CONTEXT() REPRESENTATION_CONTEXT('2D SPACE',''
  ) );
#212 = PCURVE('',#213,#218);
#213 = PLANE('',#214);
#214 = AXIS2_PLACEMENT_3D('',#215,#216,#217);
#215 = CARTESIAN_POINT('',(-1.E-02,-12.80138888888,0.));
#216 = DIRECTION('',(-0.,1.,0.));
#217 = DIRECTION('',(0.,0.,1.));
#218 = DEFINITIONAL_REPRESENTATION('',(#219),#223);
#219 = LINE('',#220,#221);
#220 = CARTESIAN_POINT('',(0.,0.));
#221 = VECTOR('',#222,1.);
#222 = DIRECTION('',(0.,1.));
#223 = ( GEOMETRIC_REPRESENTATION_CONTEXT(2) 
PARAMETRIC_REPRESENTATION_CONTEXT() REPRESENTATION_CONTEXT('2D SPACE',''
  ) );
#224 = ORIENTED_EDGE('',*,*,#225,.T.);
#225 = EDGE_CURVE('',#198,#226,#228,.T.);
#226 = VERTEX_POINT('',#227);
#227 = CARTESIAN_POINT('',(6.065555555556,-12.40416666666,0.));
#228 = SURFACE_CURVE('',#229,(#233,#240),.PCURVE_S1.);
#229 = LINE('',#230,#231);
#230 = CARTESIAN_POINT('',(6.065555555556,-12.80138888888,0.));
#231 = VECTOR('',#232,1.);
#232 = DIRECTION('',(-0.,1.,0.));
#233 = PCURVE('',#32,#234);
#234 = DEFINITIONAL_REPRESENTATION('',(#235),#239);
#235 = LINE('',#236,#237);
#236 = CARTESIAN_POINT('',(6.065555555556,-12.80138888888));
#237 = VECTOR('',#238,1.);
#238 = DIRECTION('',(0.,1.));
#239 = ( GEOMETRIC_REPRESENTATION_CONTEXT(2) 
PARAMETRIC_REPRESENTATION_CONTEXT() REPRESENTATION_CONTEXT('2D SPACE',''
  ) );
#240 = PCURVE('',#241,#246);
#241 = PLANE('',#242);
#242 = AXIS2_PLACEMENT_3D('',#243,#244,#245);
#243 = CARTESIAN_POINT('',(6.065555555556,-12.80138888888,0.));
#244 = DIRECTION('',(1.,0.,-0.));
#245 = DIRECTION('',(0.,0.,1.));
#246 = DEFINITIONAL_REPRESENTATION('',(#247),#251);
#247 = LINE('',#248,#249);
#248 = CARTESIAN_POINT('',(0.,0.));
#249 = VECTOR('',#250,1.);
#250 = DIRECTION('',(0.,-1.));
#251 = ( GEOMETRIC_REPRESENTATION_CONTEXT(2) 
PARAMETRIC_REPRESENTATION_CONTEXT() REPRESENTATION_CONTEXT('2D SPACE',''
  ) );
#252 = ORIENTED_EDGE('',*,*,#253,.T.);
#253 = EDGE_CURVE('',#226,#254,#256,.T.);
#254 = VERTEX_POINT('',#255);
#255 = CARTESIAN_POINT('',(12.121111111111,-12.40416666666,0.));
#256 = SURFACE_CURVE('',#257,(#261,#268),.PCURVE_S1.);
#257 = LINE('',#258,#259);
#258 = CARTESIAN_POINT('',(6.045555555556,-12.40416666666,0.));
#259 = VECTOR('',#260,1.);
#260 = DIRECTION('',(1.,0.,-0.));
#261 = PCURVE('',#32,#262);
#262 = DEFINITIONAL_REPRESENTATION('',(#263),#267);
#263 = LINE('',#264,#265);
#264 = CARTESIAN_POINT('',(6.045555555556,-12.40416666666));
#265 = VECTOR('',#266,1.);
#266 = DIRECTION('',(1.,0.));
#267 = ( GEOMETRIC_REPRESENTATION_CONTEXT(2) 
PARAMETRIC_REPRESENTATION_CONTEXT() REPRESENTATION_CONTEXT('2D SPACE',''
  ) );
#268 = PCURVE('',#269,#274);
#269 = PLANE('',#270);
#270 = AXIS2_PLACEMENT_3D('',#271,#272,#273);
#271 = CARTESIAN_POINT('',(6.045555555556,-12.40416666666,0.));
#272 = DIRECTION('',(-0.,1.,0.));
#273 = DIRECTION('',(0.,0.,1.));
#274 = DEFINITIONAL_REPRESENTATION('',(#275),#279);
#275 = LINE('',#276,#277);
#276 = CARTESIAN_POINT('',(0.,0.));
#277 = VECTOR('',#278,1.);
#278 = DIRECTION('',(0.,1.));
#279 = ( GEOMETRIC_REPRESENTATION_CONTEXT(2) 
PARAMETRIC_REPRESENTATION_CONTEXT() REPRESENTATION_CONTEXT('2D SPACE',''
  ) );
#280 = ORIENTED_EDGE('',*,*,#281,.T.);
#281 = EDGE_CURVE('',#254,#282,#284,.T.);
#282 = VERTEX_POINT('',#283);
#283 = CARTESIAN_POINT('',(12.121111111111,-12.00694444444,0.));
#284 = SURFACE_CURVE('',#285,(#289,#296),.PCURVE_S1.);
#285 = LINE('',#286,#287);
#286 = CARTESIAN_POINT('',(12.121111111111,-12.40416666666,0.));
#287 = VECTOR('',#288,1.);
#288 = DIRECTION('',(-0.,1.,0.));
#289 = PCURVE('',#32,#290);
#290 = DEFINITIONAL_REPRESENTATION('',(#291),#295);
#291 = LINE('',#292,#293);
#292 = CARTESIAN_POINT('',(12.121111111111,-12.40416666666));
#293 = VECTOR('',#294,1.);
#294 = DIRECTION('',(0.,1.));
#295 = ( GEOMETRIC_REPRESENTATION_CONTEXT(2) 
PARAMETRIC_REPRESENTATION_CONTEXT() REPRESENTATION_CONTEXT('2D SPACE',''
  ) );
#296 = PCURVE('',#297,#302);
#297 = PLANE('',#298);
#298 = AXIS2_PLACEMENT_3D('',#299,#300,#301);
#299 = CARTESIAN_POINT('',(12.121111111111,-12.40416666666,0.));
#300 = DIRECTION('',(1.,0.,-0.));
#301 = DIRECTION('',(0.,0.,1.));
#302 = DEFINITIONAL_REPRESENTATION('',(#303),#307);
#303 = LINE('',#304,#305);
#304 = CARTESIAN_POINT('',(0.,0.));
#305 = VECTOR('',#306,1.);
#306 = DIRECTION('',(0.,-1.));
#307 = ( GEOMETRIC_REPRESENTATION_CONTEXT(2) 
PARAMETRIC_REPRESENTATION_CONTEXT() REPRESENTATION_CONTEXT('2D SPACE',''
  ) );
#308 = ORIENTED_EDGE('',*,*,#309,.T.);
#309 = EDGE_CURVE('',#282,#310,#312,.T.);
#310 = VERTEX_POINT('',#311);
#311 = CARTESIAN_POINT('',(18.176666666667,-12.00694444444,0.));
#312 = SURFACE_CURVE('',#313,(#317,#324),.PCURVE_S1.);
#313 = LINE('',#314,#315);
#314 = CARTESIAN_POINT('',(12.101111111111,-12.00694444444,0.));
#315 = VECTOR('',#316,1.);
#316 = DIRECTION('',(1.,0.,-0.));
#317 = PCURVE('',#32,#318);
#318 = DEFINITIONAL_REPRESENTATION('',(#319),#323);
#319 = LINE('',#320,#321);
#320 = CARTESIAN_POINT('',(12.101111111111,-12.00694444444));
#321 = VECTOR('',#322,1.);
#322 = DIRECTION('',(1.,0.));
#323 = ( GEOMETRIC_REPRESENTATION_CONTEXT(2) 
PARAMETRIC_REPRESENTATION_CONTEXT() REPRESENTATION_CONTEXT('2D SPACE',''
  ) );
#324 = PCURVE('',#325,#330);
#325 = PLANE('',#326);
#326 = AXIS2_PLACEMENT_3D('',#327,#328,#329);
#327 = CARTESIAN_POINT('',(12.101111111111,-12.00694444444,0.));
#328 = DIRECTION('',(-0.,1.,0.));
#329 = DIRECTION('',(0.,0.,1.));
#330 = DEFINITIONAL_REPRESENTATION('',(#331),#335);
#331 = LINE('',#332,#333);
#332 = CARTESIAN_POINT('',(0.,0.));
#333 = VECTOR('',#334,1.);
#334 = DIRECTION('',(0.,1.));
#335 = ( GEOMETRIC_REPRESENTATION_CONTEXT(2) 
PARAMETRIC_REPRESENTATION_CONTEXT() REPRESENTATION_CONTEXT('2D SPACE',''
  ) );
#336 = ORIENTED_EDGE('',*,*,#337,.T.);
#337 = EDGE_CURVE('',#310,#338,#340,.T.);
#338 = VERTEX_POINT('',#339);
#339 = CARTESIAN_POINT('',(18.176666666667,-11.60972222222,0.));
#340 = SURFACE_CURVE('',#341,(#345,#352),.PCURVE_S1.);
#341 = LINE('',#342,#343);
#342 = CARTESIAN_POINT('',(18.176666666667,-12.00694444444,0.));
#343 = VECTOR('',#344,1.);
#344 = DIRECTION('',(-0.,1.,0.));
#345 = PCURVE('',#32,#346);
#346 = DEFINITIONAL_REPRESENTATION('',(#347),#351);
#347 = LINE('',#348,#349);
#348 = CARTESIAN_POINT('',(18.176666666667,-12.00694444444));
#349 = VECTOR('',#350,1.);
#350 = DIRECTION('',(0.,1.));
#351 = ( GEOMETRIC_REPRESENTATION_CONTEXT(2) 
PARAMETRIC_REPRESENTATION_CONTEXT() REPRESENTATION_CONTEXT('2D SPACE',''
  ) );
#352 = PCURVE('',#353,#358);
#353 = PLANE('',#354);
#354 = AXIS2_PLACEMENT_3D('',#355,#356,#357);
#355 = CARTESIAN_POINT('',(18.176666666667,-12.00694444444,0.));
#356 = DIRECTION('',(1.,0.,-0.));
#357 = DIRECTION('',(0.,0.,1.));
#358 = DEFINITIONAL_REPRESENTATION('',(#359),#363);
#359 = LINE('',#360,#361);
#360 = CARTESIAN_POINT('',(0.,0.));
#361 = VECTOR('',#362,1.);
#362 = DIRECTION('',(0.,-1.));
#363 = ( GEOMETRIC_REPRESENTATION_CONTEXT(2) 
PARAMETRIC_REPRESENTATION_CONTEXT() REPRESENTATION_CONTEXT('2D SPACE',''
  ) );
#364 = ORIENTED_EDGE('',*,*,#365,.T.);
#365 = EDGE_CURVE('',#338,#366,#368,.T.);
#366 = VERTEX_POINT('',#367);
#367 = CARTESIAN_POINT('',(24.232222222222,-11.60972222222,0.));
#368 = SURFACE_CURVE('',#369,(#373,#380),.PCURVE_S1.);
#369 = LINE('',#370,#371);
#370 = CARTESIAN_POINT('',(18.156666666667,-11.60972222222,0.));
#371 = VECTOR('',#372,1.);
#372 = DIRECTION('',(1.,0.,-0.));
#373 = PCURVE('',#32,#374);
#374 = DEFINITIONAL_REPRESENTATION('',(#375),#379);
#375 = LINE('',#376,#377);
#376 = CARTESIAN_POINT('',(18.156666666667,-11.60972222222));
#377 = VECTOR('',#378,1.);
#378 = DIRECTION('',(1.,0.));
#379 = ( GEOMETRIC_REPRESENTATION_CONTEXT(2) 
PARAMETRIC_REPRESENTATION_CONTEXT() REPRESENTATION_CONTEXT('2D SPACE',''
  ) );
#380 = PCURVE('',#381,#386);
#381 = PLANE('',#382);
#382 = AXIS2_PLACEMENT_3D('',#383,#384,#385);
#383 = CARTESIAN_POINT('',(18.156666666667,-11.60972222222,0.));
#384 = DIRECTION('',(-0.,1.,0.));
#385 = DIRECTION('',(0.,0.,1.));
#386 = DEFINITIONAL_REPRESENTATION('',(#387),#391);
#387 = LINE('',#388,#389);
#388 = CARTESIAN_POINT('',(0.,0.));
#389 = VECTOR('',#390,1.);
#390 = DIRECTION('',(0.,1.));
#391 = ( GEOMETRIC_REPRESENTATION_CONTEXT(2) 
PARAMETRIC_REPRESENTATION_CONTEXT() REPRESENTATION_CONTEXT('2D SPACE',''
  ) );
#392 = ORIENTED_EDGE('',*,*,#393,.T.);
#393 = EDGE_CURVE('',#366,#394,#396,.T.);
#394 = VERTEX_POINT('',#395);
#395 = CARTESIAN_POINT('',(24.232222222222,-11.2125,0.));
#396 = SURFACE_CURVE('',#397,(#401,#408),.PCURVE_S1.);
#397 = LINE('',#398,#399);
#398 = CARTESIAN_POINT('',(24.232222222222,-11.60972222222,0.));
#399 = VECTOR('',#400,1.);
#400 = DIRECTION('',(-0.,1.,0.));
#401 = PCURVE('',#32,#402);
#402 = DEFINITIONAL_REPRESENTATION('',(#403),#407);
#403 = LINE('',#404,#405);
#404 = CARTESIAN_POINT('',(24.232222222222,-11.60972222222));
#405 = VECTOR('',#406,1.);
#406 = DIRECTION('',(0.,1.));
#407 = ( GEOMETRIC_REPRESENTATION_CONTEXT(2) 
PARAMETRIC_REPRESENTATION_CONTEXT() REPRESENTATION_CONTEXT('2D SPACE',''
  ) );
#408 = PCURVE('',#409,#414);
#409 = PLANE('',#410);
#410 = AXIS2_PLACEMENT_3D('',#411,#412,#413);
#411 = CARTESIAN_POINT('',(24.232222222222,-11.60972222222,0.));
#412 = DIRECTION('',(1.,0.,-0.));
#413 = DIRECTION('',(0.,0.,1.));
#414 = DEFINITIONAL_REPRESENTATION('',(#415),#419);
#415 = LINE('',#416,#417);
#416 = CARTESIAN_POINT('',(0.,0.));
#417 = VECTOR('',#418,1.);
#418 = DIRECTION('',(0.,-1.));
#419 = ( GEOMETRIC_REPRESENTATION_CONTEXT(2) 
PARAMETRIC_REPRESENTATION_CONTEXT() REPRESENTATION_CONTEXT('2D SPACE',''
  ) );
#420 = ORIENTED_EDGE('',*,*,#421,.T.);
#421 = EDGE_CURVE('',#394,#422,#424,.T.);
#422 = VERTEX_POINT('',#423);
#423 = CARTESIAN_POINT('',(30.287777777778,-11.2125,0.));
#424 = SURFACE_CURVE('',#425,(#429,#436),.PCURVE_S1.);
#425 = LINE('',#426,#427);
#426 = CARTESIAN_POINT('',(24.212222222222,-11.2125,0.));
#427 = VECTOR('',#428,1.);
#428 = DIRECTION('',(1.,0.,-0.));
#429 = PCURVE('',#32,#430);
#430 = DEFINITIONAL_REPRESENTATION('',(#431),#435);
#431 = LINE('',#432,#433);
#432 = CARTESIAN_POINT('',(24.212222222222,-11.2125));
#433 = VECTOR('',#434,1.);
#434 = DIRECTION('',(1.,0.));
#435 = ( GEOMETRIC_REPRESENTATION_CONTEXT(2) 
PARAMETRIC_REPRESENTATION_CONTEXT() REPRESENTATION_CONTEXT('2D SPACE',''
  ) );
#436 = PCURVE('',#437,#442);
#437 = PLANE('',#438);
#438 = AXIS2_PLACEMENT_3D('',#439,#440,#441);
#439 = CARTESIAN_POINT('',(24.212222222222,-11.2125,0.));
#440 = DIRECTION('',(-0.,1.,0.));
#441 = DIRECTION('',(0.,0.,1.));
#442 = DEFINITIONAL_REPRESENTATION('',(#443),#447);
#443 = LINE('',#444,#445);
#444 = CARTESIAN_POINT('',(0.,0.));
#445 = VECTOR('',#446,1.);
#446 = DIRECTION('',(0.,1.));
#447 = ( GEOMETRIC_REPRESENTATION_CONTEXT(2) 
PARAMETRIC_REPRESENTATION_CONTEXT() REPRESENTATION_CONTEXT('2D SPACE',''
  ) );
#448 = ORIENTED_EDGE('',*,*,#449,.T.);
#449 = EDGE_CURVE('',#422,#450,#452,.T.);
#450 = VERTEX_POINT('',#451);
#451 = CARTESIAN_POINT('',(30.287777777778,-10.81527777777,0.));
#452 = SURFACE_CURVE('',#453,(#457,#464),.PCURVE_S1.);
#453 = LINE('',#454,#455);
#454 = CARTESIAN_POINT('',(30.287777777778,-11.2125,0.));
#455 = VECTOR('',#456,1.);
#456 = DIRECTION('',(-0.,1.,0.));
#457 = PCURVE('',#32,#458);
#458 = DEFINITIONAL_REPRESENTATION('',(#459),#463);
#459 = LINE('',#460,#461);
#460 = CARTESIAN_POINT('',(30.287777777778,-11.2125));
#461 = VECTOR('',#462,1.);
#462 = DIRECTION('',(0.,1.));
#463 = ( GEOMETRIC_REPRESENTATION_CONTEXT(2) 
PARAMETRIC_REPRESENTATION_CONTEXT() REPRESENTATION_CONTEXT('2D SPACE',''
  ) );
#464 = PCURVE('',#465,#470);
#465 = PLANE('',#466);
#466 = AXIS2_PLACEMENT_3D('',#467,#468,#469);
#467 = CARTESIAN_POINT('',(30.287777777778,-11.2125,0.));
#468 = DIRECTION('',(1.,0.,-0.));
#469 = DIRECTION('',(0.,0.,1.));
#470 = DEFINITIONAL_REPRESENTATION('',(#471),#475);
#471 = LINE('',#472,#473);
#472 = CARTESIAN_POINT('',(0.,0.));
#473 = VECTOR('',#474,1.);
#474 = DIRECTION('',(0.,-1.));
#475 = ( GEOMETRIC_REPRESENTATION_CONTEXT(2) 
PARAMETRIC_REPRESENTATION_CONTEXT() REPRESENTATION_CONTEXT('2D SPACE',''
  ) );
#476 = ORIENTED_EDGE('',*,*,#477,.T.);
#477 = EDGE_CURVE('',#450,#478,#480,.T.);
#478 = VERTEX_POINT('',#479);
#479 = CARTESIAN_POINT('',(36.343333333333,-10.81527777777,0.));
#480 = SURFACE_CURVE('',#481,(#485,#492),.PCURVE_S1.);
#481 = LINE('',#482,#483);
#482 = CARTESIAN_POINT('',(30.267777777778,-10.81527777777,0.));
#483 = VECTOR('',#484,1.);
#484 = DIRECTION('',(1.,0.,-0.));
#485 = PCURVE('',#32,#486);
#486 = DEFINITIONAL_REPRESENTATION('',(#487),#491);
#487 = LINE('',#488,#489);
#488 = CARTESIAN_POINT('',(30.267777777778,-10.81527777777));
#489 = VECTOR('',#490,1.);
#490 = DIRECTION('',(1.,0.));
#491 = ( GEOMETRIC_REPRESENTATION_CONTEXT(2) 
PARAMETRIC_REPRESENTATION_CONTEXT() REPRESENTATION_CONTEXT('2D SPACE',''
  ) );
#492 = PCURVE('',#493,#498);
#493 = PLANE('',#494);
#494 = AXIS2_PLACEMENT_3D('',#495,#496,#497);
#495 = CARTESIAN_POINT('',(30.267777777778,-10.81527777777,0.));
#496 = DIRECTION('',(-0.,1.,0.));
#497 = DIRECTION('',(0.,0.,1.));
#498 = DEFINITIONAL_REPRESENTATION('',(#499),#503);
#499 = LINE('',#500,#501);
#500 = CARTESIAN_POINT('',(0.,0.));
#501 = VECTOR('',#502,1.);
#502 = DIRECTION('',(0.,1.));
#503 = ( GEOMETRIC_REPRESENTATION_CONTEXT(2) 
PARAMETRIC_REPRESENTATION_CONTEXT() REPRESENTATION_CONTEXT('2D SPACE',''
  ) );
#504 = ORIENTED_EDGE('',*,*,#505,.T.);
#505 = EDGE_CURVE('',#478,#506,#508,.T.);
#506 = VERTEX_POINT('',#507);
#507 = CARTESIAN_POINT('',(36.343333333333,-10.41805555555,0.));
#508 = SURFACE_CURVE('',#509,(#513,#520),.PCURVE_S1.);
#509 = LINE('',#510,#511);
#510 = CARTESIAN_POINT('',(36.343333333333,-10.81527777777,0.));
#511 = VECTOR('',#512,1.);
#512 = DIRECTION('',(-0.,1.,0.));
#513 = PCURVE('',#32,#514);
#514 = DEFINITIONAL_REPRESENTATION('',(#515),#519);
#515 = LINE('',#516,#517);
#516 = CARTESIAN_POINT('',(36.343333333333,-10.81527777777));
#517 = VECTOR('',#518,1.);
#518 = DIRECTION('',(0.,1.));
#519 = ( GEOMETRIC_REPRESENTATION_CONTEXT(2) 
PARAMETRIC_REPRESENTATION_CONTEXT() REPRESENTATION_CONTEXT('2D SPACE',''
  ) );
#520 = PCURVE('',#521,#526);
#521 = PLANE('',#522);
#522 = AXIS2_PLACEMENT_3D('',#523,#524,#525);
#523 = CARTESIAN_POINT('',(36.343333333333,-10.81527777777,0.));
#524 = DIRECTION('',(1.,0.,-0.));
#525 = DIRECTION('',(0.,0.,1.));
#526 = DEFINITIONAL_REPRESENTATION('',(#527),#531);
#527 = LINE('',#528,#529);
#528 = CARTESIAN_POINT('',(0.,0.));
#529 = VECTOR('',#530,1.);
#530 = DIRECTION('',(0.,-1.));
#531 = ( GEOMETRIC_REPRESENTATION_CONTEXT(2) 
PARAMETRIC_REPRESENTATION_CONTEXT() REPRESENTATION_CONTEXT('2D SPACE',''
  ) );
#532 = ORIENTED_EDGE('',*,*,#533,.T.);
#533 = EDGE_CURVE('',#506,#534,#536,.T.);
#534 = VERTEX_POINT('',#535);
#535 = CARTESIAN_POINT('',(42.398888888889,-10.41805555555,0.));
#536 = SURFACE_CURVE('',#537,(#541,#548),.PCURVE_S1.);
#537 = LINE('',#538,#539);
#538 = CARTESIAN_POINT('',(36.323333333333,-10.41805555555,0.));
#539 = VECTOR('',#540,1.);
#540 = DIRECTION('',(1.,0.,-0.));
#541 = PCURVE('',#32,#542);
#542 = DEFINITIONAL_REPRESENTATION('',(#543),#547);
#543 = LINE('',#544,#545);
#544 = CARTESIAN_POINT('',(36.323333333333,-10.41805555555));
#545 = VECTOR('',#546,1.);
#546 = DIRECTION('',(1.,0.));
#547 = ( GEOMETRIC_REPRESENTATION_CONTEXT(2) 
PARAMETRIC_REPRESENTATION_CONTEXT() REPRESENTATION_CONTEXT('2D SPACE',''
  ) );
#548 = PCURVE('',#549,#554);
#549 = PLANE('',#550);
#550 = AXIS2_PLACEMENT_3D('',#551,#552,#553);
#551 = CARTESIAN_POINT('',(36.323333333333,-10.41805555555,0.));
#552 = DIRECTION('',(-0.,1.,0.));
#553 = DIRECTION('',(0.,0.,1.));
#554 = DEFINITIONAL_REPRESENTATION('',(#555),#559);
#555 = LINE('',#556,#557);
#556 = CARTESIAN_POINT('',(0.,0.));
#557 = VECTOR('',#558,1.);
#558 = DIRECTION('',(0.,1.));
#559 = ( GEOMETRIC_REPRESENTATION_CONTEXT(2) 
PARAMETRIC_REPRESENTATION_CONTEXT() REPRESENTATION_CONTEXT('2D SPACE',''
  ) );
#560 = ORIENTED_EDGE('',*,*,#561,.T.);
#561 = EDGE_CURVE('',#534,#562,#564,.T.);
#562 = VERTEX_POINT('',#563);
#563 = CARTESIAN_POINT('',(42.398888888889,-10.02083333333,0.));
#564 = SURFACE_CURVE('',#565,(#569,#576),.PCURVE_S1.);
#565 = LINE('',#566,#567);
#566 = CARTESIAN_POINT('',(42.398888888889,-10.41805555555,0.));
#567 = VECTOR('',#568,1.);
#568 = DIRECTION('',(-0.,1.,0.));
#569 = PCURVE('',#32,#570);
#570 = DEFINITIONAL_REPRESENTATION('',(#571),#575);
#571 = LINE('',#572,#573);
#572 = CARTESIAN_POINT('',(42.398888888889,-10.41805555555));
#573 = VECTOR('',#574,1.);
#574 = DIRECTION('',(0.,1.));
#575 = ( GEOMETRIC_REPRESENTATION_CONTEXT(2) 
PARAMETRIC_REPRESENTATION_CONTEXT() REPRESENTATION_CONTEXT('2D SPACE',''
  ) );
#576 = PCURVE('',#577,#582);
#577 = PLANE('',#578);
#578 = AXIS2_PLACEMENT_3D('',#579,#580,#581);
#579 = CARTESIAN_POINT('',(42.398888888889,-10.41805555555,0.));
#580 = DIRECTION('',(1.,0.,-0.));
#581 = DIRECTION('',(0.,0.,1.));
#582 = DEFINITIONAL_REPRESENTATION('',(#583),#587);
#583 = LINE('',#584,#585);
#584 = CARTESIAN_POINT('',(0.,0.));
#585 = VECTOR('',#586,1.);
#586 = DIRECTION('',(0.,-1.));
#587 = ( GEOMETRIC_REPRESENTATION_CONTEXT(2) 
PARAMETRIC_REPRESENTATION_CONTEXT() REPRESENTATION_CONTEXT('2D SPACE',''
  ) );
#588 = ORIENTED_EDGE('',*,*,#589,.T.);
#589 = EDGE_CURVE('',#562,#590,#592,.T.);
#590 = VERTEX_POINT('',#591);
#591 = CARTESIAN_POINT('',(48.454444444444,-10.02083333333,0.));
#592 = SURFACE_CURVE('',#593,(#597,#604),.PCURVE_S1.);
#593 = LINE('',#594,#595);
#594 = CARTESIAN_POINT('',(42.378888888889,-10.02083333333,0.));
#595 = VECTOR('',#596,1.);
#596 = DIRECTION('',(1.,0.,-0.));
#597 = PCURVE('',#32,#598);
#598 = DEFINITIONAL_REPRESENTATION('',(#599),#603);
#599 = LINE('',#600,#601);
#600 = CARTESIAN_POINT('',(42.378888888889,-10.02083333333));
#601 = VECTOR('',#602,1.);
#602 = DIRECTION('',(1.,0.));
#603 = ( GEOMETRIC_REPRESENTATION_CONTEXT(2) 
PARAMETRIC_REPRESENTATION_CONTEXT() REPRESENTATION_CONTEXT('2D SPACE',''
  ) );
#604 = PCURVE('',#605,#610);
#605 = PLANE('',#606);
#606 = AXIS2_PLACEMENT_3D('',#607,#608,#609);
#607 = CARTESIAN_POINT('',(42.378888888889,-10.02083333333,0.));
#608 = DIRECTION('',(-0.,1.,0.));
#609 = DIRECTION('',(0.,0.,1.));
#610 = DEFINITIONAL_REPRESENTATION('',(#611),#615);
#611 = LINE('',#612,#613);
#612 = CARTESIAN_POINT('',(0.,0.));
#613 = VECTOR('',#614,1.);
#614 = DIRECTION('',(0.,1.));
#615 = ( GEOMETRIC_REPRESENTATION_CONTEXT(2) 
PARAMETRIC_REPRESENTATION_CONTEXT() REPRESENTATION_CONTEXT('2D SPACE',''
  ) );
#616 = ORIENTED_EDGE('',*,*,#617,.T.);
#617 = EDGE_CURVE('',#590,#618,#620,.T.);
#618 = VERTEX_POINT('',#619);
#619 = CARTESIAN_POINT('',(48.454444444444,-9.623611111111,0.));
#620 = SURFACE_CURVE('',#621,(#625,#632),.PCURVE_S1.);
#621 = LINE('',#622,#623);
#622 = CARTESIAN_POINT('',(48.454444444444,-10.02083333333,0.));
#623 = VECTOR('',#624,1.);
#624 = DIRECTION('',(-0.,1.,0.));
#625 = PCURVE('',#32,#626);
#626 = DEFINITIONAL_REPRESENTATION('',(#627),#631);
#627 = LINE('',#628,#629);
#628 = CARTESIAN_POINT('',(48.454444444444,-10.02083333333));
#629 = VECTOR('',#630,1.);
#630 = DIRECTION('',(0.,1.));
#631 = ( GEOMETRIC_REPRESENTATION_CONTEXT(2) 
PARAMETRIC_REPRESENTATION_CONTEXT() REPRESENTATION_CONTEXT('2D SPACE',''
  ) );
#632 = PCURVE('',#633,#638);
#633 = PLANE('',#634);
#634 = AXIS2_PLACEMENT_3D('',#635,#636,#637);
#635 = CARTESIAN_POINT('',(48.454444444444,-10.02083333333,0.));
#636 = DIRECTION('',(1.,0.,-0.));
#637 = DIRECTION('',(0.,0.,1.));
#638 = DEFINITIONAL_REPRESENTATION('',(#639),#643);
#639 = LINE('',#640,#641);
#640 = CARTESIAN_POINT('',(0.,0.));
#641 = VECTOR('',#642,1.);
#642 = DIRECTION('',(0.,-1.));
#643 = ( GEOMETRIC_REPRESENTATION_CONTEXT(2) 
PARAMETRIC_REPRESENTATION_CONTEXT() REPRESENTATION_CONTEXT('2D SPACE',''
  ) );
#644 = ORIENTED_EDGE('',*,*,#645,.T.);
#645 = EDGE_CURVE('',#618,#646,#648,.T.);
#646 = VERTEX_POINT('',#647);
#647 = CARTESIAN_POINT('',(54.51,-9.623611111111,0.));
#648 = SURFACE_CURVE('',#649,(#653,#660),.PCURVE_S1.);
#649 = LINE('',#650,#651);
#650 = CARTESIAN_POINT('',(48.434444444444,-9.623611111111,0.));
#651 = VECTOR('',#652,1.);
#652 = DIRECTION('',(1.,0.,-0.));
#653 = PCURVE('',#32,#654);
#654 = DEFINITIONAL_REPRESENTATION('',(#655),#659);
#655 = LINE('',#656,#657);
#656 = CARTESIAN_POINT('',(48.434444444444,-9.623611111111));
#657 = VECTOR('',#658,1.);
#658 = DIRECTION('',(1.,0.));
#659 = ( GEOMETRIC_REPRESENTATION_CONTEXT(2) 
PARAMETRIC_REPRESENTATION_CONTEXT() REPRESENTATION_CONTEXT('2D SPACE',''
  ) );
#660 = PCURVE('',#661,#666);
#661 = PLANE('',#662);
#662 = AXIS2_PLACEMENT_3D('',#663,#664,#665);
#663 = CARTESIAN_POINT('',(48.434444444444,-9.623611111111,0.));
#664 = DIRECTION('',(-0.,1.,0.));
#665 = DIRECTION('',(0.,0.,1.));
#666 = DEFINITIONAL_REPRESENTATION('',(#667),#671);
#667 = LINE('',#668,#669);
#668 = CARTESIAN_POINT('',(0.,0.));
#669 = VECTOR('',#670,1.);
#670 = DIRECTION('',(0.,1.));
#671 = ( GEOMETRIC_REPRESENTATION_CONTEXT(2) 
PARAMETRIC_REPRESENTATION_CONTEXT() REPRESENTATION_CONTEXT('2D SPACE',''
  ) );
#672 = ORIENTED_EDGE('',*,*,#673,.T.);
#673 = EDGE_CURVE('',#646,#674,#676,.T.);
#674 = VERTEX_POINT('',#675);
#675 = CARTESIAN_POINT('',(54.51,-9.226388888889,0.));
#676 = SURFACE_CURVE('',#677,(#681,#688),.PCURVE_S1.);
#677 = LINE('',#678,#679);
#678 = CARTESIAN_POINT('',(54.51,-9.623611111111,0.));
#679 = VECTOR('',#680,1.);
#680 = DIRECTION('',(-0.,1.,0.));
#681 = PCURVE('',#32,#682);
#682 = DEFINITIONAL_REPRESENTATION('',(#683),#687);
#683 = LINE('',#684,#685);
#684 = CARTESIAN_POINT('',(54.51,-9.623611111111));
#685 = VECTOR('',#686,1.);
#686 = DIRECTION('',(0.,1.));
#687 = ( GEOMETRIC_REPRESENTATION_CONTEXT(2) 
PARAMETRIC_REPRESENTATION_CONTEXT() REPRESENTATION_CONTEXT('2D SPACE',''
  ) );
#688 = PCURVE('',#689,#694);
#689 = PLANE('',#690);
#690 = AXIS2_PLACEMENT_3D('',#691,#692,#693);
#691 = CARTESIAN_POINT('',(54.51,-9.623611111111,0.));
#692 = DIRECTION('',(1.,0.,-0.));
#693 = DIRECTION('',(0.,0.,1.));
#694 = DEFINITIONAL_REPRESENTATION('',(#695),#699);
#695 = LINE('',#696,#697);
#696 = CARTESIAN_POINT('',(0.,0.));
#697 = VECTOR('',#698,1.);
#698 = DIRECTION('',(0.,-1.));
#699 = ( GEOMETRIC_REPRESENTATION_CONTEXT(2) 
PARAMETRIC_REPRESENTATION_CONTEXT() REPRESENTATION_CONTEXT('2D SPACE',''
  ) );
#700 = ORIENTED_EDGE('',*,*,#701,.T.);
#701 = EDGE_CURVE('',#674,#702,#704,.T.);
#702 = VERTEX_POINT('',#703);
#703 = CARTESIAN_POINT('',(60.565555555556,-9.226388888889,0.));
#704 = SURFACE_CURVE('',#705,(#709,#716),.PCURVE_S1.);
#705 = LINE('',#706,#707);
#706 = CARTESIAN_POINT('',(54.49,-9.226388888889,0.));
#707 = VECTOR('',#708,1.);
#708 = DIRECTION('',(1.,0.,-0.));
#709 = PCURVE('',#32,#710);
#710 = DEFINITIONAL_REPRESENTATION('',(#711),#715);
#711 = LINE('',#712,#713);
#712 = CARTESIAN_POINT('',(54.49,-9.226388888889));
#713 = VECTOR('',#714,1.);
#714 = DIRECTION('',(1.,0.));
#715 = ( GEOMETRIC_REPRESENTATION_CONTEXT(2) 
PARAMETRIC_REPRESENTATION_CONTEXT() REPRESENTATION_CONTEXT('2D SPACE',''
  ) );
#716 = PCURVE('',#717,#722);
#717 = PLANE('',#718);
#718 = AXIS2_PLACEMENT_3D('',#719,#720,#721);
#719 = CARTESIAN_POINT('',(54.49,-9.226388888889,0.));
#720 = DIRECTION('',(-0.,1.,0.));
#721 = DIRECTION('',(0.,0.,1.));
#722 = DEFINITIONAL_REPRESENTATION('',(#723),#727);
#723 = LINE('',#724,#725);
#724 = CARTESIAN_POINT('',(0.,0.));
#725 = VECTOR('',#726,1.);
#726 = DIRECTION('',(0.,1.));
#727 = ( GEOMETRIC_REPRESENTATION_CONTEXT(2) 
PARAMETRIC_REPRESENTATION_CONTEXT() REPRESENTATION_CONTEXT('2D SPACE',''
  ) );
#728 = ORIENTED_EDGE('',*,*,#729,.T.);
#729 = EDGE_CURVE('',#702,#730,#732,.T.);
#730 = VERTEX_POINT('',#731);
#731 = CARTESIAN_POINT('',(60.565555555556,-8.829166666667,0.));
#732 = SURFACE_CURVE('',#733,(#737,#744),.PCURVE_S1.);
#733 = LINE('',#734,#735);
#734 = CARTESIAN_POINT('',(60.565555555556,-9.226388888889,0.));
#735 = VECTOR('',#736,1.);
#736 = DIRECTION('',(-0.,1.,0.));
#737 = PCURVE('',#32,#738);
#738 = DEFINITIONAL_REPRESENTATION('',(#739),#743);
#739 = LINE('',#740,#741);
#740 = CARTESIAN_POINT('',(60.565555555556,-9.226388888889));
#741 = VECTOR('',#742,1.);
#742 = DIRECTION('',(0.,1.));
#743 = ( GEOMETRIC_REPRESENTATION_CONTEXT(2) 
PARAMETRIC_REPRESENTATION_CONTEXT() REPRESENTATION_CONTEXT('2D SPACE',''
  ) );
#744 = PCURVE('',#745,#750);
#745 = PLANE('',#746);
#746 = AXIS2_PLACEMENT_3D('',#747,#748,#749);
#747 = CARTESIAN_POINT('',(60.565555555556,-9.226388888889,0.));
#748 = DIRECTION('',(1.,0.,-0.));
#749 = DIRECTION('',(0.,0.,1.));
#750 = DEFINITIONAL_REPRESENTATION('',(#751),#755);
#751 = LINE('',#752,#753);
#752 = CARTESIAN_POINT('',(0.,0.));
#753 = VECTOR('',#754,1.);
#754 = DIRECTION('',(0.,-1.));
#755 = ( GEOMETRIC_REPRESENTATION_CONTEXT(2) 
PARAMETRIC_REPRESENTATION_CONTEXT() REPRESENTATION_CONTEXT('2D SPACE',''
  ) );
#756 = ORIENTED_EDGE('',*,*,#757,.T.);
#757 = EDGE_CURVE('',#730,#758,#760,.T.);
#758 = VERTEX_POINT('',#759);
#759 = CARTESIAN_POINT('',(66.621111111111,-8.829166666667,0.));
#760 = SURFACE_CURVE('',#761,(#765,#772),.PCURVE_S1.);
#761 = LINE('',#762,#763);
#762 = CARTESIAN_POINT('',(60.545555555556,-8.829166666667,0.));
#763 = VECTOR('',#764,1.);
#764 = DIRECTION('',(1.,0.,-0.));
#765 = PCURVE('',#32,#766);
#766 = DEFINITIONAL_REPRESENTATION('',(#767),#771);
#767 = LINE('',#768,#769);
#768 = CARTESIAN_POINT('',(60.545555555556,-8.829166666667));
#769 = VECTOR('',#770,1.);
#770 = DIRECTION('',(1.,0.));
#771 = ( GEOMETRIC_REPRESENTATION_CONTEXT(2) 
PARAMETRIC_REPRESENTATION_CONTEXT() REPRESENTATION_CONTEXT('2D SPACE',''
  ) );
#772 = PCURVE('',#773,#778);
#773 = PLANE('',#774);
#774 = AXIS2_PLACEMENT_3D('',#775,#776,#777);
#775 = CARTESIAN_POINT('',(60.545555555556,-8.829166666667,0.));
#776 = DIRECTION('',(-0.,1.,0.));
#777 = DIRECTION('',(0.,0.,1.));
#778 = DEFINITIONAL_REPRESENTATION('',(#779),#783);
#779 = LINE('',#780,#781);
#780 = CARTESIAN_POINT('',(0.,0.));
#781 = VECTOR('',#782,1.);
#782 = DIRECTION('',(0.,1.));
#783 = ( GEOMETRIC_REPRESENTATION_CONTEXT(2) 
PARAMETRIC_REPRESENTATION_CONTEXT() REPRESENTATION_CONTEXT('2D SPACE',''
  ) );
#784 = ORIENTED_EDGE('',*,*,#785,.T.);
#785 = EDGE_CURVE('',#758,#786,#788,.T.);
#786 = VERTEX_POINT('',#787);
#787 = CARTESIAN_POINT('',(66.621111111111,-8.431944444444,0.));
#788 = SURFACE_CURVE('',#789,(#793,#800),.PCURVE_S1.);
#789 = LINE('',#790,#791);
#790 = CARTESIAN_POINT('',(66.621111111111,-8.829166666667,0.));
#791 = VECTOR('',#792,1.);
#792 = DIRECTION('',(-0.,1.,0.));
#793 = PCURVE('',#32,#794);
#794 = DEFINITIONAL_REPRESENTATION('',(#795),#799);
#795 = LINE('',#796,#797);
#796 = CARTESIAN_POINT('',(66.621111111111,-8.829166666667));
#797 = VECTOR('',#798,1.);
#798 = DIRECTION('',(0.,1.));
#799 = ( GEOMETRIC_REPRESENTATION_CONTEXT(2) 
PARAMETRIC_REPRESENTATION_CONTEXT() REPRESENTATION_CONTEXT('2D SPACE',''
  ) );
#800 = PCURVE('',#801,#806);
#801 = PLANE('',#802);
#802 = AXIS2_PLACEMENT_3D('',#803,#804,#805);
#803 = CARTESIAN_POINT('',(66.621111111111,-8.829166666667,0.));
#804 = DIRECTION('',(1.,0.,-0.));
#805 = DIRECTION('',(0.,0.,1.));
#806 = DEFINITIONAL_REPRESENTATION('',(#807),#811);
#807 = LINE('',#808,#809);
#808 = CARTESIAN_POINT('',(0.,0.));
#809 = VECTOR('',#810,1.);
#810 = DIRECTION('',(0.,-1.));
#811 = ( GEOMETRIC_REPRESENTATION_CONTEXT(2) 
PARAMETRIC_REPRESENTATION_CONTEXT() REPRESENTATION_CONTEXT('2D SPACE',''
  ) );
#812 = ORIENTED_EDGE('',*,*,#813,.T.);
#813 = EDGE_CURVE('',#786,#814,#816,.T.);
#814 = VERTEX_POINT('',#815);
#815 = CARTESIAN_POINT('',(72.676666666667,-8.431944444444,0.));
#816 = SURFACE_CURVE('',#817,(#821,#828),.PCURVE_S1.);
#817 = LINE('',#818,#819);
#818 = CARTESIAN_POINT('',(66.601111111111,-8.431944444444,0.));
#819 = VECTOR('',#820,1.);
#820 = DIRECTION('',(1.,0.,-0.));
#821 = PCURVE('',#32,#822);
#822 = DEFINITIONAL_REPRESENTATION('',(#823),#827);
#823 = LINE('',#824,#825);
#824 = CARTESIAN_POINT('',(66.601111111111,-8.431944444444));
#825 = VECTOR('',#826,1.);
#826 = DIRECTION('',(1.,0.));
#827 = ( GEOMETRIC_REPRESENTATION_CONTEXT(2) 
PARAMETRIC_REPRESENTATION_CONTEXT() REPRESENTATION_CONTEXT('2D SPACE',''
  ) );
#828 = PCURVE('',#829,#834);
#829 = PLANE('',#830);
#830 = AXIS2_PLACEMENT_3D('',#831,#832,#833);
#831 = CARTESIAN_POINT('',(66.601111111111,-8.431944444444,0.));
#832 = DIRECTION('',(-0.,1.,0.));
#833 = DIRECTION('',(0.,0.,1.));
#834 = DEFINITIONAL_REPRESENTATION('',(#835),#839);
#835 = LINE('',#836,#837);
#836 = CARTESIAN_POINT('',(0.,0.));
#837 = VECTOR('',#838,1.);
#838 = DIRECTION('',(0.,1.));
#839 = ( GEOMETRIC_REPRESENTATION_CONTEXT(2) 
PARAMETRIC_REPRESENTATION_CONTEXT() REPRESENTATION_CONTEXT('2D SPACE',''
  ) );
#840 = ORIENTED_EDGE('',*,*,#841,.T.);
#841 = EDGE_CURVE('',#814,#842,#844,.T.);
#842 = VERTEX_POINT('',#843);
#843 = CARTESIAN_POINT('',(72.676666666667,-8.034722222222,0.));
#844 = SURFACE_CURVE('',#845,(#849,#856),.PCURVE_S1.);
#845 = LINE('',#846,#847);
#846 = CARTESIAN_POINT('',(72.676666666667,-8.431944444444,0.));
#847 = VECTOR('',#848,1.);
#848 = DIRECTION('',(-0.,1.,0.));
#849 = PCURVE('',#32,#850);
#850 = DEFINITIONAL_REPRESENTATION('',(#851),#855);
#851 = LINE('',#852,#853);
#852 = CARTESIAN_POINT('',(72.676666666667,-8.431944444444));
#853 = VECTOR('',#854,1.);
#854 = DIRECTION('',(0.,1.));
#855 = ( GEOMETRIC_REPRESENTATION_CONTEXT(2) 
PARAMETRIC_REPRESENTATION_CONTEXT() REPRESENTATION_CONTEXT('2D SPACE',''
  ) );
#856 = PCURVE('',#857,#862);
#857 = PLANE('',#858);
#858 = AXIS2_PLACEMENT_3D('',#859,#860,#861);
#859 = CARTESIAN_POINT('',(72.676666666667,-8.431944444444,0.));
#860 = DIRECTION('',(1.,0.,-0.));
#861 = DIRECTION('',(0.,0.,1.));
#862 = DEFINITIONAL_REPRESENTATION('',(#863),#867);
#863 = LINE('',#864,#865);
#864 = CARTESIAN_POINT('',(0.,0.));
#865 = VECTOR('',#866,1.);
#866 = DIRECTION('',(0.,-1.));
#867 = ( GEOMETRIC_REPRESENTATION_CONTEXT(2) 
PARAMETRIC_REPRESENTATION_CONTEXT() REPRESENTATION_CONTEXT('2D SPACE',''
  ) );
#868 = ORIENTED_EDGE('',*,*,#869,.T.);
#869 = EDGE_CURVE('',#842,#870,#872,.T.);
#870 = VERTEX_POINT('',#871);
#871 = CARTESIAN_POINT('',(78.732222222222,-8.034722222222,0.));
#872 = SURFACE_CURVE('',#873,(#877,#884),.PCURVE_S1.);
#873 = LINE('',#874,#875);
#874 = CARTESIAN_POINT('',(72.656666666667,-8.034722222222,0.));
#875 = VECTOR('',#876,1.);
#876 = DIRECTION('',(1.,0.,-0.));
#877 = PCURVE('',#32,#878);
#878 = DEFINITIONAL_REPRESENTATION('',(#879),#883);
#879 = LINE('',#880,#881);
#880 = CARTESIAN_POINT('',(72.656666666667,-8.034722222222));
#881 = VECTOR('',#882,1.);
#882 = DIRECTION('',(1.,0.));
#883 = ( GEOMETRIC_REPRESENTATION_CONTEXT(2) 
PARAMETRIC_REPRESENTATION_CONTEXT() REPRESENTATION_CONTEXT('2D SPACE',''
  ) );
#884 = PCURVE('',#885,#890);
#885 = PLANE('',#886);
#886 = AXIS2_PLACEMENT_3D('',#887,#888,#889);
#887 = CARTESIAN_POINT('',(72.656666666667,-8.034722222222,0.));
#888 = DIRECTION('',(-0.,1.,0.));
#889 = DIRECTION('',(0.,0.,1.));
#890 = DEFINITIONAL_REPRESENTATION('',(#891),#895);
#891 = LINE('',#892,#893);
#892 = CARTESIAN_POINT('',(0.,0.));
#893 = VECTOR('',#894,1.);
#894 = DIRECTION('',(0.,1.));
#895 = ( GEOMETRIC_REPRESENTATION_CONTEXT(2) 
PARAMETRIC_REPRESENTATION_CONTEXT() REPRESENTATION_CONTEXT('2D SPACE',''
  ) );
#896 = ORIENTED_EDGE('',*,*,#897,.T.);
#897 = EDGE_CURVE('',#870,#898,#900,.T.);
#898 = VERTEX_POINT('',#899);
#899 = CARTESIAN_POINT('',(78.732222222222,-7.664351851852,0.));
#900 = SURFACE_CURVE('',#901,(#905,#912),.PCURVE_S1.);
#901 = LINE('',#902,#903);
#902 = CARTESIAN_POINT('',(78.732222222222,-8.034722222222,0.));
#903 = VECTOR('',#904,1.);
#904 = DIRECTION('',(-0.,1.,0.));
#905 = PCURVE('',#32,#906);
#906 = DEFINITIONAL_REPRESENTATION('',(#907),#911);
#907 = LINE('',#908,#909);
#908 = CARTESIAN_POINT('',(78.732222222222,-8.034722222222));
#909 = VECTOR('',#910,1.);
#910 = DIRECTION('',(0.,1.));
#911 = ( GEOMETRIC_REPRESENTATION_CONTEXT(2) 
PARAMETRIC_REPRESENTATION_CONTEXT() REPRESENTATION_CONTEXT('2D SPACE',''
  ) );
#912 = PCURVE('',#913,#918);
#913 = PLANE('',#914);
#914 = AXIS2_PLACEMENT_3D('',#915,#916,#917);
#915 = CARTESIAN_POINT('',(78.732222222222,-8.034722222222,0.));
#916 = DIRECTION('',(1.,0.,-0.));
#917 = DIRECTION('',(0.,0.,1.));
#918 = DEFINITIONAL_REPRESENTATION('',(#919),#923);
#919 = LINE('',#920,#921);
#920 = CARTESIAN_POINT('',(0.,0.));
#921 = VECTOR('',#922,1.);
#922 = DIRECTION('',(0.,-1.));
#923 = ( GEOMETRIC_REPRESENTATION_CONTEXT(2) 
PARAMETRIC_REPRESENTATION_CONTEXT() REPRESENTATION_CONTEXT('2D SPACE',''
  ) );
#924 = ORIENTED_EDGE('',*,*,#925,.T.);
#925 = EDGE_CURVE('',#898,#926,#928,.T.);
#926 = VERTEX_POINT('',#927);
#927 = CARTESIAN_POINT('',(84.787777777778,-7.664351851852,0.));
#928 = SURFACE_CURVE('',#929,(#933,#940),.PCURVE_S1.);
#929 = LINE('',#930,#931);
#930 = CARTESIAN_POINT('',(78.712222222222,-7.664351851852,0.));
#931 = VECTOR('',#932,1.);
#932 = DIRECTION('',(1.,0.,-0.));
#933 = PCURVE('',#32,#934);
#934 = DEFINITIONAL_REPRESENTATION('',(#935),#939);
#935 = LINE('',#936,#937);
#936 = CARTESIAN_POINT('',(78.712222222222,-7.664351851852));
#937 = VECTOR('',#938,1.);
#938 = DIRECTION('',(1.,0.));
#939 = ( GEOMETRIC_REPRESENTATION_CONTEXT(2) 
PARAMETRIC_REPRESENTATION_CONTEXT() REPRESENTATION_CONTEXT('2D SPACE',''
  ) );
#940 = PCURVE('',#941,#946);
#941 = PLANE('',#942);
#942 = AXIS2_PLACEMENT_3D('',#943,#944,#945);
#943 = CARTESIAN_POINT('',(78.712222222222,-7.664351851852,0.));
#944 = DIRECTION('',(-0.,1.,0.));
#945 = DIRECTION('',(0.,0.,1.));
#946 = DEFINITIONAL_REPRESENTATION('',(#947),#951);
#947 = LINE('',#948,#949);
#948 = CARTESIAN_POINT('',(0.,0.));
#949 = VECTOR('',#950,1.);
#950 = DIRECTION('',(0.,1.));
#951 = ( GEOMETRIC_REPRESENTATION_CONTEXT(2) 
PARAMETRIC_REPRESENTATION_CONTEXT() REPRESENTATION_CONTEXT('2D SPACE',''
  ) );
#952 = ORIENTED_EDGE('',*,*,#953,.T.);
#953 = EDGE_CURVE('',#926,#954,#956,.T.);
#954 = VERTEX_POINT('',#955);
#955 = CARTESIAN_POINT('',(84.787777777778,-7.456252258012,0.));
#956 = SURFACE_CURVE('',#957,(#961,#968),.PCURVE_S1.);
#957 = LINE('',#958,#959);
#958 = CARTESIAN_POINT('',(84.787777777778,-7.664351851852,0.));
#959 = VECTOR('',#960,1.);
#960 = DIRECTION('',(-0.,1.,0.));
#961 = PCURVE('',#32,#962);
#962 = DEFINITIONAL_REPRESENTATION('',(#963),#967);
#963 = LINE('',#964,#965);
#964 = CARTESIAN_POINT('',(84.787777777778,-7.664351851852));
#965 = VECTOR('',#966,1.);
#966 = DIRECTION('',(0.,1.));
#967 = ( GEOMETRIC_REPRESENTATION_CONTEXT(2) 
PARAMETRIC_REPRESENTATION_CONTEXT() REPRESENTATION_CONTEXT('2D SPACE',''
  ) );
#968 = PCURVE('',#969,#974);
#969 = PLANE('',#970);
#970 = AXIS2_PLACEMENT_3D('',#971,#972,#973);
#971 = CARTESIAN_POINT('',(84.787777777778,-7.664351851852,0.));
#972 = DIRECTION('',(1.,0.,-0.));
#973 = DIRECTION('',(0.,0.,1.));
#974 = DEFINITIONAL_REPRESENTATION('',(#975),#979);
#975 = LINE('',#976,#977);
#976 = CARTESIAN_POINT('',(0.,0.));
#977 = VECTOR('',#978,1.);
#978 = DIRECTION('',(0.,-1.));
#979 = ( GEOMETRIC_REPRESENTATION_CONTEXT(2) 
PARAMETRIC_REPRESENTATION_CONTEXT() REPRESENTATION_CONTEXT('2D SPACE',''
  ) );
#980 = ORIENTED_EDGE('',*,*,#981,.T.);
#981 = EDGE_CURVE('',#954,#982,#984,.T.);
#982 = VERTEX_POINT('',#983);
#983 = CARTESIAN_POINT('',(90.823333333333,-7.456252258012,0.));
#984 = SURFACE_CURVE('',#985,(#989,#996),.PCURVE_S1.);
#985 = LINE('',#986,#987);
#986 = CARTESIAN_POINT('',(84.767777777778,-7.456252258012,0.));
#987 = VECTOR('',#988,1.);
#988 = DIRECTION('',(1.,0.,-0.));
#989 = PCURVE('',#32,#990);
#990 = DEFINITIONAL_REPRESENTATION('',(#991),#995);
#991 = LINE('',#992,#993);
#992 = CARTESIAN_POINT('',(84.767777777778,-7.456252258012));
#993 = VECTOR('',#994,1.);
#994 = DIRECTION('',(1.,0.));
#995 = ( GEOMETRIC_REPRESENTATION_CONTEXT(2) 
PARAMETRIC_REPRESENTATION_CONTEXT() REPRESENTATION_CONTEXT('2D SPACE',''
  ) );
#996 = PCURVE('',#997,#1002);
#997 = PLANE('',#998);
#998 = AXIS2_PLACEMENT_3D('',#999,#1000,#1001);
#999 = CARTESIAN_POINT('',(84.767777777778,-7.456252258012,0.));
#1000 = DIRECTION('',(-0.,1.,0.));
#1001 = DIRECTION('',(0.,0.,1.));
#1002 = DEFINITIONAL_REPRESENTATION('',(#1003),#1007);
#1003 = LINE('',#1004,#1005);
#1004 = CARTESIAN_POINT('',(0.,0.));
#1005 = VECTOR('',#1006,1.);
#1006 = DIRECTION('',(0.,1.));
#1007 = ( GEOMETRIC_REPRESENTATION_CONTEXT(2) 
PARAMETRIC_REPRESENTATION_CONTEXT() REPRESENTATION_CONTEXT('2D SPACE',''
  ) );
#1008 = ORIENTED_EDGE('',*,*,#1009,.F.);
#1009 = EDGE_CURVE('',#1010,#982,#1012,.T.);
#1010 = VERTEX_POINT('',#1011);
#1011 = CARTESIAN_POINT('',(90.823333333333,-7.485684911401,0.));
#1012 = SURFACE_CURVE('',#1013,(#1017,#1024),.PCURVE_S1.);
#1013 = LINE('',#1014,#1015);
#1014 = CARTESIAN_POINT('',(90.823333333333,-7.485684911401,0.));
#1015 = VECTOR('',#1016,1.);
#1016 = DIRECTION('',(-0.,1.,0.));
#1017 = PCURVE('',#32,#1018);
#1018 = DEFINITIONAL_REPRESENTATION('',(#1019),#1023);
#1019 = LINE('',#1020,#1021);
#1020 = CARTESIAN_POINT('',(90.823333333333,-7.485684911401));
#1021 = VECTOR('',#1022,1.);
#1022 = DIRECTION('',(0.,1.));
#1023 = ( GEOMETRIC_REPRESENTATION_CONTEXT(2) 
PARAMETRIC_REPRESENTATION_CONTEXT() REPRESENTATION_CONTEXT('2D SPACE',''
  ) );
#1024 = PCURVE('',#1025,#1030);
#1025 = PLANE('',#1026);
#1026 = AXIS2_PLACEMENT_3D('',#1027,#1028,#1029);
#1027 = CARTESIAN_POINT('',(90.823333333333,-7.485684911401,0.));
#1028 = DIRECTION('',(1.,0.,-0.));
#1029 = DIRECTION('',(0.,0.,1.));
#1030 = DEFINITIONAL_REPRESENTATION('',(#1031),#1035);
#1031 = LINE('',#1032,#1033);
#1032 = CARTESIAN_POINT('',(0.,0.));
#1033 = VECTOR('',#1034,1.);
#1034 = DIRECTION('',(0.,-1.));
#1035 = ( GEOMETRIC_REPRESENTATION_CONTEXT(2) 
PARAMETRIC_REPRESENTATION_CONTEXT() REPRESENTATION_CONTEXT('2D SPACE',''
  ) );
#1036 = ORIENTED_EDGE('',*,*,#1037,.T.);
#1037 = EDGE_CURVE('',#1010,#1038,#1040,.T.);
#1038 = VERTEX_POINT('',#1039);
#1039 = CARTESIAN_POINT('',(96.878888888889,-7.485684911401,0.));
#1040 = SURFACE_CURVE('',#1041,(#1045,#1052),.PCURVE_S1.);
#1041 = LINE('',#1042,#1043);
#1042 = CARTESIAN_POINT('',(90.823333333333,-7.485684911401,0.));
#1043 = VECTOR('',#1044,1.);
#1044 = DIRECTION('',(1.,0.,-0.));
#1045 = PCURVE('',#32,#1046);
#1046 = DEFINITIONAL_REPRESENTATION('',(#1047),#1051);
#1047 = LINE('',#1048,#1049);
#1048 = CARTESIAN_POINT('',(90.823333333333,-7.485684911401));
#1049 = VECTOR('',#1050,1.);
#1050 = DIRECTION('',(1.,0.));
#1051 = ( GEOMETRIC_REPRESENTATION_CONTEXT(2) 
PARAMETRIC_REPRESENTATION_CONTEXT() REPRESENTATION_CONTEXT('2D SPACE',''
  ) );
#1052 = PCURVE('',#1053,#1058);
#1053 = PLANE('',#1054);
#1054 = AXIS2_PLACEMENT_3D('',#1055,#1056,#1057);
#1055 = CARTESIAN_POINT('',(90.823333333333,-7.485684911401,0.));
#1056 = DIRECTION('',(-0.,1.,0.));
#1057 = DIRECTION('',(0.,0.,1.));
#1058 = DEFINITIONAL_REPRESENTATION('',(#1059),#1063);
#1059 = LINE('',#1060,#1061);
#1060 = CARTESIAN_POINT('',(0.,0.));
#1061 = VECTOR('',#1062,1.);
#1062 = DIRECTION('',(0.,1.));
#1063 = ( GEOMETRIC_REPRESENTATION_CONTEXT(2) 
PARAMETRIC_REPRESENTATION_CONTEXT() REPRESENTATION_CONTEXT('2D SPACE',''
  ) );
#1064 = ORIENTED_EDGE('',*,*,#1065,.F.);
#1065 = EDGE_CURVE('',#1066,#1038,#1068,.T.);
#1066 = VERTEX_POINT('',#1067);
#1067 = CARTESIAN_POINT('',(96.878888888889,-7.706861568358,0.));
#1068 = SURFACE_CURVE('',#1069,(#1073,#1080),.PCURVE_S1.);
#1069 = LINE('',#1070,#1071);
#1070 = CARTESIAN_POINT('',(96.878888888889,-7.706861568358,0.));
#1071 = VECTOR('',#1072,1.);
#1072 = DIRECTION('',(-0.,1.,0.));
#1073 = PCURVE('',#32,#1074);
#1074 = DEFINITIONAL_REPRESENTATION('',(#1075),#1079);
#1075 = LINE('',#1076,#1077);
#1076 = CARTESIAN_POINT('',(96.878888888889,-7.706861568358));
#1077 = VECTOR('',#1078,1.);
#1078 = DIRECTION('',(0.,1.));
#1079 = ( GEOMETRIC_REPRESENTATION_CONTEXT(2) 
PARAMETRIC_REPRESENTATION_CONTEXT() REPRESENTATION_CONTEXT('2D SPACE',''
  ) );
#1080 = PCURVE('',#1081,#1086);
#1081 = PLANE('',#1082);
#1082 = AXIS2_PLACEMENT_3D('',#1083,#1084,#1085);
#1083 = CARTESIAN_POINT('',(96.878888888889,-7.706861568358,0.));
#1084 = DIRECTION('',(1.,0.,-0.));
#1085 = DIRECTION('',(0.,0.,1.));
#1086 = DEFINITIONAL_REPRESENTATION('',(#1087),#1091);
#1087 = LINE('',#1088,#1089);
#1088 = CARTESIAN_POINT('',(0.,0.));
#1089 = VECTOR('',#1090,1.);
#1090 = DIRECTION('',(0.,-1.));
#1091 = ( GEOMETRIC_REPRESENTATION_CONTEXT(2) 
PARAMETRIC_REPRESENTATION_CONTEXT() REPRESENTATION_CONTEXT('2D SPACE',''
  ) );
#1092 = ORIENTED_EDGE('',*,*,#1093,.T.);
#1093 = EDGE_CURVE('',#1066,#1094,#1096,.T.);
#1094 = VERTEX_POINT('',#1095);
#1095 = CARTESIAN_POINT('',(102.93444444444,-7.706861568358,0.));
#1096 = SURFACE_CURVE('',#1097,(#1101,#1108),.PCURVE_S1.);
#1097 = LINE('',#1098,#1099);
#1098 = CARTESIAN_POINT('',(96.878888888889,-7.706861568358,0.));
#1099 = VECTOR('',#1100,1.);
#1100 = DIRECTION('',(1.,0.,-0.));
#1101 = PCURVE('',#32,#1102);
#1102 = DEFINITIONAL_REPRESENTATION('',(#1103),#1107);
#1103 = LINE('',#1104,#1105);
#1104 = CARTESIAN_POINT('',(96.878888888889,-7.706861568358));
#1105 = VECTOR('',#1106,1.);
#1106 = DIRECTION('',(1.,0.));
#1107 = ( GEOMETRIC_REPRESENTATION_CONTEXT(2) 
PARAMETRIC_REPRESENTATION_CONTEXT() REPRESENTATION_CONTEXT('2D SPACE',''
  ) );
#1108 = PCURVE('',#1109,#1114);
#1109 = PLANE('',#1110);
#1110 = AXIS2_PLACEMENT_3D('',#1111,#1112,#1113);
#1111 = CARTESIAN_POINT('',(96.878888888889,-7.706861568358,0.));
#1112 = DIRECTION('',(-0.,1.,0.));
#1113 = DIRECTION('',(0.,0.,1.));
#1114 = DEFINITIONAL_REPRESENTATION('',(#1115),#1119);
#1115 = LINE('',#1116,#1117);
#1116 = CARTESIAN_POINT('',(0.,0.));
#1117 = VECTOR('',#1118,1.);
#1118 = DIRECTION('',(0.,1.));
#1119 = ( GEOMETRIC_REPRESENTATION_CONTEXT(2) 
PARAMETRIC_REPRESENTATION_CONTEXT() REPRESENTATION_CONTEXT('2D SPACE',''
  ) );
#1120 = ORIENTED_EDGE('',*,*,#1121,.F.);
#1121 = EDGE_CURVE('',#1122,#1094,#1124,.T.);
#1122 = VERTEX_POINT('',#1123);
#1123 = CARTESIAN_POINT('',(102.93444444444,-7.952908107391,0.));
#1124 = SURFACE_CURVE('',#1125,(#1129,#1136),.PCURVE_S1.);
#1125 = LINE('',#1126,#1127);
#1126 = CARTESIAN_POINT('',(102.93444444444,-7.952908107391,0.));
#1127 = VECTOR('',#1128,1.);
#1128 = DIRECTION('',(-0.,1.,0.));
#1129 = PCURVE('',#32,#1130);
#1130 = DEFINITIONAL_REPRESENTATION('',(#1131),#1135);
#1131 = LINE('',#1132,#1133);
#1132 = CARTESIAN_POINT('',(102.93444444444,-7.952908107391));
#1133 = VECTOR('',#1134,1.);
#1134 = DIRECTION('',(0.,1.));
#1135 = ( GEOMETRIC_REPRESENTATION_CONTEXT(2) 
PARAMETRIC_REPRESENTATION_CONTEXT() REPRESENTATION_CONTEXT('2D SPACE',''
  ) );
#1136 = PCURVE('',#1137,#1142);
#1137 = PLANE('',#1138);
#1138 = AXIS2_PLACEMENT_3D('',#1139,#1140,#1141);
#1139 = CARTESIAN_POINT('',(102.93444444444,-7.952908107391,0.));
#1140 = DIRECTION('',(1.,0.,-0.));
#1141 = DIRECTION('',(0.,0.,1.));
#1142 = DEFINITIONAL_REPRESENTATION('',(#1143),#1147);
#1143 = LINE('',#1144,#1145);
#1144 = CARTESIAN_POINT('',(0.,0.));
#1145 = VECTOR('',#1146,1.);
#1146 = DIRECTION('',(0.,-1.));
#1147 = ( GEOMETRIC_REPRESENTATION_CONTEXT(2) 
PARAMETRIC_REPRESENTATION_CONTEXT() REPRESENTATION_CONTEXT('2D SPACE',''
  ) );
#1148 = ORIENTED_EDGE('',*,*,#1149,.T.);
#1149 = EDGE_CURVE('',#1122,#1150,#1152,.T.);
#1150 = VERTEX_POINT('',#1151);
#1151 = CARTESIAN_POINT('',(108.13325168855,-7.952908107391,0.));
#1152 = SURFACE_CURVE('',#1153,(#1157,#1164),.PCURVE_S1.);
#1153 = LINE('',#1154,#1155);
#1154 = CARTESIAN_POINT('',(102.93444444444,-7.952908107391,0.));
#1155 = VECTOR('',#1156,1.);
#1156 = DIRECTION('',(1.,0.,-0.));
#1157 = PCURVE('',#32,#1158);
#1158 = DEFINITIONAL_REPRESENTATION('',(#1159),#1163);
#1159 = LINE('',#1160,#1161);
#1160 = CARTESIAN_POINT('',(102.93444444444,-7.952908107391));
#1161 = VECTOR('',#1162,1.);
#1162 = DIRECTION('',(1.,0.));
#1163 = ( GEOMETRIC_REPRESENTATION_CONTEXT(2) 
PARAMETRIC_REPRESENTATION_CONTEXT() REPRESENTATION_CONTEXT('2D SPACE',''
  ) );
#1164 = PCURVE('',#1165,#1170);
#1165 = PLANE('',#1166);
#1166 = AXIS2_PLACEMENT_3D('',#1167,#1168,#1169);
#1167 = CARTESIAN_POINT('',(102.93444444444,-7.952908107391,0.));
#1168 = DIRECTION('',(-0.,1.,0.));
#1169 = DIRECTION('',(0.,0.,1.));
#1170 = DEFINITIONAL_REPRESENTATION('',(#1171),#1175);
#1171 = LINE('',#1172,#1173);
#1172 = CARTESIAN_POINT('',(0.,0.));
#1173 = VECTOR('',#1174,1.);
#1174 = DIRECTION('',(0.,1.));
#1175 = ( GEOMETRIC_REPRESENTATION_CONTEXT(2) 
PARAMETRIC_REPRESENTATION_CONTEXT() REPRESENTATION_CONTEXT('2D SPACE',''
  ) );
#1176 = ORIENTED_EDGE('',*,*,#1177,.F.);
#1177 = EDGE_CURVE('',#1178,#1150,#1180,.T.);
#1178 = VERTEX_POINT('',#1179);
#1179 = CARTESIAN_POINT('',(108.13325168855,7.952908107391,0.));
#1180 = SURFACE_CURVE('',#1181,(#1186,#1193),.PCURVE_S1.);
#1181 = CIRCLE('',#1182,8.);
#1182 = AXIS2_PLACEMENT_3D('',#1183,#1184,#1185);
#1183 = CARTESIAN_POINT('',(109.,0.,0.));
#1184 = DIRECTION('',(0.,0.,1.));
#1185 = DIRECTION('',(1.,0.,-0.));
#1186 = PCURVE('',#32,#1187);
#1187 = DEFINITIONAL_REPRESENTATION('',(#1188),#1192);
#1188 = CIRCLE('',#1189,8.);
#1189 = AXIS2_PLACEMENT_2D('',#1190,#1191);
#1190 = CARTESIAN_POINT('',(109.,0.));
#1191 = DIRECTION('',(1.,0.));
#1192 = ( GEOMETRIC_REPRESENTATION_CONTEXT(2) 
PARAMETRIC_REPRESENTATION_CONTEXT() REPRESENTATION_CONTEXT('2D SPACE',''
  ) );
#1193 = PCURVE('',#1194,#1199);
#1194 = CONICAL_SURFACE('',#1195,4.96,0.468966707772);
#1195 = AXIS2_PLACEMENT_3D('',#1196,#1197,#1198);
#1196 = CARTESIAN_POINT('',(109.,0.,-6.));
#1197 = DIRECTION('',(0.,0.,1.));
#1198 = DIRECTION('',(1.,0.,-0.));
#1199 = DEFINITIONAL_REPRESENTATION('',(#1200),#1204);
#1200 = LINE('',#1201,#1202);
#1201 = CARTESIAN_POINT('',(0.,6.));
#1202 = VECTOR('',#1203,1.);
#1203 = DIRECTION('',(1.,0.));
#1204 = ( GEOMETRIC_REPRESENTATION_CONTEXT(2) 
PARAMETRIC_REPRESENTATION_CONTEXT() REPRESENTATION_CONTEXT('2D SPACE',''
  ) );
#1205 = ORIENTED_EDGE('',*,*,#1206,.F.);
#1206 = EDGE_CURVE('',#1207,#1178,#1209,.T.);
#1207 = VERTEX_POINT('',#1208);
#1208 = CARTESIAN_POINT('',(102.93444444444,7.952908107391,0.));
#1209 = SURFACE_CURVE('',#1210,(#1214,#1221),.PCURVE_S1.);
#1210 = LINE('',#1211,#1212);
#1211 = CARTESIAN_POINT('',(102.93444444444,7.952908107391,0.));
#1212 = VECTOR('',#1213,1.);
#1213 = DIRECTION('',(1.,0.,-0.));
#1214 = PCURVE('',#32,#1215);
#1215 = DEFINITIONAL_REPRESENTATION('',(#1216),#1220);
#1216 = LINE('',#1217,#1218);
#1217 = CARTESIAN_POINT('',(102.93444444444,7.952908107391));
#1218 = VECTOR('',#1219,1.);
#1219 = DIRECTION('',(1.,0.));
#1220 = ( GEOMETRIC_REPRESENTATION_CONTEXT(2) 
PARAMETRIC_REPRESENTATION_CONTEXT() REPRESENTATION_CONTEXT('2D SPACE',''
  ) );
#1221 = PCURVE('',#1222,#1227);
#1222 = PLANE('',#1223);
#1223 = AXIS2_PLACEMENT_3D('',#1224,#1225,#1226);
#1224 = CARTESIAN_POINT('',(102.93444444444,7.952908107391,0.));
#1225 = DIRECTION('',(-0.,1.,0.));
#1226 = DIRECTION('',(0.,0.,1.));
#1227 = DEFINITIONAL_REPRESENTATION('',(#1228),#1232);
#1228 = LINE('',#1229,#1230);
#1229 = CARTESIAN_POINT('',(0.,0.));
#1230 = VECTOR('',#1231,1.);
#1231 = DIRECTION('',(0.,1.));
#1232 = ( GEOMETRIC_REPRESENTATION_CONTEXT(2) 
PARAMETRIC_REPRESENTATION_CONTEXT() REPRESENTATION_CONTEXT('2D SPACE',''
  ) );
#1233 = ORIENTED_EDGE('',*,*,#1234,.F.);
#1234 = EDGE_CURVE('',#1235,#1207,#1237,.T.);
#1235 = VERTEX_POINT('',#1236);
#1236 = CARTESIAN_POINT('',(102.93444444444,7.706861568358,0.));
#1237 = SURFACE_CURVE('',#1238,(#1242,#1249),.PCURVE_S1.);
#1238 = LINE('',#1239,#1240);
#1239 = CARTESIAN_POINT('',(102.93444444444,-7.952908107391,0.));
#1240 = VECTOR('',#1241,1.);
#1241 = DIRECTION('',(-0.,1.,0.));
#1242 = PCURVE('',#32,#1243);
#1243 = DEFINITIONAL_REPRESENTATION('',(#1244),#1248);
#1244 = LINE('',#1245,#1246);
#1245 = CARTESIAN_POINT('',(102.93444444444,-7.952908107391));
#1246 = VECTOR('',#1247,1.);
#1247 = DIRECTION('',(0.,1.));
#1248 = ( GEOMETRIC_REPRESENTATION_CONTEXT(2) 
PARAMETRIC_REPRESENTATION_CONTEXT() REPRESENTATION_CONTEXT('2D SPACE',''
  ) );
#1249 = PCURVE('',#1250,#1255);
#1250 = PLANE('',#1251);
#1251 = AXIS2_PLACEMENT_3D('',#1252,#1253,#1254);
#1252 = CARTESIAN_POINT('',(102.93444444444,-7.952908107391,0.));
#1253 = DIRECTION('',(1.,0.,-0.));
#1254 = DIRECTION('',(0.,0.,1.));
#1255 = DEFINITIONAL_REPRESENTATION('',(#1256),#1260);
#1256 = LINE('',#1257,#1258);
#1257 = CARTESIAN_POINT('',(0.,0.));
#1258 = VECTOR('',#1259,1.);
#1259 = DIRECTION('',(0.,-1.));
#1260 = ( GEOMETRIC_REPRESENTATION_CONTEXT(2) 
PARAMETRIC_REPRESENTATION_CONTEXT() REPRESENTATION_CONTEXT('2D SPACE',''
  ) );
#1261 = ORIENTED_EDGE('',*,*,#1262,.F.);
#1262 = EDGE_CURVE('',#1263,#1235,#1265,.T.);
#1263 = VERTEX_POINT('',#1264);
#1264 = CARTESIAN_POINT('',(96.878888888889,7.706861568358,0.));
#1265 = SURFACE_CURVE('',#1266,(#1270,#1277),.PCURVE_S1.);
#1266 = LINE('',#1267,#1268);
#1267 = CARTESIAN_POINT('',(96.878888888889,7.706861568358,0.));
#1268 = VECTOR('',#1269,1.);
#1269 = DIRECTION('',(1.,0.,-0.));
#1270 = PCURVE('',#32,#1271);
#1271 = DEFINITIONAL_REPRESENTATION('',(#1272),#1276);
#1272 = LINE('',#1273,#1274);
#1273 = CARTESIAN_POINT('',(96.878888888889,7.706861568358));
#1274 = VECTOR('',#1275,1.);
#1275 = DIRECTION('',(1.,0.));
#1276 = ( GEOMETRIC_REPRESENTATION_CONTEXT(2) 
PARAMETRIC_REPRESENTATION_CONTEXT() REPRESENTATION_CONTEXT('2D SPACE',''
  ) );
#1277 = PCURVE('',#1278,#1283);
#1278 = PLANE('',#1279);
#1279 = AXIS2_PLACEMENT_3D('',#1280,#1281,#1282);
#1280 = CARTESIAN_POINT('',(96.878888888889,7.706861568358,0.));
#1281 = DIRECTION('',(-0.,1.,0.));
#1282 = DIRECTION('',(0.,0.,1.));
#1283 = DEFINITIONAL_REPRESENTATION('',(#1284),#1288);
#1284 = LINE('',#1285,#1286);
#1285 = CARTESIAN_POINT('',(0.,0.));
#1286 = VECTOR('',#1287,1.);
#1287 = DIRECTION('',(0.,1.));
#1288 = ( GEOMETRIC_REPRESENTATION_CONTEXT(2) 
PARAMETRIC_REPRESENTATION_CONTEXT() REPRESENTATION_CONTEXT('2D SPACE',''
  ) );
#1289 = ORIENTED_EDGE('',*,*,#1290,.F.);
#1290 = EDGE_CURVE('',#1291,#1263,#1293,.T.);
#1291 = VERTEX_POINT('',#1292);
#1292 = CARTESIAN_POINT('',(96.878888888889,7.485684911401,0.));
#1293 = SURFACE_CURVE('',#1294,(#1298,#1305),.PCURVE_S1.);
#1294 = LINE('',#1295,#1296);
#1295 = CARTESIAN_POINT('',(96.878888888889,-7.706861568358,0.));
#1296 = VECTOR('',#1297,1.);
#1297 = DIRECTION('',(-0.,1.,0.));
#1298 = PCURVE('',#32,#1299);
#1299 = DEFINITIONAL_REPRESENTATION('',(#1300),#1304);
#1300 = LINE('',#1301,#1302);
#1301 = CARTESIAN_POINT('',(96.878888888889,-7.706861568358));
#1302 = VECTOR('',#1303,1.);
#1303 = DIRECTION('',(0.,1.));
#1304 = ( GEOMETRIC_REPRESENTATION_CONTEXT(2) 
PARAMETRIC_REPRESENTATION_CONTEXT() REPRESENTATION_CONTEXT('2D SPACE',''
  ) );
#1305 = PCURVE('',#1306,#1311);
#1306 = PLANE('',#1307);
#1307 = AXIS2_PLACEMENT_3D('',#1308,#1309,#1310);
#1308 = CARTESIAN_POINT('',(96.878888888889,-7.706861568358,0.));
#1309 = DIRECTION('',(1.,0.,-0.));
#1310 = DIRECTION('',(0.,0.,1.));
#1311 = DEFINITIONAL_REPRESENTATION('',(#1312),#1316);
#1312 = LINE('',#1313,#1314);
#1313 = CARTESIAN_POINT('',(0.,0.));
#1314 = VECTOR('',#1315,1.);
#1315 = DIRECTION('',(0.,-1.));
#1316 = ( GEOMETRIC_REPRESENTATION_CONTEXT(2) 
PARAMETRIC_REPRESENTATION_CONTEXT() REPRESENTATION_CONTEXT('2D SPACE',''
  ) );
#1317 = ORIENTED_EDGE('',*,*,#1318,.F.);
#1318 = EDGE_CURVE('',#1319,#1291,#1321,.T.);
#1319 = VERTEX_POINT('',#1320);
#1320 = CARTESIAN_POINT('',(90.823333333333,7.485684911401,0.));
#1321 = SURFACE_CURVE('',#1322,(#1326,#1333),.PCURVE_S1.);
#1322 = LINE('',#1323,#1324);
#1323 = CARTESIAN_POINT('',(90.823333333333,7.485684911401,0.));
#1324 = VECTOR('',#1325,1.);
#1325 = DIRECTION('',(1.,0.,-0.));
#1326 = PCURVE('',#32,#1327);
#1327 = DEFINITIONAL_REPRESENTATION('',(#1328),#1332);
#1328 = LINE('',#1329,#1330);
#1329 = CARTESIAN_POINT('',(90.823333333333,7.485684911401));
#1330 = VECTOR('',#1331,1.);
#1331 = DIRECTION('',(1.,0.));
#1332 = ( GEOMETRIC_REPRESENTATION_CONTEXT(2) 
PARAMETRIC_REPRESENTATION_CONTEXT() REPRESENTATION_CONTEXT('2D SPACE',''
  ) );
#1333 = PCURVE('',#1334,#1339);
#1334 = PLANE('',#1335);
#1335 = AXIS2_PLACEMENT_3D('',#1336,#1337,#1338);
#1336 = CARTESIAN_POINT('',(90.823333333333,7.485684911401,0.));
#1337 = DIRECTION('',(-0.,1.,0.));
#1338 = DIRECTION('',(0.,0.,1.));
#1339 = DEFINITIONAL_REPRESENTATION('',(#1340),#1344);
#1340 = LINE('',#1341,#1342);
#1341 = CARTESIAN_POINT('',(0.,0.));
#1342 = VECTOR('',#1343,1.);
#1343 = DIRECTION('',(0.,1.));
#1344 = ( GEOMETRIC_REPRESENTATION_CONTEXT(2) 
PARAMETRIC_REPRESENTATION_CONTEXT() REPRESENTATION_CONTEXT('2D SPACE',''
  ) );
#1345 = ORIENTED_EDGE('',*,*,#1346,.F.);
#1346 = EDGE_CURVE('',#1347,#1319,#1349,.T.);
#1347 = VERTEX_POINT('',#1348);
#1348 = CARTESIAN_POINT('',(90.823333333333,7.456252258012,0.));
#1349 = SURFACE_CURVE('',#1350,(#1354,#1361),.PCURVE_S1.);
#1350 = LINE('',#1351,#1352);
#1351 = CARTESIAN_POINT('',(90.823333333333,-7.485684911401,0.));
#1352 = VECTOR('',#1353,1.);
#1353 = DIRECTION('',(-0.,1.,0.));
#1354 = PCURVE('',#32,#1355);
#1355 = DEFINITIONAL_REPRESENTATION('',(#1356),#1360);
#1356 = LINE('',#1357,#1358);
#1357 = CARTESIAN_POINT('',(90.823333333333,-7.485684911401));
#1358 = VECTOR('',#1359,1.);
#1359 = DIRECTION('',(0.,1.));
#1360 = ( GEOMETRIC_REPRESENTATION_CONTEXT(2) 
PARAMETRIC_REPRESENTATION_CONTEXT() REPRESENTATION_CONTEXT('2D SPACE',''
  ) );
#1361 = PCURVE('',#1362,#1367);
#1362 = PLANE('',#1363);
#1363 = AXIS2_PLACEMENT_3D('',#1364,#1365,#1366);
#1364 = CARTESIAN_POINT('',(90.823333333333,-7.485684911401,0.));
#1365 = DIRECTION('',(1.,0.,-0.));
#1366 = DIRECTION('',(0.,0.,1.));
#1367 = DEFINITIONAL_REPRESENTATION('',(#1368),#1372);
#1368 = LINE('',#1369,#1370);
#1369 = CARTESIAN_POINT('',(0.,0.));
#1370 = VECTOR('',#1371,1.);
#1371 = DIRECTION('',(0.,-1.));
#1372 = ( GEOMETRIC_REPRESENTATION_CONTEXT(2) 
PARAMETRIC_REPRESENTATION_CONTEXT() REPRESENTATION_CONTEXT('2D SPACE',''
  ) );
#1373 = ORIENTED_EDGE('',*,*,#1374,.F.);
#1374 = EDGE_CURVE('',#1375,#1347,#1377,.T.);
#1375 = VERTEX_POINT('',#1376);
#1376 = CARTESIAN_POINT('',(84.787777777778,7.456252258012,0.));
#1377 = SURFACE_CURVE('',#1378,(#1382,#1389),.PCURVE_S1.);
#1378 = LINE('',#1379,#1380);
#1379 = CARTESIAN_POINT('',(84.767777777778,7.456252258012,0.));
#1380 = VECTOR('',#1381,1.);
#1381 = DIRECTION('',(1.,0.,-0.));
#1382 = PCURVE('',#32,#1383);
#1383 = DEFINITIONAL_REPRESENTATION('',(#1384),#1388);
#1384 = LINE('',#1385,#1386);
#1385 = CARTESIAN_POINT('',(84.767777777778,7.456252258012));
#1386 = VECTOR('',#1387,1.);
#1387 = DIRECTION('',(1.,0.));
#1388 = ( GEOMETRIC_REPRESENTATION_CONTEXT(2) 
PARAMETRIC_REPRESENTATION_CONTEXT() REPRESENTATION_CONTEXT('2D SPACE',''
  ) );
#1389 = PCURVE('',#1390,#1395);
#1390 = PLANE('',#1391);
#1391 = AXIS2_PLACEMENT_3D('',#1392,#1393,#1394);
#1392 = CARTESIAN_POINT('',(84.767777777778,7.456252258012,0.));
#1393 = DIRECTION('',(-0.,1.,0.));
#1394 = DIRECTION('',(0.,0.,1.));
#1395 = DEFINITIONAL_REPRESENTATION('',(#1396),#1400);
#1396 = LINE('',#1397,#1398);
#1397 = CARTESIAN_POINT('',(0.,0.));
#1398 = VECTOR('',#1399,1.);
#1399 = DIRECTION('',(0.,1.));
#1400 = ( GEOMETRIC_REPRESENTATION_CONTEXT(2) 
PARAMETRIC_REPRESENTATION_CONTEXT() REPRESENTATION_CONTEXT('2D SPACE',''
  ) );
#1401 = ORIENTED_EDGE('',*,*,#1402,.T.);
#1402 = EDGE_CURVE('',#1375,#1403,#1405,.T.);
#1403 = VERTEX_POINT('',#1404);
#1404 = CARTESIAN_POINT('',(84.787777777778,7.664351851852,0.));
#1405 = SURFACE_CURVE('',#1406,(#1410,#1417),.PCURVE_S1.);
#1406 = LINE('',#1407,#1408);
#1407 = CARTESIAN_POINT('',(84.787777777778,-7.664351851852,0.));
#1408 = VECTOR('',#1409,1.);
#1409 = DIRECTION('',(-0.,1.,0.));
#1410 = PCURVE('',#32,#1411);
#1411 = DEFINITIONAL_REPRESENTATION('',(#1412),#1416);
#1412 = LINE('',#1413,#1414);
#1413 = CARTESIAN_POINT('',(84.787777777778,-7.664351851852));
#1414 = VECTOR('',#1415,1.);
#1415 = DIRECTION('',(0.,1.));
#1416 = ( GEOMETRIC_REPRESENTATION_CONTEXT(2) 
PARAMETRIC_REPRESENTATION_CONTEXT() REPRESENTATION_CONTEXT('2D SPACE',''
  ) );
#1417 = PCURVE('',#1418,#1423);
#1418 = PLANE('',#1419);
#1419 = AXIS2_PLACEMENT_3D('',#1420,#1421,#1422);
#1420 = CARTESIAN_POINT('',(84.787777777778,-7.664351851852,0.));
#1421 = DIRECTION('',(1.,0.,-0.));
#1422 = DIRECTION('',(0.,0.,1.));
#1423 = DEFINITIONAL_REPRESENTATION('',(#1424),#1428);
#1424 = LINE('',#1425,#1426);
#1425 = CARTESIAN_POINT('',(0.,0.));
#1426 = VECTOR('',#1427,1.);
#1427 = DIRECTION('',(0.,-1.));
#1428 = ( GEOMETRIC_REPRESENTATION_CONTEXT(2) 
PARAMETRIC_REPRESENTATION_CONTEXT() REPRESENTATION_CONTEXT('2D SPACE',''
  ) );
#1429 = ORIENTED_EDGE('',*,*,#1430,.F.);
#1430 = EDGE_CURVE('',#1431,#1403,#1433,.T.);
#1431 = VERTEX_POINT('',#1432);
#1432 = CARTESIAN_POINT('',(78.732222222222,7.664351851852,0.));
#1433 = SURFACE_CURVE('',#1434,(#1438,#1445),.PCURVE_S1.);
#1434 = LINE('',#1435,#1436);
#1435 = CARTESIAN_POINT('',(78.712222222222,7.664351851852,0.));
#1436 = VECTOR('',#1437,1.);
#1437 = DIRECTION('',(1.,0.,-0.));
#1438 = PCURVE('',#32,#1439);
#1439 = DEFINITIONAL_REPRESENTATION('',(#1440),#1444);
#1440 = LINE('',#1441,#1442);
#1441 = CARTESIAN_POINT('',(78.712222222222,7.664351851852));
#1442 = VECTOR('',#1443,1.);
#1443 = DIRECTION('',(1.,0.));
#1444 = ( GEOMETRIC_REPRESENTATION_CONTEXT(2) 
PARAMETRIC_REPRESENTATION_CONTEXT() REPRESENTATION_CONTEXT('2D SPACE',''
  ) );
#1445 = PCURVE('',#1446,#1451);
#1446 = PLANE('',#1447);
#1447 = AXIS2_PLACEMENT_3D('',#1448,#1449,#1450);
#1448 = CARTESIAN_POINT('',(78.712222222222,7.664351851852,0.));
#1449 = DIRECTION('',(-0.,1.,0.));
#1450 = DIRECTION('',(0.,0.,1.));
#1451 = DEFINITIONAL_REPRESENTATION('',(#1452),#1456);
#1452 = LINE('',#1453,#1454);
#1453 = CARTESIAN_POINT('',(0.,0.));
#1454 = VECTOR('',#1455,1.);
#1455 = DIRECTION('',(0.,1.));
#1456 = ( GEOMETRIC_REPRESENTATION_CONTEXT(2) 
PARAMETRIC_REPRESENTATION_CONTEXT() REPRESENTATION_CONTEXT('2D SPACE',''
  ) );
#1457 = ORIENTED_EDGE('',*,*,#1458,.T.);
#1458 = EDGE_CURVE('',#1431,#1459,#1461,.T.);
#1459 = VERTEX_POINT('',#1460);
#1460 = CARTESIAN_POINT('',(78.732222222222,8.034722222222,0.));
#1461 = SURFACE_CURVE('',#1462,(#1466,#1473),.PCURVE_S1.);
#1462 = LINE('',#1463,#1464);
#1463 = CARTESIAN_POINT('',(78.732222222222,-8.034722222222,0.));
#1464 = VECTOR('',#1465,1.);
#1465 = DIRECTION('',(-0.,1.,0.));
#1466 = PCURVE('',#32,#1467);
#1467 = DEFINITIONAL_REPRESENTATION('',(#1468),#1472);
#1468 = LINE('',#1469,#1470);
#1469 = CARTESIAN_POINT('',(78.732222222222,-8.034722222222));
#1470 = VECTOR('',#1471,1.);
#1471 = DIRECTION('',(0.,1.));
#1472 = ( GEOMETRIC_REPRESENTATION_CONTEXT(2) 
PARAMETRIC_REPRESENTATION_CONTEXT() REPRESENTATION_CONTEXT('2D SPACE',''
  ) );
#1473 = PCURVE('',#1474,#1479);
#1474 = PLANE('',#1475);
#1475 = AXIS2_PLACEMENT_3D('',#1476,#1477,#1478);
#1476 = CARTESIAN_POINT('',(78.732222222222,-8.034722222222,0.));
#1477 = DIRECTION('',(1.,0.,-0.));
#1478 = DIRECTION('',(0.,0.,1.));
#1479 = DEFINITIONAL_REPRESENTATION('',(#1480),#1484);
#1480 = LINE('',#1481,#1482);
#1481 = CARTESIAN_POINT('',(0.,0.));
#1482 = VECTOR('',#1483,1.);
#1483 = DIRECTION('',(0.,-1.));
#1484 = ( GEOMETRIC_REPRESENTATION_CONTEXT(2) 
PARAMETRIC_REPRESENTATION_CONTEXT() REPRESENTATION_CONTEXT('2D SPACE',''
  ) );
#1485 = ORIENTED_EDGE('',*,*,#1486,.F.);
#1486 = EDGE_CURVE('',#1487,#1459,#1489,.T.);
#1487 = VERTEX_POINT('',#1488);
#1488 = CARTESIAN_POINT('',(72.676666666667,8.034722222222,0.));
#1489 = SURFACE_CURVE('',#1490,(#1494,#1501),.PCURVE_S1.);
#1490 = LINE('',#1491,#1492);
#1491 = CARTESIAN_POINT('',(72.656666666667,8.034722222222,0.));
#1492 = VECTOR('',#1493,1.);
#1493 = DIRECTION('',(1.,0.,-0.));
#1494 = PCURVE('',#32,#1495);
#1495 = DEFINITIONAL_REPRESENTATION('',(#1496),#1500);
#1496 = LINE('',#1497,#1498);
#1497 = CARTESIAN_POINT('',(72.656666666667,8.034722222222));
#1498 = VECTOR('',#1499,1.);
#1499 = DIRECTION('',(1.,0.));
#1500 = ( GEOMETRIC_REPRESENTATION_CONTEXT(2) 
PARAMETRIC_REPRESENTATION_CONTEXT() REPRESENTATION_CONTEXT('2D SPACE',''
  ) );
#1501 = PCURVE('',#1502,#1507);
#1502 = PLANE('',#1503);
#1503 = AXIS2_PLACEMENT_3D('',#1504,#1505,#1506);
#1504 = CARTESIAN_POINT('',(72.656666666667,8.034722222222,0.));
#1505 = DIRECTION('',(-0.,1.,0.));
#1506 = DIRECTION('',(0.,0.,1.));
#1507 = DEFINITIONAL_REPRESENTATION('',(#1508),#1512);
#1508 = LINE('',#1509,#1510);
#1509 = CARTESIAN_POINT('',(0.,0.));
#1510 = VECTOR('',#1511,1.);
#1511 = DIRECTION('',(0.,1.));
#1512 = ( GEOMETRIC_REPRESENTATION_CONTEXT(2) 
PARAMETRIC_REPRESENTATION_CONTEXT() REPRESENTATION_CONTEXT('2D SPACE',''
  ) );
#1513 = ORIENTED_EDGE('',*,*,#1514,.T.);
#1514 = EDGE_CURVE('',#1487,#1515,#1517,.T.);
#1515 = VERTEX_POINT('',#1516);
#1516 = CARTESIAN_POINT('',(72.676666666667,8.431944444444,0.));
#1517 = SURFACE_CURVE('',#1518,(#1522,#1529),.PCURVE_S1.);
#1518 = LINE('',#1519,#1520);
#1519 = CARTESIAN_POINT('',(72.676666666667,-8.431944444444,0.));
#1520 = VECTOR('',#1521,1.);
#1521 = DIRECTION('',(-0.,1.,0.));
#1522 = PCURVE('',#32,#1523);
#1523 = DEFINITIONAL_REPRESENTATION('',(#1524),#1528);
#1524 = LINE('',#1525,#1526);
#1525 = CARTESIAN_POINT('',(72.676666666667,-8.431944444444));
#1526 = VECTOR('',#1527,1.);
#1527 = DIRECTION('',(0.,1.));
#1528 = ( GEOMETRIC_REPRESENTATION_CONTEXT(2) 
PARAMETRIC_REPRESENTATION_CONTEXT() REPRESENTATION_CONTEXT('2D SPACE',''
  ) );
#1529 = PCURVE('',#1530,#1535);
#1530 = PLANE('',#1531);
#1531 = AXIS2_PLACEMENT_3D('',#1532,#1533,#1534);
#1532 = CARTESIAN_POINT('',(72.676666666667,-8.431944444444,0.));
#1533 = DIRECTION('',(1.,0.,-0.));
#1534 = DIRECTION('',(0.,0.,1.));
#1535 = DEFINITIONAL_REPRESENTATION('',(#1536),#1540);
#1536 = LINE('',#1537,#1538);
#1537 = CARTESIAN_POINT('',(0.,0.));
#1538 = VECTOR('',#1539,1.);
#1539 = DIRECTION('',(0.,-1.));
#1540 = ( GEOMETRIC_REPRESENTATION_CONTEXT(2) 
PARAMETRIC_REPRESENTATION_CONTEXT() REPRESENTATION_CONTEXT('2D SPACE',''
  ) );
#1541 = ORIENTED_EDGE('',*,*,#1542,.F.);
#1542 = EDGE_CURVE('',#1543,#1515,#1545,.T.);
#1543 = VERTEX_POINT('',#1544);
#1544 = CARTESIAN_POINT('',(66.621111111111,8.431944444444,0.));
#1545 = SURFACE_CURVE('',#1546,(#1550,#1557),.PCURVE_S1.);
#1546 = LINE('',#1547,#1548);
#1547 = CARTESIAN_POINT('',(66.601111111111,8.431944444444,0.));
#1548 = VECTOR('',#1549,1.);
#1549 = DIRECTION('',(1.,0.,-0.));
#1550 = PCURVE('',#32,#1551);
#1551 = DEFINITIONAL_REPRESENTATION('',(#1552),#1556);
#1552 = LINE('',#1553,#1554);
#1553 = CARTESIAN_POINT('',(66.601111111111,8.431944444444));
#1554 = VECTOR('',#1555,1.);
#1555 = DIRECTION('',(1.,0.));
#1556 = ( GEOMETRIC_REPRESENTATION_CONTEXT(2) 
PARAMETRIC_REPRESENTATION_CONTEXT() REPRESENTATION_CONTEXT('2D SPACE',''
  ) );
#1557 = PCURVE('',#1558,#1563);
#1558 = PLANE('',#1559);
#1559 = AXIS2_PLACEMENT_3D('',#1560,#1561,#1562);
#1560 = CARTESIAN_POINT('',(66.601111111111,8.431944444444,0.));
#1561 = DIRECTION('',(-0.,1.,0.));
#1562 = DIRECTION('',(0.,0.,1.));
#1563 = DEFINITIONAL_REPRESENTATION('',(#1564),#1568);
#1564 = LINE('',#1565,#1566);
#1565 = CARTESIAN_POINT('',(0.,0.));
#1566 = VECTOR('',#1567,1.);
#1567 = DIRECTION('',(0.,1.));
#1568 = ( GEOMETRIC_REPRESENTATION_CONTEXT(2) 
PARAMETRIC_REPRESENTATION_CONTEXT() REPRESENTATION_CONTEXT('2D SPACE',''
  ) );
#1569 = ORIENTED_EDGE('',*,*,#1570,.T.);
#1570 = EDGE_CURVE('',#1543,#1571,#1573,.T.);
#1571 = VERTEX_POINT('',#1572);
#1572 = CARTESIAN_POINT('',(66.621111111111,8.829166666667,0.));
#1573 = SURFACE_CURVE('',#1574,(#1578,#1585),.PCURVE_S1.);
#1574 = LINE('',#1575,#1576);
#1575 = CARTESIAN_POINT('',(66.621111111111,-8.829166666667,0.));
#1576 = VECTOR('',#1577,1.);
#1577 = DIRECTION('',(-0.,1.,0.));
#1578 = PCURVE('',#32,#1579);
#1579 = DEFINITIONAL_REPRESENTATION('',(#1580),#1584);
#1580 = LINE('',#1581,#1582);
#1581 = CARTESIAN_POINT('',(66.621111111111,-8.829166666667));
#1582 = VECTOR('',#1583,1.);
#1583 = DIRECTION('',(0.,1.));
#1584 = ( GEOMETRIC_REPRESENTATION_CONTEXT(2) 
PARAMETRIC_REPRESENTATION_CONTEXT() REPRESENTATION_CONTEXT('2D SPACE',''
  ) );
#1585 = PCURVE('',#1586,#1591);
#1586 = PLANE('',#1587);
#1587 = AXIS2_PLACEMENT_3D('',#1588,#1589,#1590);
#1588 = CARTESIAN_POINT('',(66.621111111111,-8.829166666667,0.));
#1589 = DIRECTION('',(1.,0.,-0.));
#1590 = DIRECTION('',(0.,0.,1.));
#1591 = DEFINITIONAL_REPRESENTATION('',(#1592),#1596);
#1592 = LINE('',#1593,#1594);
#1593 = CARTESIAN_POINT('',(0.,0.));
#1594 = VECTOR('',#1595,1.);
#1595 = DIRECTION('',(0.,-1.));
#1596 = ( GEOMETRIC_REPRESENTATION_CONTEXT(2) 
PARAMETRIC_REPRESENTATION_CONTEXT() REPRESENTATION_CONTEXT('2D SPACE',''
  ) );
#1597 = ORIENTED_EDGE('',*,*,#1598,.F.);
#1598 = EDGE_CURVE('',#1599,#1571,#1601,.T.);
#1599 = VERTEX_POINT('',#1600);
#1600 = CARTESIAN_POINT('',(60.565555555556,8.829166666667,0.));
#1601 = SURFACE_CURVE('',#1602,(#1606,#1613),.PCURVE_S1.);
#1602 = LINE('',#1603,#1604);
#1603 = CARTESIAN_POINT('',(60.545555555556,8.829166666667,0.));
#1604 = VECTOR('',#1605,1.);
#1605 = DIRECTION('',(1.,0.,-0.));
#1606 = PCURVE('',#32,#1607);
#1607 = DEFINITIONAL_REPRESENTATION('',(#1608),#1612);
#1608 = LINE('',#1609,#1610);
#1609 = CARTESIAN_POINT('',(60.545555555556,8.829166666667));
#1610 = VECTOR('',#1611,1.);
#1611 = DIRECTION('',(1.,0.));
#1612 = ( GEOMETRIC_REPRESENTATION_CONTEXT(2) 
PARAMETRIC_REPRESENTATION_CONTEXT() REPRESENTATION_CONTEXT('2D SPACE',''
  ) );
#1613 = PCURVE('',#1614,#1619);
#1614 = PLANE('',#1615);
#1615 = AXIS2_PLACEMENT_3D('',#1616,#1617,#1618);
#1616 = CARTESIAN_POINT('',(60.545555555556,8.829166666667,0.));
#1617 = DIRECTION('',(-0.,1.,0.));
#1618 = DIRECTION('',(0.,0.,1.));
#1619 = DEFINITIONAL_REPRESENTATION('',(#1620),#1624);
#1620 = LINE('',#1621,#1622);
#1621 = CARTESIAN_POINT('',(0.,0.));
#1622 = VECTOR('',#1623,1.);
#1623 = DIRECTION('',(0.,1.));
#1624 = ( GEOMETRIC_REPRESENTATION_CONTEXT(2) 
PARAMETRIC_REPRESENTATION_CONTEXT() REPRESENTATION_CONTEXT('2D SPACE',''
  ) );
#1625 = ORIENTED_EDGE('',*,*,#1626,.T.);
#1626 = EDGE_CURVE('',#1599,#1627,#1629,.T.);
#1627 = VERTEX_POINT('',#1628);
#1628 = CARTESIAN_POINT('',(60.565555555556,9.226388888889,0.));
#1629 = SURFACE_CURVE('',#1630,(#1634,#1641),.PCURVE_S1.);
#1630 = LINE('',#1631,#1632);
#1631 = CARTESIAN_POINT('',(60.565555555556,-9.226388888889,0.));
#1632 = VECTOR('',#1633,1.);
#1633 = DIRECTION('',(-0.,1.,0.));
#1634 = PCURVE('',#32,#1635);
#1635 = DEFINITIONAL_REPRESENTATION('',(#1636),#1640);
#1636 = LINE('',#1637,#1638);
#1637 = CARTESIAN_POINT('',(60.565555555556,-9.226388888889));
#1638 = VECTOR('',#1639,1.);
#1639 = DIRECTION('',(0.,1.));
#1640 = ( GEOMETRIC_REPRESENTATION_CONTEXT(2) 
PARAMETRIC_REPRESENTATION_CONTEXT() REPRESENTATION_CONTEXT('2D SPACE',''
  ) );
#1641 = PCURVE('',#1642,#1647);
#1642 = PLANE('',#1643);
#1643 = AXIS2_PLACEMENT_3D('',#1644,#1645,#1646);
#1644 = CARTESIAN_POINT('',(60.565555555556,-9.226388888889,0.));
#1645 = DIRECTION('',(1.,0.,-0.));
#1646 = DIRECTION('',(0.,0.,1.));
#1647 = DEFINITIONAL_REPRESENTATION('',(#1648),#1652);
#1648 = LINE('',#1649,#1650);
#1649 = CARTESIAN_POINT('',(0.,0.));
#1650 = VECTOR('',#1651,1.);
#1651 = DIRECTION('',(0.,-1.));
#1652 = ( GEOMETRIC_REPRESENTATION_CONTEXT(2) 
PARAMETRIC_REPRESENTATION_CONTEXT() REPRESENTATION_CONTEXT('2D SPACE',''
  ) );
#1653 = ORIENTED_EDGE('',*,*,#1654,.F.);
#1654 = EDGE_CURVE('',#1655,#1627,#1657,.T.);
#1655 = VERTEX_POINT('',#1656);
#1656 = CARTESIAN_POINT('',(54.51,9.226388888889,0.));
#1657 = SURFACE_CURVE('',#1658,(#1662,#1669),.PCURVE_S1.);
#1658 = LINE('',#1659,#1660);
#1659 = CARTESIAN_POINT('',(54.49,9.226388888889,0.));
#1660 = VECTOR('',#1661,1.);
#1661 = DIRECTION('',(1.,0.,-0.));
#1662 = PCURVE('',#32,#1663);
#1663 = DEFINITIONAL_REPRESENTATION('',(#1664),#1668);
#1664 = LINE('',#1665,#1666);
#1665 = CARTESIAN_POINT('',(54.49,9.226388888889));
#1666 = VECTOR('',#1667,1.);
#1667 = DIRECTION('',(1.,0.));
#1668 = ( GEOMETRIC_REPRESENTATION_CONTEXT(2) 
PARAMETRIC_REPRESENTATION_CONTEXT() REPRESENTATION_CONTEXT('2D SPACE',''
  ) );
#1669 = PCURVE('',#1670,#1675);
#1670 = PLANE('',#1671);
#1671 = AXIS2_PLACEMENT_3D('',#1672,#1673,#1674);
#1672 = CARTESIAN_POINT('',(54.49,9.226388888889,0.));
#1673 = DIRECTION('',(-0.,1.,0.));
#1674 = DIRECTION('',(0.,0.,1.));
#1675 = DEFINITIONAL_REPRESENTATION('',(#1676),#1680);
#1676 = LINE('',#1677,#1678);
#1677 = CARTESIAN_POINT('',(0.,0.));
#1678 = VECTOR('',#1679,1.);
#1679 = DIRECTION('',(0.,1.));
#1680 = ( GEOMETRIC_REPRESENTATION_CONTEXT(2) 
PARAMETRIC_REPRESENTATION_CONTEXT() REPRESENTATION_CONTEXT('2D SPACE',''
  ) );
#1681 = ORIENTED_EDGE('',*,*,#1682,.T.);
#1682 = EDGE_CURVE('',#1655,#1683,#1685,.T.);
#1683 = VERTEX_POINT('',#1684);
#1684 = CARTESIAN_POINT('',(54.51,9.623611111111,0.));
#1685 = SURFACE_CURVE('',#1686,(#1690,#1697),.PCURVE_S1.);
#1686 = LINE('',#1687,#1688);
#1687 = CARTESIAN_POINT('',(54.51,-9.623611111111,0.));
#1688 = VECTOR('',#1689,1.);
#1689 = DIRECTION('',(-0.,1.,0.));
#1690 = PCURVE('',#32,#1691);
#1691 = DEFINITIONAL_REPRESENTATION('',(#1692),#1696);
#1692 = LINE('',#1693,#1694);
#1693 = CARTESIAN_POINT('',(54.51,-9.623611111111));
#1694 = VECTOR('',#1695,1.);
#1695 = DIRECTION('',(0.,1.));
#1696 = ( GEOMETRIC_REPRESENTATION_CONTEXT(2) 
PARAMETRIC_REPRESENTATION_CONTEXT() REPRESENTATION_CONTEXT('2D SPACE',''
  ) );
#1697 = PCURVE('',#1698,#1703);
#1698 = PLANE('',#1699);
#1699 = AXIS2_PLACEMENT_3D('',#1700,#1701,#1702);
#1700 = CARTESIAN_POINT('',(54.51,-9.623611111111,0.));
#1701 = DIRECTION('',(1.,0.,-0.));
#1702 = DIRECTION('',(0.,0.,1.));
#1703 = DEFINITIONAL_REPRESENTATION('',(#1704),#1708);
#1704 = LINE('',#1705,#1706);
#1705 = CARTESIAN_POINT('',(0.,0.));
#1706 = VECTOR('',#1707,1.);
#1707 = DIRECTION('',(0.,-1.));
#1708 = ( GEOMETRIC_REPRESENTATION_CONTEXT(2) 
PARAMETRIC_REPRESENTATION_CONTEXT() REPRESENTATION_CONTEXT('2D SPACE',''
  ) );
#1709 = ORIENTED_EDGE('',*,*,#1710,.F.);
#1710 = EDGE_CURVE('',#1711,#1683,#1713,.T.);
#1711 = VERTEX_POINT('',#1712);
#1712 = CARTESIAN_POINT('',(48.454444444444,9.623611111111,0.));
#1713 = SURFACE_CURVE('',#1714,(#1718,#1725),.PCURVE_S1.);
#1714 = LINE('',#1715,#1716);
#1715 = CARTESIAN_POINT('',(48.434444444444,9.623611111111,0.));
#1716 = VECTOR('',#1717,1.);
#1717 = DIRECTION('',(1.,0.,-0.));
#1718 = PCURVE('',#32,#1719);
#1719 = DEFINITIONAL_REPRESENTATION('',(#1720),#1724);
#1720 = LINE('',#1721,#1722);
#1721 = CARTESIAN_POINT('',(48.434444444444,9.623611111111));
#1722 = VECTOR('',#1723,1.);
#1723 = DIRECTION('',(1.,0.));
#1724 = ( GEOMETRIC_REPRESENTATION_CONTEXT(2) 
PARAMETRIC_REPRESENTATION_CONTEXT() REPRESENTATION_CONTEXT('2D SPACE',''
  ) );
#1725 = PCURVE('',#1726,#1731);
#1726 = PLANE('',#1727);
#1727 = AXIS2_PLACEMENT_3D('',#1728,#1729,#1730);
#1728 = CARTESIAN_POINT('',(48.434444444444,9.623611111111,0.));
#1729 = DIRECTION('',(-0.,1.,0.));
#1730 = DIRECTION('',(0.,0.,1.));
#1731 = DEFINITIONAL_REPRESENTATION('',(#1732),#1736);
#1732 = LINE('',#1733,#1734);
#1733 = CARTESIAN_POINT('',(0.,0.));
#1734 = VECTOR('',#1735,1.);
#1735 = DIRECTION('',(0.,1.));
#1736 = ( GEOMETRIC_REPRESENTATION_CONTEXT(2) 
PARAMETRIC_REPRESENTATION_CONTEXT() REPRESENTATION_CONTEXT('2D SPACE',''
  ) );
#1737 = ORIENTED_EDGE('',*,*,#1738,.T.);
#1738 = EDGE_CURVE('',#1711,#1739,#1741,.T.);
#1739 = VERTEX_POINT('',#1740);
#1740 = CARTESIAN_POINT('',(48.454444444444,10.020833333333,0.));
#1741 = SURFACE_CURVE('',#1742,(#1746,#1753),.PCURVE_S1.);
#1742 = LINE('',#1743,#1744);
#1743 = CARTESIAN_POINT('',(48.454444444444,-10.02083333333,0.));
#1744 = VECTOR('',#1745,1.);
#1745 = DIRECTION('',(-0.,1.,0.));
#1746 = PCURVE('',#32,#1747);
#1747 = DEFINITIONAL_REPRESENTATION('',(#1748),#1752);
#1748 = LINE('',#1749,#1750);
#1749 = CARTESIAN_POINT('',(48.454444444444,-10.02083333333));
#1750 = VECTOR('',#1751,1.);
#1751 = DIRECTION('',(0.,1.));
#1752 = ( GEOMETRIC_REPRESENTATION_CONTEXT(2) 
PARAMETRIC_REPRESENTATION_CONTEXT() REPRESENTATION_CONTEXT('2D SPACE',''
  ) );
#1753 = PCURVE('',#1754,#1759);
#1754 = PLANE('',#1755);
#1755 = AXIS2_PLACEMENT_3D('',#1756,#1757,#1758);
#1756 = CARTESIAN_POINT('',(48.454444444444,-10.02083333333,0.));
#1757 = DIRECTION('',(1.,0.,-0.));
#1758 = DIRECTION('',(0.,0.,1.));
#1759 = DEFINITIONAL_REPRESENTATION('',(#1760),#1764);
#1760 = LINE('',#1761,#1762);
#1761 = CARTESIAN_POINT('',(0.,0.));
#1762 = VECTOR('',#1763,1.);
#1763 = DIRECTION('',(0.,-1.));
#1764 = ( GEOMETRIC_REPRESENTATION_CONTEXT(2) 
PARAMETRIC_REPRESENTATION_CONTEXT() REPRESENTATION_CONTEXT('2D SPACE',''
  ) );
#1765 = ORIENTED_EDGE('',*,*,#1766,.F.);
#1766 = EDGE_CURVE('',#1767,#1739,#1769,.T.);
#1767 = VERTEX_POINT('',#1768);
#1768 = CARTESIAN_POINT('',(42.398888888889,10.020833333333,0.));
#1769 = SURFACE_CURVE('',#1770,(#1774,#1781),.PCURVE_S1.);
#1770 = LINE('',#1771,#1772);
#1771 = CARTESIAN_POINT('',(42.378888888889,10.020833333333,0.));
#1772 = VECTOR('',#1773,1.);
#1773 = DIRECTION('',(1.,0.,-0.));
#1774 = PCURVE('',#32,#1775);
#1775 = DEFINITIONAL_REPRESENTATION('',(#1776),#1780);
#1776 = LINE('',#1777,#1778);
#1777 = CARTESIAN_POINT('',(42.378888888889,10.020833333333));
#1778 = VECTOR('',#1779,1.);
#1779 = DIRECTION('',(1.,0.));
#1780 = ( GEOMETRIC_REPRESENTATION_CONTEXT(2) 
PARAMETRIC_REPRESENTATION_CONTEXT() REPRESENTATION_CONTEXT('2D SPACE',''
  ) );
#1781 = PCURVE('',#1782,#1787);
#1782 = PLANE('',#1783);
#1783 = AXIS2_PLACEMENT_3D('',#1784,#1785,#1786);
#1784 = CARTESIAN_POINT('',(42.378888888889,10.020833333333,0.));
#1785 = DIRECTION('',(-0.,1.,0.));
#1786 = DIRECTION('',(0.,0.,1.));
#1787 = DEFINITIONAL_REPRESENTATION('',(#1788),#1792);
#1788 = LINE('',#1789,#1790);
#1789 = CARTESIAN_POINT('',(0.,0.));
#1790 = VECTOR('',#1791,1.);
#1791 = DIRECTION('',(0.,1.));
#1792 = ( GEOMETRIC_REPRESENTATION_CONTEXT(2) 
PARAMETRIC_REPRESENTATION_CONTEXT() REPRESENTATION_CONTEXT('2D SPACE',''
  ) );
#1793 = ORIENTED_EDGE('',*,*,#1794,.T.);
#1794 = EDGE_CURVE('',#1767,#1795,#1797,.T.);
#1795 = VERTEX_POINT('',#1796);
#1796 = CARTESIAN_POINT('',(42.398888888889,10.418055555556,0.));
#1797 = SURFACE_CURVE('',#1798,(#1802,#1809),.PCURVE_S1.);
#1798 = LINE('',#1799,#1800);
#1799 = CARTESIAN_POINT('',(42.398888888889,-10.41805555555,0.));
#1800 = VECTOR('',#1801,1.);
#1801 = DIRECTION('',(-0.,1.,0.));
#1802 = PCURVE('',#32,#1803);
#1803 = DEFINITIONAL_REPRESENTATION('',(#1804),#1808);
#1804 = LINE('',#1805,#1806);
#1805 = CARTESIAN_POINT('',(42.398888888889,-10.41805555555));
#1806 = VECTOR('',#1807,1.);
#1807 = DIRECTION('',(0.,1.));
#1808 = ( GEOMETRIC_REPRESENTATION_CONTEXT(2) 
PARAMETRIC_REPRESENTATION_CONTEXT() REPRESENTATION_CONTEXT('2D SPACE',''
  ) );
#1809 = PCURVE('',#1810,#1815);
#1810 = PLANE('',#1811);
#1811 = AXIS2_PLACEMENT_3D('',#1812,#1813,#1814);
#1812 = CARTESIAN_POINT('',(42.398888888889,-10.41805555555,0.));
#1813 = DIRECTION('',(1.,0.,-0.));
#1814 = DIRECTION('',(0.,0.,1.));
#1815 = DEFINITIONAL_REPRESENTATION('',(#1816),#1820);
#1816 = LINE('',#1817,#1818);
#1817 = CARTESIAN_POINT('',(0.,0.));
#1818 = VECTOR('',#1819,1.);
#1819 = DIRECTION('',(0.,-1.));
#1820 = ( GEOMETRIC_REPRESENTATION_CONTEXT(2) 
PARAMETRIC_REPRESENTATION_CONTEXT() REPRESENTATION_CONTEXT('2D SPACE',''
  ) );
#1821 = ORIENTED_EDGE('',*,*,#1822,.F.);
#1822 = EDGE_CURVE('',#1823,#1795,#1825,.T.);
#1823 = VERTEX_POINT('',#1824);
#1824 = CARTESIAN_POINT('',(36.343333333333,10.418055555556,0.));
#1825 = SURFACE_CURVE('',#1826,(#1830,#1837),.PCURVE_S1.);
#1826 = LINE('',#1827,#1828);
#1827 = CARTESIAN_POINT('',(36.323333333333,10.418055555556,0.));
#1828 = VECTOR('',#1829,1.);
#1829 = DIRECTION('',(1.,0.,-0.));
#1830 = PCURVE('',#32,#1831);
#1831 = DEFINITIONAL_REPRESENTATION('',(#1832),#1836);
#1832 = LINE('',#1833,#1834);
#1833 = CARTESIAN_POINT('',(36.323333333333,10.418055555556));
#1834 = VECTOR('',#1835,1.);
#1835 = DIRECTION('',(1.,0.));
#1836 = ( GEOMETRIC_REPRESENTATION_CONTEXT(2) 
PARAMETRIC_REPRESENTATION_CONTEXT() REPRESENTATION_CONTEXT('2D SPACE',''
  ) );
#1837 = PCURVE('',#1838,#1843);
#1838 = PLANE('',#1839);
#1839 = AXIS2_PLACEMENT_3D('',#1840,#1841,#1842);
#1840 = CARTESIAN_POINT('',(36.323333333333,10.418055555556,0.));
#1841 = DIRECTION('',(-0.,1.,0.));
#1842 = DIRECTION('',(0.,0.,1.));
#1843 = DEFINITIONAL_REPRESENTATION('',(#1844),#1848);
#1844 = LINE('',#1845,#1846);
#1845 = CARTESIAN_POINT('',(0.,0.));
#1846 = VECTOR('',#1847,1.);
#1847 = DIRECTION('',(0.,1.));
#1848 = ( GEOMETRIC_REPRESENTATION_CONTEXT(2) 
PARAMETRIC_REPRESENTATION_CONTEXT() REPRESENTATION_CONTEXT('2D SPACE',''
  ) );
#1849 = ORIENTED_EDGE('',*,*,#1850,.T.);
#1850 = EDGE_CURVE('',#1823,#1851,#1853,.T.);
#1851 = VERTEX_POINT('',#1852);
#1852 = CARTESIAN_POINT('',(36.343333333333,10.815277777778,0.));
#1853 = SURFACE_CURVE('',#1854,(#1858,#1865),.PCURVE_S1.);
#1854 = LINE('',#1855,#1856);
#1855 = CARTESIAN_POINT('',(36.343333333333,-10.81527777777,0.));
#1856 = VECTOR('',#1857,1.);
#1857 = DIRECTION('',(-0.,1.,0.));
#1858 = PCURVE('',#32,#1859);
#1859 = DEFINITIONAL_REPRESENTATION('',(#1860),#1864);
#1860 = LINE('',#1861,#1862);
#1861 = CARTESIAN_POINT('',(36.343333333333,-10.81527777777));
#1862 = VECTOR('',#1863,1.);
#1863 = DIRECTION('',(0.,1.));
#1864 = ( GEOMETRIC_REPRESENTATION_CONTEXT(2) 
PARAMETRIC_REPRESENTATION_CONTEXT() REPRESENTATION_CONTEXT('2D SPACE',''
  ) );
#1865 = PCURVE('',#1866,#1871);
#1866 = PLANE('',#1867);
#1867 = AXIS2_PLACEMENT_3D('',#1868,#1869,#1870);
#1868 = CARTESIAN_POINT('',(36.343333333333,-10.81527777777,0.));
#1869 = DIRECTION('',(1.,0.,-0.));
#1870 = DIRECTION('',(0.,0.,1.));
#1871 = DEFINITIONAL_REPRESENTATION('',(#1872),#1876);
#1872 = LINE('',#1873,#1874);
#1873 = CARTESIAN_POINT('',(0.,0.));
#1874 = VECTOR('',#1875,1.);
#1875 = DIRECTION('',(0.,-1.));
#1876 = ( GEOMETRIC_REPRESENTATION_CONTEXT(2) 
PARAMETRIC_REPRESENTATION_CONTEXT() REPRESENTATION_CONTEXT('2D SPACE',''
  ) );
#1877 = ORIENTED_EDGE('',*,*,#1878,.F.);
#1878 = EDGE_CURVE('',#1879,#1851,#1881,.T.);
#1879 = VERTEX_POINT('',#1880);
#1880 = CARTESIAN_POINT('',(30.287777777778,10.815277777778,0.));
#1881 = SURFACE_CURVE('',#1882,(#1886,#1893),.PCURVE_S1.);
#1882 = LINE('',#1883,#1884);
#1883 = CARTESIAN_POINT('',(30.267777777778,10.815277777778,0.));
#1884 = VECTOR('',#1885,1.);
#1885 = DIRECTION('',(1.,0.,-0.));
#1886 = PCURVE('',#32,#1887);
#1887 = DEFINITIONAL_REPRESENTATION('',(#1888),#1892);
#1888 = LINE('',#1889,#1890);
#1889 = CARTESIAN_POINT('',(30.267777777778,10.815277777778));
#1890 = VECTOR('',#1891,1.);
#1891 = DIRECTION('',(1.,0.));
#1892 = ( GEOMETRIC_REPRESENTATION_CONTEXT(2) 
PARAMETRIC_REPRESENTATION_CONTEXT() REPRESENTATION_CONTEXT('2D SPACE',''
  ) );
#1893 = PCURVE('',#1894,#1899);
#1894 = PLANE('',#1895);
#1895 = AXIS2_PLACEMENT_3D('',#1896,#1897,#1898);
#1896 = CARTESIAN_POINT('',(30.267777777778,10.815277777778,0.));
#1897 = DIRECTION('',(-0.,1.,0.));
#1898 = DIRECTION('',(0.,0.,1.));
#1899 = DEFINITIONAL_REPRESENTATION('',(#1900),#1904);
#1900 = LINE('',#1901,#1902);
#1901 = CARTESIAN_POINT('',(0.,0.));
#1902 = VECTOR('',#1903,1.);
#1903 = DIRECTION('',(0.,1.));
#1904 = ( GEOMETRIC_REPRESENTATION_CONTEXT(2) 
PARAMETRIC_REPRESENTATION_CONTEXT() REPRESENTATION_CONTEXT('2D SPACE',''
  ) );
#1905 = ORIENTED_EDGE('',*,*,#1906,.T.);
#1906 = EDGE_CURVE('',#1879,#1907,#1909,.T.);
#1907 = VERTEX_POINT('',#1908);
#1908 = CARTESIAN_POINT('',(30.287777777778,11.2125,0.));
#1909 = SURFACE_CURVE('',#1910,(#1914,#1921),.PCURVE_S1.);
#1910 = LINE('',#1911,#1912);
#1911 = CARTESIAN_POINT('',(30.287777777778,-11.2125,0.));
#1912 = VECTOR('',#1913,1.);
#1913 = DIRECTION('',(-0.,1.,0.));
#1914 = PCURVE('',#32,#1915);
#1915 = DEFINITIONAL_REPRESENTATION('',(#1916),#1920);
#1916 = LINE('',#1917,#1918);
#1917 = CARTESIAN_POINT('',(30.287777777778,-11.2125));
#1918 = VECTOR('',#1919,1.);
#1919 = DIRECTION('',(0.,1.));
#1920 = ( GEOMETRIC_REPRESENTATION_CONTEXT(2) 
PARAMETRIC_REPRESENTATION_CONTEXT() REPRESENTATION_CONTEXT('2D SPACE',''
  ) );
#1921 = PCURVE('',#1922,#1927);
#1922 = PLANE('',#1923);
#1923 = AXIS2_PLACEMENT_3D('',#1924,#1925,#1926);
#1924 = CARTESIAN_POINT('',(30.287777777778,-11.2125,0.));
#1925 = DIRECTION('',(1.,0.,-0.));
#1926 = DIRECTION('',(0.,0.,1.));
#1927 = DEFINITIONAL_REPRESENTATION('',(#1928),#1932);
#1928 = LINE('',#1929,#1930);
#1929 = CARTESIAN_POINT('',(0.,0.));
#1930 = VECTOR('',#1931,1.);
#1931 = DIRECTION('',(0.,-1.));
#1932 = ( GEOMETRIC_REPRESENTATION_CONTEXT(2) 
PARAMETRIC_REPRESENTATION_CONTEXT() REPRESENTATION_CONTEXT('2D SPACE',''
  ) );
#1933 = ORIENTED_EDGE('',*,*,#1934,.F.);
#1934 = EDGE_CURVE('',#1935,#1907,#1937,.T.);
#1935 = VERTEX_POINT('',#1936);
#1936 = CARTESIAN_POINT('',(24.232222222222,11.2125,0.));
#1937 = SURFACE_CURVE('',#1938,(#1942,#1949),.PCURVE_S1.);
#1938 = LINE('',#1939,#1940);
#1939 = CARTESIAN_POINT('',(24.212222222222,11.2125,0.));
#1940 = VECTOR('',#1941,1.);
#1941 = DIRECTION('',(1.,0.,-0.));
#1942 = PCURVE('',#32,#1943);
#1943 = DEFINITIONAL_REPRESENTATION('',(#1944),#1948);
#1944 = LINE('',#1945,#1946);
#1945 = CARTESIAN_POINT('',(24.212222222222,11.2125));
#1946 = VECTOR('',#1947,1.);
#1947 = DIRECTION('',(1.,0.));
#1948 = ( GEOMETRIC_REPRESENTATION_CONTEXT(2) 
PARAMETRIC_REPRESENTATION_CONTEXT() REPRESENTATION_CONTEXT('2D SPACE',''
  ) );
#1949 = PCURVE('',#1950,#1955);
#1950 = PLANE('',#1951);
#1951 = AXIS2_PLACEMENT_3D('',#1952,#1953,#1954);
#1952 = CARTESIAN_POINT('',(24.212222222222,11.2125,0.));
#1953 = DIRECTION('',(-0.,1.,0.));
#1954 = DIRECTION('',(0.,0.,1.));
#1955 = DEFINITIONAL_REPRESENTATION('',(#1956),#1960);
#1956 = LINE('',#1957,#1958);
#1957 = CARTESIAN_POINT('',(0.,0.));
#1958 = VECTOR('',#1959,1.);
#1959 = DIRECTION('',(0.,1.));
#1960 = ( GEOMETRIC_REPRESENTATION_CONTEXT(2) 
PARAMETRIC_REPRESENTATION_CONTEXT() REPRESENTATION_CONTEXT('2D SPACE',''
  ) );
#1961 = ORIENTED_EDGE('',*,*,#1962,.T.);
#1962 = EDGE_CURVE('',#1935,#1963,#1965,.T.);
#1963 = VERTEX_POINT('',#1964);
#1964 = CARTESIAN_POINT('',(24.232222222222,11.609722222222,0.));
#1965 = SURFACE_CURVE('',#1966,(#1970,#1977),.PCURVE_S1.);
#1966 = LINE('',#1967,#1968);
#1967 = CARTESIAN_POINT('',(24.232222222222,-11.60972222222,0.));
#1968 = VECTOR('',#1969,1.);
#1969 = DIRECTION('',(-0.,1.,0.));
#1970 = PCURVE('',#32,#1971);
#1971 = DEFINITIONAL_REPRESENTATION('',(#1972),#1976);
#1972 = LINE('',#1973,#1974);
#1973 = CARTESIAN_POINT('',(24.232222222222,-11.60972222222));
#1974 = VECTOR('',#1975,1.);
#1975 = DIRECTION('',(0.,1.));
#1976 = ( GEOMETRIC_REPRESENTATION_CONTEXT(2) 
PARAMETRIC_REPRESENTATION_CONTEXT() REPRESENTATION_CONTEXT('2D SPACE',''
  ) );
#1977 = PCURVE('',#1978,#1983);
#1978 = PLANE('',#1979);
#1979 = AXIS2_PLACEMENT_3D('',#1980,#1981,#1982);
#1980 = CARTESIAN_POINT('',(24.232222222222,-11.60972222222,0.));
#1981 = DIRECTION('',(1.,0.,-0.));
#1982 = DIRECTION('',(0.,0.,1.));
#1983 = DEFINITIONAL_REPRESENTATION('',(#1984),#1988);
#1984 = LINE('',#1985,#1986);
#1985 = CARTESIAN_POINT('',(0.,0.));
#1986 = VECTOR('',#1987,1.);
#1987 = DIRECTION('',(0.,-1.));
#1988 = ( GEOMETRIC_REPRESENTATION_CONTEXT(2) 
PARAMETRIC_REPRESENTATION_CONTEXT() REPRESENTATION_CONTEXT('2D SPACE',''
  ) );
#1989 = ORIENTED_EDGE('',*,*,#1990,.F.);
#1990 = EDGE_CURVE('',#1991,#1963,#1993,.T.);
#1991 = VERTEX_POINT('',#1992);
#1992 = CARTESIAN_POINT('',(18.176666666667,11.609722222222,0.));
#1993 = SURFACE_CURVE('',#1994,(#1998,#2005),.PCURVE_S1.);
#1994 = LINE('',#1995,#1996);
#1995 = CARTESIAN_POINT('',(18.156666666667,11.609722222222,0.));
#1996 = VECTOR('',#1997,1.);
#1997 = DIRECTION('',(1.,0.,-0.));
#1998 = PCURVE('',#32,#1999);
#1999 = DEFINITIONAL_REPRESENTATION('',(#2000),#2004);
#2000 = LINE('',#2001,#2002);
#2001 = CARTESIAN_POINT('',(18.156666666667,11.609722222222));
#2002 = VECTOR('',#2003,1.);
#2003 = DIRECTION('',(1.,0.));
#2004 = ( GEOMETRIC_REPRESENTATION_CONTEXT(2) 
PARAMETRIC_REPRESENTATION_CONTEXT() REPRESENTATION_CONTEXT('2D SPACE',''
  ) );
#2005 = PCURVE('',#2006,#2011);
#2006 = PLANE('',#2007);
#2007 = AXIS2_PLACEMENT_3D('',#2008,#2009,#2010);
#2008 = CARTESIAN_POINT('',(18.156666666667,11.609722222222,0.));
#2009 = DIRECTION('',(-0.,1.,0.));
#2010 = DIRECTION('',(0.,0.,1.));
#2011 = DEFINITIONAL_REPRESENTATION('',(#2012),#2016);
#2012 = LINE('',#2013,#2014);
#2013 = CARTESIAN_POINT('',(0.,0.));
#2014 = VECTOR('',#2015,1.);
#2015 = DIRECTION('',(0.,1.));
#2016 = ( GEOMETRIC_REPRESENTATION_CONTEXT(2) 
PARAMETRIC_REPRESENTATION_CONTEXT() REPRESENTATION_CONTEXT('2D SPACE',''
  ) );
#2017 = ORIENTED_EDGE('',*,*,#2018,.T.);
#2018 = EDGE_CURVE('',#1991,#2019,#2021,.T.);
#2019 = VERTEX_POINT('',#2020);
#2020 = CARTESIAN_POINT('',(18.176666666667,12.006944444444,0.));
#2021 = SURFACE_CURVE('',#2022,(#2026,#2033),.PCURVE_S1.);
#2022 = LINE('',#2023,#2024);
#2023 = CARTESIAN_POINT('',(18.176666666667,-12.00694444444,0.));
#2024 = VECTOR('',#2025,1.);
#2025 = DIRECTION('',(-0.,1.,0.));
#2026 = PCURVE('',#32,#2027);
#2027 = DEFINITIONAL_REPRESENTATION('',(#2028),#2032);
#2028 = LINE('',#2029,#2030);
#2029 = CARTESIAN_POINT('',(18.176666666667,-12.00694444444));
#2030 = VECTOR('',#2031,1.);
#2031 = DIRECTION('',(0.,1.));
#2032 = ( GEOMETRIC_REPRESENTATION_CONTEXT(2) 
PARAMETRIC_REPRESENTATION_CONTEXT() REPRESENTATION_CONTEXT('2D SPACE',''
  ) );
#2033 = PCURVE('',#2034,#2039);
#2034 = PLANE('',#2035);
#2035 = AXIS2_PLACEMENT_3D('',#2036,#2037,#2038);
#2036 = CARTESIAN_POINT('',(18.176666666667,-12.00694444444,0.));
#2037 = DIRECTION('',(1.,0.,-0.));
#2038 = DIRECTION('',(0.,0.,1.));
#2039 = DEFINITIONAL_REPRESENTATION('',(#2040),#2044);
#2040 = LINE('',#2041,#2042);
#2041 = CARTESIAN_POINT('',(0.,0.));
#2042 = VECTOR('',#2043,1.);
#2043 = DIRECTION('',(0.,-1.));
#2044 = ( GEOMETRIC_REPRESENTATION_CONTEXT(2) 
PARAMETRIC_REPRESENTATION_CONTEXT() REPRESENTATION_CONTEXT('2D SPACE',''
  ) );
#2045 = ORIENTED_EDGE('',*,*,#2046,.F.);
#2046 = EDGE_CURVE('',#2047,#2019,#2049,.T.);
#2047 = VERTEX_POINT('',#2048);
#2048 = CARTESIAN_POINT('',(12.121111111111,12.006944444444,0.));
#2049 = SURFACE_CURVE('',#2050,(#2054,#2061),.PCURVE_S1.);
#2050 = LINE('',#2051,#2052);
#2051 = CARTESIAN_POINT('',(12.101111111111,12.006944444444,0.));
#2052 = VECTOR('',#2053,1.);
#2053 = DIRECTION('',(1.,0.,-0.));
#2054 = PCURVE('',#32,#2055);
#2055 = DEFINITIONAL_REPRESENTATION('',(#2056),#2060);
#2056 = LINE('',#2057,#2058);
#2057 = CARTESIAN_POINT('',(12.101111111111,12.006944444444));
#2058 = VECTOR('',#2059,1.);
#2059 = DIRECTION('',(1.,0.));
#2060 = ( GEOMETRIC_REPRESENTATION_CONTEXT(2) 
PARAMETRIC_REPRESENTATION_CONTEXT() REPRESENTATION_CONTEXT('2D SPACE',''
  ) );
#2061 = PCURVE('',#2062,#2067);
#2062 = PLANE('',#2063);
#2063 = AXIS2_PLACEMENT_3D('',#2064,#2065,#2066);
#2064 = CARTESIAN_POINT('',(12.101111111111,12.006944444444,0.));
#2065 = DIRECTION('',(-0.,1.,0.));
#2066 = DIRECTION('',(0.,0.,1.));
#2067 = DEFINITIONAL_REPRESENTATION('',(#2068),#2072);
#2068 = LINE('',#2069,#2070);
#2069 = CARTESIAN_POINT('',(0.,0.));
#2070 = VECTOR('',#2071,1.);
#2071 = DIRECTION('',(0.,1.));
#2072 = ( GEOMETRIC_REPRESENTATION_CONTEXT(2) 
PARAMETRIC_REPRESENTATION_CONTEXT() REPRESENTATION_CONTEXT('2D SPACE',''
  ) );
#2073 = ORIENTED_EDGE('',*,*,#2074,.T.);
#2074 = EDGE_CURVE('',#2047,#24,#2075,.T.);
#2075 = SURFACE_CURVE('',#2076,(#2080,#2087),.PCURVE_S1.);
#2076 = LINE('',#2077,#2078);
#2077 = CARTESIAN_POINT('',(12.121111111111,-12.40416666666,0.));
#2078 = VECTOR('',#2079,1.);
#2079 = DIRECTION('',(-0.,1.,0.));
#2080 = PCURVE('',#32,#2081);
#2081 = DEFINITIONAL_REPRESENTATION('',(#2082),#2086);
#2082 = LINE('',#2083,#2084);
#2083 = CARTESIAN_POINT('',(12.121111111111,-12.40416666666));
#2084 = VECTOR('',#2085,1.);
#2085 = DIRECTION('',(0.,1.));
#2086 = ( GEOMETRIC_REPRESENTATION_CONTEXT(2) 
PARAMETRIC_REPRESENTATION_CONTEXT() REPRESENTATION_CONTEXT('2D SPACE',''
  ) );
#2087 = PCURVE('',#2088,#2093);
#2088 = PLANE('',#2089);
#2089 = AXIS2_PLACEMENT_3D('',#2090,#2091,#2092);
#2090 = CARTESIAN_POINT('',(12.121111111111,-12.40416666666,0.));
#2091 = DIRECTION('',(1.,0.,-0.));
#2092 = DIRECTION('',(0.,0.,1.));
#2093 = DEFINITIONAL_REPRESENTATION('',(#2094),#2098);
#2094 = LINE('',#2095,#2096);
#2095 = CARTESIAN_POINT('',(0.,0.));
#2096 = VECTOR('',#2097,1.);
#2097 = DIRECTION('',(0.,-1.));
#2098 = ( GEOMETRIC_REPRESENTATION_CONTEXT(2) 
PARAMETRIC_REPRESENTATION_CONTEXT() REPRESENTATION_CONTEXT('2D SPACE',''
  ) );
#2099 = FACE_BOUND('',#2100,.F.);
#2100 = EDGE_LOOP('',(#2101));
#2101 = ORIENTED_EDGE('',*,*,#2102,.F.);
#2102 = EDGE_CURVE('',#2103,#2103,#2105,.T.);
#2103 = VERTEX_POINT('',#2104);
#2104 = CARTESIAN_POINT('',(1.1,-7.,0.));
#2105 = SURFACE_CURVE('',#2106,(#2111,#2118),.PCURVE_S1.);
#2106 = CIRCLE('',#2107,1.1);
#2107 = AXIS2_PLACEMENT_3D('',#2108,#2109,#2110);
#2108 = CARTESIAN_POINT('',(-1.285879139105E-15,-7.,0.));
#2109 = DIRECTION('',(0.,0.,1.));
#2110 = DIRECTION('',(1.,0.,-0.));
#2111 = PCURVE('',#32,#2112);
#2112 = DEFINITIONAL_REPRESENTATION('',(#2113),#2117);
#2113 = CIRCLE('',#2114,1.1);
#2114 = AXIS2_PLACEMENT_2D('',#2115,#2116);
#2115 = CARTESIAN_POINT('',(-1.285879139105E-15,-7.));
#2116 = DIRECTION('',(1.,0.));
#2117 = ( GEOMETRIC_REPRESENTATION_CONTEXT(2) 
PARAMETRIC_REPRESENTATION_CONTEXT() REPRESENTATION_CONTEXT('2D SPACE',''
  ) );
#2118 = PCURVE('',#2119,#2124);
#2119 = CYLINDRICAL_SURFACE('',#2120,1.1);
#2120 = AXIS2_PLACEMENT_3D('',#2121,#2122,#2123);
#2121 = CARTESIAN_POINT('',(-1.285879139105E-15,-7.,-60.));
#2122 = DIRECTION('',(0.,0.,1.));
#2123 = DIRECTION('',(1.,0.,-0.));
#2124 = DEFINITIONAL_REPRESENTATION('',(#2125),#2129);
#2125 = LINE('',#2126,#2127);
#2126 = CARTESIAN_POINT('',(0.,60.));
#2127 = VECTOR('',#2128,1.);
#2128 = DIRECTION('',(1.,0.));
#2129 = ( GEOMETRIC_REPRESENTATION_CONTEXT(2) 
PARAMETRIC_REPRESENTATION_CONTEXT() REPRESENTATION_CONTEXT('2D SPACE',''
  ) );
#2130 = FACE_BOUND('',#2131,.F.);
#2131 = EDGE_LOOP('',(#2132,#2161,#2188));
#2132 = ORIENTED_EDGE('',*,*,#2133,.T.);
#2133 = EDGE_CURVE('',#2134,#2136,#2138,.T.);
#2134 = VERTEX_POINT('',#2135);
#2135 = CARTESIAN_POINT('',(35.435,6.675594036697,0.));
#2136 = VERTEX_POINT('',#2137);
#2137 = CARTESIAN_POINT('',(40.113333333333,-6.368712538226,0.));
#2138 = SURFACE_CURVE('',#2139,(#2143,#2150),.PCURVE_S1.);
#2139 = LINE('',#2140,#2141);
#2140 = CARTESIAN_POINT('',(36.815576744729,2.826217554662,
    7.105427357601E-15));
#2141 = VECTOR('',#2142,1.);
#2142 = DIRECTION('',(0.33759381429,-0.941291887011,0.));
#2143 = PCURVE('',#32,#2144);
#2144 = DEFINITIONAL_REPRESENTATION('',(#2145),#2149);
#2145 = LINE('',#2146,#2147);
#2146 = CARTESIAN_POINT('',(36.815576744729,2.826217554662));
#2147 = VECTOR('',#2148,1.);
#2148 = DIRECTION('',(0.33759381429,-0.941291887011));
#2149 = ( GEOMETRIC_REPRESENTATION_CONTEXT(2) 
PARAMETRIC_REPRESENTATION_CONTEXT() REPRESENTATION_CONTEXT('2D SPACE',''
  ) );
#2150 = PCURVE('',#2151,#2156);
#2151 = PLANE('',#2152);
#2152 = AXIS2_PLACEMENT_3D('',#2153,#2154,#2155);
#2153 = CARTESIAN_POINT('',(40.113333333333,-6.368712538226,-60.));
#2154 = DIRECTION('',(-0.941291887011,-0.33759381429,0.));
#2155 = DIRECTION('',(-0.33759381429,0.941291887011,0.));
#2156 = DEFINITIONAL_REPRESENTATION('',(#2157),#2160);
#2157 = B_SPLINE_CURVE_WITH_KNOTS('',1,(#2158,#2159),.UNSPECIFIED.,.F.,
  .F.,(2,2),(-4.089461021765,9.768415323418),.PIECEWISE_BEZIER_KNOTS.);
#2158 = CARTESIAN_POINT('',(13.857876345183,-60.));
#2159 = CARTESIAN_POINT('',(0.,-60.));
#2160 = ( GEOMETRIC_REPRESENTATION_CONTEXT(2) 
PARAMETRIC_REPRESENTATION_CONTEXT() REPRESENTATION_CONTEXT('2D SPACE',''
  ) );
#2161 = ORIENTED_EDGE('',*,*,#2162,.T.);
#2162 = EDGE_CURVE('',#2136,#2163,#2165,.T.);
#2163 = VERTEX_POINT('',#2164);
#2164 = CARTESIAN_POINT('',(30.756666666667,-6.982475535168,0.));
#2165 = SURFACE_CURVE('',#2166,(#2170,#2177),.PCURVE_S1.);
#2166 = LINE('',#2167,#2168);
#2167 = CARTESIAN_POINT('',(15.672252122719,-7.971957773601,0.));
#2168 = VECTOR('',#2169,1.);
#2169 = DIRECTION('',(-0.997855478961,-6.545565756488E-02,0.));
#2170 = PCURVE('',#32,#2171);
#2171 = DEFINITIONAL_REPRESENTATION('',(#2172),#2176);
#2172 = LINE('',#2173,#2174);
#2173 = CARTESIAN_POINT('',(15.672252122719,-7.971957773601));
#2174 = VECTOR('',#2175,1.);
#2175 = DIRECTION('',(-0.997855478961,-6.545565756488E-02));
#2176 = ( GEOMETRIC_REPRESENTATION_CONTEXT(2) 
PARAMETRIC_REPRESENTATION_CONTEXT() REPRESENTATION_CONTEXT('2D SPACE',''
  ) );
#2177 = PCURVE('',#2178,#2183);
#2178 = PLANE('',#2179);
#2179 = AXIS2_PLACEMENT_3D('',#2180,#2181,#2182);
#2180 = CARTESIAN_POINT('',(30.756666666667,-6.982475535168,-60.));
#2181 = DIRECTION('',(-6.545565756488E-02,0.997855478961,0.));
#2182 = DIRECTION('',(0.997855478961,6.545565756488E-02,0.));
#2183 = DEFINITIONAL_REPRESENTATION('',(#2184),#2187);
#2184 = B_SPLINE_CURVE_WITH_KNOTS('',1,(#2185,#2186),.UNSPECIFIED.,.F.,
  .F.,(2,2),(-24.49360826886,-15.11683291016),.PIECEWISE_BEZIER_KNOTS.);
#2185 = CARTESIAN_POINT('',(9.3767753587,-60.));
#2186 = CARTESIAN_POINT('',(0.,-60.));
#2187 = ( GEOMETRIC_REPRESENTATION_CONTEXT(2) 
PARAMETRIC_REPRESENTATION_CONTEXT() REPRESENTATION_CONTEXT('2D SPACE',''
  ) );
#2188 = ORIENTED_EDGE('',*,*,#2189,.T.);
#2189 = EDGE_CURVE('',#2163,#2134,#2190,.T.);
#2190 = SURFACE_CURVE('',#2191,(#2195,#2202),.PCURVE_S1.);
#2191 = LINE('',#2192,#2193);
#2192 = CARTESIAN_POINT('',(32.551271116702,-1.743252357564,0.));
#2193 = VECTOR('',#2194,1.);
#2194 = DIRECTION('',(0.32404952911,0.946040116847,-0.));
#2195 = PCURVE('',#32,#2196);
#2196 = DEFINITIONAL_REPRESENTATION('',(#2197),#2201);
#2197 = LINE('',#2198,#2199);
#2198 = CARTESIAN_POINT('',(32.551271116702,-1.743252357564));
#2199 = VECTOR('',#2200,1.);
#2200 = DIRECTION('',(0.32404952911,0.946040116847));
#2201 = ( GEOMETRIC_REPRESENTATION_CONTEXT(2) 
PARAMETRIC_REPRESENTATION_CONTEXT() REPRESENTATION_CONTEXT('2D SPACE',''
  ) );
#2202 = PCURVE('',#2203,#2208);
#2203 = PLANE('',#2204);
#2204 = AXIS2_PLACEMENT_3D('',#2205,#2206,#2207);
#2205 = CARTESIAN_POINT('',(35.435,6.675594036697,-60.));
#2206 = DIRECTION('',(0.946040116847,-0.32404952911,0.));
#2207 = DIRECTION('',(-0.32404952911,-0.946040116847,0.));
#2208 = DEFINITIONAL_REPRESENTATION('',(#2209),#2212);
#2209 = B_SPLINE_CURVE_WITH_KNOTS('',1,(#2210,#2211),.UNSPECIFIED.,.F.,
  .F.,(2,2),(-5.5380560341,8.899037413257),.PIECEWISE_BEZIER_KNOTS.);
#2210 = CARTESIAN_POINT('',(14.437093447356,-60.));
#2211 = CARTESIAN_POINT('',(0.,-60.));
#2212 = ( GEOMETRIC_REPRESENTATION_CONTEXT(2) 
PARAMETRIC_REPRESENTATION_CONTEXT() REPRESENTATION_CONTEXT('2D SPACE',''
  ) );
#2213 = FACE_BOUND('',#2214,.F.);
#2214 = EDGE_LOOP('',(#2215,#2244,#2271));
#2215 = ORIENTED_EDGE('',*,*,#2216,.T.);
#2216 = EDGE_CURVE('',#2217,#2219,#2221,.T.);
#2217 = VERTEX_POINT('',#2218);
#2218 = CARTESIAN_POINT('',(61.348333333333,4.975774464832,0.));
#2219 = VERTEX_POINT('',#2220);
#2220 = CARTESIAN_POINT('',(66.026666666667,-4.668892966361,0.));
#2221 = SURFACE_CURVE('',#2222,(#2226,#2233),.PCURVE_S1.);
#2222 = LINE('',#2223,#2224);
#2223 = CARTESIAN_POINT('',(58.821770225994,10.184437289387,
    7.105427357601E-15));
#2224 = VECTOR('',#2225,1.);
#2225 = DIRECTION('',(0.436434454803,-0.899736053885,0.));
#2226 = PCURVE('',#32,#2227);
#2227 = DEFINITIONAL_REPRESENTATION('',(#2228),#2232);
#2228 = LINE('',#2229,#2230);
#2229 = CARTESIAN_POINT('',(58.821770225994,10.184437289387));
#2230 = VECTOR('',#2231,1.);
#2231 = DIRECTION('',(0.436434454803,-0.899736053885));
#2232 = ( GEOMETRIC_REPRESENTATION_CONTEXT(2) 
PARAMETRIC_REPRESENTATION_CONTEXT() REPRESENTATION_CONTEXT('2D SPACE',''
  ) );
#2233 = PCURVE('',#2234,#2239);
#2234 = PLANE('',#2235);
#2235 = AXIS2_PLACEMENT_3D('',#2236,#2237,#2238);
#2236 = CARTESIAN_POINT('',(66.026666666667,-4.668892966361,-60.));
#2237 = DIRECTION('',(-0.899736053885,-0.436434454803,0.));
#2238 = DIRECTION('',(-0.436434454803,0.899736053885,0.));
#2239 = DEFINITIONAL_REPRESENTATION('',(#2240),#2243);
#2240 = B_SPLINE_CURVE_WITH_KNOTS('',1,(#2241,#2242),.UNSPECIFIED.,.F.,
  .F.,(2,2),(5.78910092806,16.508541801356),.PIECEWISE_BEZIER_KNOTS.);
#2241 = CARTESIAN_POINT('',(10.719440873296,-60.));
#2242 = CARTESIAN_POINT('',(0.,-60.));
#2243 = ( GEOMETRIC_REPRESENTATION_CONTEXT(2) 
PARAMETRIC_REPRESENTATION_CONTEXT() REPRESENTATION_CONTEXT('2D SPACE',''
  ) );
#2244 = ORIENTED_EDGE('',*,*,#2245,.T.);
#2245 = EDGE_CURVE('',#2219,#2246,#2248,.T.);
#2246 = VERTEX_POINT('',#2247);
#2247 = CARTESIAN_POINT('',(56.67,-5.282655963303,0.));
#2248 = SURFACE_CURVE('',#2249,(#2253,#2260),.PCURVE_S1.);
#2249 = LINE('',#2250,#2251);
#2250 = CARTESIAN_POINT('',(28.628918789386,-7.122047987669,0.));
#2251 = VECTOR('',#2252,1.);
#2252 = DIRECTION('',(-0.997855478961,-6.545565756488E-02,0.));
#2253 = PCURVE('',#32,#2254);
#2254 = DEFINITIONAL_REPRESENTATION('',(#2255),#2259);
#2255 = LINE('',#2256,#2257);
#2256 = CARTESIAN_POINT('',(28.628918789386,-7.122047987669));
#2257 = VECTOR('',#2258,1.);
#2258 = DIRECTION('',(-0.997855478961,-6.545565756488E-02));
#2259 = ( GEOMETRIC_REPRESENTATION_CONTEXT(2) 
PARAMETRIC_REPRESENTATION_CONTEXT() REPRESENTATION_CONTEXT('2D SPACE',''
  ) );
#2260 = PCURVE('',#2261,#2266);
#2261 = PLANE('',#2262);
#2262 = AXIS2_PLACEMENT_3D('',#2263,#2264,#2265);
#2263 = CARTESIAN_POINT('',(56.67,-5.282655963303,-60.));
#2264 = DIRECTION('',(-6.545565756488E-02,0.997855478961,0.));
#2265 = DIRECTION('',(0.997855478961,6.545565756488E-02,0.));
#2266 = DEFINITIONAL_REPRESENTATION('',(#2267),#2270);
#2267 = B_SPLINE_CURVE_WITH_KNOTS('',1,(#2268,#2269),.UNSPECIFIED.,.F.,
  .F.,(2,2),(-37.47812049518,-28.10134513648),.PIECEWISE_BEZIER_KNOTS.);
#2268 = CARTESIAN_POINT('',(9.3767753587,-60.));
#2269 = CARTESIAN_POINT('',(0.,-60.));
#2270 = ( GEOMETRIC_REPRESENTATION_CONTEXT(2) 
PARAMETRIC_REPRESENTATION_CONTEXT() REPRESENTATION_CONTEXT('2D SPACE',''
  ) );
#2271 = ORIENTED_EDGE('',*,*,#2272,.T.);
#2272 = EDGE_CURVE('',#2246,#2217,#2273,.T.);
#2273 = SURFACE_CURVE('',#2274,(#2278,#2285),.PCURVE_S1.);
#2274 = LINE('',#2275,#2276);
#2275 = CARTESIAN_POINT('',(55.127869690854,-8.664167146949,0.));
#2276 = VECTOR('',#2277,1.);
#2277 = DIRECTION('',(0.414935379137,0.909850884014,-0.));
#2278 = PCURVE('',#32,#2279);
#2279 = DEFINITIONAL_REPRESENTATION('',(#2280),#2284);
#2280 = LINE('',#2281,#2282);
#2281 = CARTESIAN_POINT('',(55.127869690854,-8.664167146949));
#2282 = VECTOR('',#2283,1.);
#2283 = DIRECTION('',(0.414935379137,0.909850884014));
#2284 = ( GEOMETRIC_REPRESENTATION_CONTEXT(2) 
PARAMETRIC_REPRESENTATION_CONTEXT() REPRESENTATION_CONTEXT('2D SPACE',''
  ) );
#2285 = PCURVE('',#2286,#2291);
#2286 = PLANE('',#2287);
#2287 = AXIS2_PLACEMENT_3D('',#2288,#2289,#2290);
#2288 = CARTESIAN_POINT('',(61.348333333333,4.975774464832,-60.));
#2289 = DIRECTION('',(0.909850884014,-0.414935379137,0.));
#2290 = DIRECTION('',(-0.414935379137,-0.909850884014,0.));
#2291 = DEFINITIONAL_REPRESENTATION('',(#2292),#2295);
#2292 = B_SPLINE_CURVE_WITH_KNOTS('',1,(#2293,#2294),.UNSPECIFIED.,.F.,
  .F.,(2,2),(3.716555364247,14.991403373274),.PIECEWISE_BEZIER_KNOTS.);
#2293 = CARTESIAN_POINT('',(11.274848009027,-60.));
#2294 = CARTESIAN_POINT('',(0.,-60.));
#2295 = ( GEOMETRIC_REPRESENTATION_CONTEXT(2) 
PARAMETRIC_REPRESENTATION_CONTEXT() REPRESENTATION_CONTEXT('2D SPACE',''
  ) );
#2296 = FACE_BOUND('',#2297,.F.);
#2297 = EDGE_LOOP('',(#2298));
#2298 = ORIENTED_EDGE('',*,*,#2299,.F.);
#2299 = EDGE_CURVE('',#2300,#2300,#2302,.T.);
#2300 = VERTEX_POINT('',#2301);
#2301 = CARTESIAN_POINT('',(-5.9,5.878304635907E-16,0.));
#2302 = SURFACE_CURVE('',#2303,(#2308,#2315),.PCURVE_S1.);
#2303 = CIRCLE('',#2304,1.1);
#2304 = AXIS2_PLACEMENT_3D('',#2305,#2306,#2307);
#2305 = CARTESIAN_POINT('',(-7.,8.572527594031E-16,0.));
#2306 = DIRECTION('',(0.,0.,1.));
#2307 = DIRECTION('',(1.,0.,-0.));
#2308 = PCURVE('',#32,#2309);
#2309 = DEFINITIONAL_REPRESENTATION('',(#2310),#2314);
#2310 = CIRCLE('',#2311,1.1);
#2311 = AXIS2_PLACEMENT_2D('',#2312,#2313);
#2312 = CARTESIAN_POINT('',(-7.,8.572527594031E-16));
#2313 = DIRECTION('',(1.,0.));
#2314 = ( GEOMETRIC_REPRESENTATION_CONTEXT(2) 
PARAMETRIC_REPRESENTATION_CONTEXT() REPRESENTATION_CONTEXT('2D SPACE',''
  ) );
#2315 = PCURVE('',#2316,#2321);
#2316 = CYLINDRICAL_SURFACE('',#2317,1.1);
#2317 = AXIS2_PLACEMENT_3D('',#2318,#2319,#2320);
#2318 = CARTESIAN_POINT('',(-7.,8.572527594031E-16,-60.));
#2319 = DIRECTION('',(0.,0.,1.));
#2320 = DIRECTION('',(1.,0.,-0.));
#2321 = DEFINITIONAL_REPRESENTATION('',(#2322),#2326);
#2322 = LINE('',#2323,#2324);
#2323 = CARTESIAN_POINT('',(0.,60.));
#2324 = VECTOR('',#2325,1.);
#2325 = DIRECTION('',(1.,0.));
#2326 = ( GEOMETRIC_REPRESENTATION_CONTEXT(2) 
PARAMETRIC_REPRESENTATION_CONTEXT() REPRESENTATION_CONTEXT('2D SPACE',''
  ) );
#2327 = FACE_BOUND('',#2328,.F.);
#2328 = EDGE_LOOP('',(#2329));
#2329 = ORIENTED_EDGE('',*,*,#2330,.F.);
#2330 = EDGE_CURVE('',#2331,#2331,#2333,.T.);
#2331 = VERTEX_POINT('',#2332);
#2332 = CARTESIAN_POINT('',(4.5,-1.102182119233E-15,0.));
#2333 = SURFACE_CURVE('',#2334,(#2339,#2346),.PCURVE_S1.);
#2334 = CIRCLE('',#2335,4.5);
#2335 = AXIS2_PLACEMENT_3D('',#2336,#2337,#2338);
#2336 = CARTESIAN_POINT('',(0.,0.,0.));
#2337 = DIRECTION('',(0.,0.,1.));
#2338 = DIRECTION('',(1.,0.,-0.));
#2339 = PCURVE('',#32,#2340);
#2340 = DEFINITIONAL_REPRESENTATION('',(#2341),#2345);
#2341 = CIRCLE('',#2342,4.5);
#2342 = AXIS2_PLACEMENT_2D('',#2343,#2344);
#2343 = CARTESIAN_POINT('',(0.,0.));
#2344 = DIRECTION('',(1.,0.));
#2345 = ( GEOMETRIC_REPRESENTATION_CONTEXT(2) 
PARAMETRIC_REPRESENTATION_CONTEXT() REPRESENTATION_CONTEXT('2D SPACE',''
  ) );
#2346 = PCURVE('',#2347,#2352);
#2347 = CYLINDRICAL_SURFACE('',#2348,4.5);
#2348 = AXIS2_PLACEMENT_3D('',#2349,#2350,#2351);
#2349 = CARTESIAN_POINT('',(0.,0.,-60.));
#2350 = DIRECTION('',(0.,0.,1.));
#2351 = DIRECTION('',(1.,0.,-0.));
#2352 = DEFINITIONAL_REPRESENTATION('',(#2353),#2357);
#2353 = LINE('',#2354,#2355);
#2354 = CARTESIAN_POINT('',(0.,60.));
#2355 = VECTOR('',#2356,1.);
#2356 = DIRECTION('',(1.,0.));
#2357 = ( GEOMETRIC_REPRESENTATION_CONTEXT(2) 
PARAMETRIC_REPRESENTATION_CONTEXT() REPRESENTATION_CONTEXT('2D SPACE',''
  ) );
#2358 = FACE_BOUND('',#2359,.F.);
#2359 = EDGE_LOOP('',(#2360));
#2360 = ORIENTED_EDGE('',*,*,#2361,.F.);
#2361 = EDGE_CURVE('',#2362,#2362,#2364,.T.);
#2362 = VERTEX_POINT('',#2363);
#2363 = CARTESIAN_POINT('',(8.1,-2.694222958124E-16,0.));
#2364 = SURFACE_CURVE('',#2365,(#2370,#2377),.PCURVE_S1.);
#2365 = CIRCLE('',#2366,1.1);
#2366 = AXIS2_PLACEMENT_3D('',#2367,#2368,#2369);
#2367 = CARTESIAN_POINT('',(7.,0.,0.));
#2368 = DIRECTION('',(0.,0.,1.));
#2369 = DIRECTION('',(1.,0.,-0.));
#2370 = PCURVE('',#32,#2371);
#2371 = DEFINITIONAL_REPRESENTATION('',(#2372),#2376);
#2372 = CIRCLE('',#2373,1.1);
#2373 = AXIS2_PLACEMENT_2D('',#2374,#2375);
#2374 = CARTESIAN_POINT('',(7.,0.));
#2375 = DIRECTION('',(1.,0.));
#2376 = ( GEOMETRIC_REPRESENTATION_CONTEXT(2) 
PARAMETRIC_REPRESENTATION_CONTEXT() REPRESENTATION_CONTEXT('2D SPACE',''
  ) );
#2377 = PCURVE('',#2378,#2383);
#2378 = CYLINDRICAL_SURFACE('',#2379,1.1);
#2379 = AXIS2_PLACEMENT_3D('',#2380,#2381,#2382);
#2380 = CARTESIAN_POINT('',(7.,0.,-60.));
#2381 = DIRECTION('',(0.,0.,1.));
#2382 = DIRECTION('',(1.,0.,-0.));
#2383 = DEFINITIONAL_REPRESENTATION('',(#2384),#2388);
#2384 = LINE('',#2385,#2386);
#2385 = CARTESIAN_POINT('',(0.,60.));
#2386 = VECTOR('',#2387,1.);
#2387 = DIRECTION('',(1.,0.));
#2388 = ( GEOMETRIC_REPRESENTATION_CONTEXT(2) 
PARAMETRIC_REPRESENTATION_CONTEXT() REPRESENTATION_CONTEXT('2D SPACE',''
  ) );
#2389 = FACE_BOUND('',#2390,.F.);
#2390 = EDGE_LOOP('',(#2391,#2420,#2447));
#2391 = ORIENTED_EDGE('',*,*,#2392,.T.);
#2392 = EDGE_CURVE('',#2393,#2395,#2397,.T.);
#2393 = VERTEX_POINT('',#2394);
#2394 = CARTESIAN_POINT('',(17.8,7.832385321101,0.));
#2395 = VERTEX_POINT('',#2396);
#2396 = CARTESIAN_POINT('',(27.156666666667,7.218622324159,0.));
#2397 = SURFACE_CURVE('',#2398,(#2402,#2409),.PCURVE_S1.);
#2398 = LINE('',#2399,#2400);
#2399 = CARTESIAN_POINT('',(13.872252122719,8.090031168097,0.));
#2400 = VECTOR('',#2401,1.);
#2401 = DIRECTION('',(0.997855478961,-6.545565756488E-02,0.));
#2402 = PCURVE('',#32,#2403);
#2403 = DEFINITIONAL_REPRESENTATION('',(#2404),#2408);
#2404 = LINE('',#2405,#2406);
#2405 = CARTESIAN_POINT('',(13.872252122719,8.090031168097));
#2406 = VECTOR('',#2407,1.);
#2407 = DIRECTION('',(0.997855478961,-6.545565756488E-02));
#2408 = ( GEOMETRIC_REPRESENTATION_CONTEXT(2) 
PARAMETRIC_REPRESENTATION_CONTEXT() REPRESENTATION_CONTEXT('2D SPACE',''
  ) );
#2409 = PCURVE('',#2410,#2415);
#2410 = PLANE('',#2411);
#2411 = AXIS2_PLACEMENT_3D('',#2412,#2413,#2414);
#2412 = CARTESIAN_POINT('',(27.156666666667,7.218622324159,-60.));
#2413 = DIRECTION('',(-6.545565756488E-02,-0.997855478961,0.));
#2414 = DIRECTION('',(-0.997855478961,6.545565756488E-02,0.));
#2415 = DEFINITIONAL_REPRESENTATION('',(#2416),#2419);
#2416 = B_SPLINE_CURVE_WITH_KNOTS('',1,(#2417,#2418),.UNSPECIFIED.,.F.,
  .F.,(2,2),(3.936189117657,13.312964476357),.PIECEWISE_BEZIER_KNOTS.);
#2417 = CARTESIAN_POINT('',(9.3767753587,-60.));
#2418 = CARTESIAN_POINT('',(0.,-60.));
#2419 = ( GEOMETRIC_REPRESENTATION_CONTEXT(2) 
PARAMETRIC_REPRESENTATION_CONTEXT() REPRESENTATION_CONTEXT('2D SPACE',''
  ) );
#2420 = ORIENTED_EDGE('',*,*,#2421,.T.);
#2421 = EDGE_CURVE('',#2395,#2422,#2424,.T.);
#2422 = VERTEX_POINT('',#2423);
#2423 = CARTESIAN_POINT('',(22.478333333333,-7.52550382263,0.));
#2424 = SURFACE_CURVE('',#2425,(#2429,#2436),.PCURVE_S1.);
#2425 = LINE('',#2426,#2427);
#2426 = CARTESIAN_POINT('',(22.534993575397,-7.346934726123,0.));
#2427 = VECTOR('',#2428,1.);
#2428 = DIRECTION('',(-0.302441608465,-0.953167914624,0.));
#2429 = PCURVE('',#32,#2430);
#2430 = DEFINITIONAL_REPRESENTATION('',(#2431),#2435);
#2431 = LINE('',#2432,#2433);
#2432 = CARTESIAN_POINT('',(22.534993575397,-7.346934726123));
#2433 = VECTOR('',#2434,1.);
#2434 = DIRECTION('',(-0.302441608465,-0.953167914624));
#2435 = ( GEOMETRIC_REPRESENTATION_CONTEXT(2) 
PARAMETRIC_REPRESENTATION_CONTEXT() REPRESENTATION_CONTEXT('2D SPACE',''
  ) );
#2436 = PCURVE('',#2437,#2442);
#2437 = PLANE('',#2438);
#2438 = AXIS2_PLACEMENT_3D('',#2439,#2440,#2441);
#2439 = CARTESIAN_POINT('',(22.478333333333,-7.52550382263,-60.));
#2440 = DIRECTION('',(-0.953167914624,0.302441608465,0.));
#2441 = DIRECTION('',(0.302441608465,0.953167914624,0.));
#2442 = DEFINITIONAL_REPRESENTATION('',(#2443),#2446);
#2443 = B_SPLINE_CURVE_WITH_KNOTS('',1,(#2444,#2445),.UNSPECIFIED.,.F.,
  .F.,(2,2),(-15.28120788248,0.18734274808),.PIECEWISE_BEZIER_KNOTS.);
#2444 = CARTESIAN_POINT('',(15.46855063056,-60.));
#2445 = CARTESIAN_POINT('',(0.,-60.));
#2446 = ( GEOMETRIC_REPRESENTATION_CONTEXT(2) 
PARAMETRIC_REPRESENTATION_CONTEXT() REPRESENTATION_CONTEXT('2D SPACE',''
  ) );
#2447 = ORIENTED_EDGE('',*,*,#2448,.T.);
#2448 = EDGE_CURVE('',#2422,#2393,#2449,.T.);
#2449 = SURFACE_CURVE('',#2450,(#2454,#2461),.PCURVE_S1.);
#2450 = LINE('',#2451,#2452);
#2451 = CARTESIAN_POINT('',(18.135917473379,6.729645744841,
    7.105427357601E-15));
#2452 = VECTOR('',#2453,1.);
#2453 = DIRECTION('',(-0.291400645564,0.956601099605,0.));
#2454 = PCURVE('',#32,#2455);
#2455 = DEFINITIONAL_REPRESENTATION('',(#2456),#2460);
#2456 = LINE('',#2457,#2458);
#2457 = CARTESIAN_POINT('',(18.135917473379,6.729645744841));
#2458 = VECTOR('',#2459,1.);
#2459 = DIRECTION('',(-0.291400645564,0.956601099605));
#2460 = ( GEOMETRIC_REPRESENTATION_CONTEXT(2) 
PARAMETRIC_REPRESENTATION_CONTEXT() REPRESENTATION_CONTEXT('2D SPACE',''
  ) );
#2461 = PCURVE('',#2462,#2467);
#2462 = PLANE('',#2463);
#2463 = AXIS2_PLACEMENT_3D('',#2464,#2465,#2466);
#2464 = CARTESIAN_POINT('',(17.8,7.832385321101,-60.));
#2465 = DIRECTION('',(0.956601099605,0.291400645564,-0.));
#2466 = DIRECTION('',(0.291400645564,-0.956601099605,0.));
#2467 = DEFINITIONAL_REPRESENTATION('',(#2468),#2471);
#2468 = B_SPLINE_CURVE_WITH_KNOTS('',1,(#2469,#2470),.UNSPECIFIED.,.F.,
  .F.,(2,2),(-14.90187453617,1.152768459827),.PIECEWISE_BEZIER_KNOTS.);
#2469 = CARTESIAN_POINT('',(16.054642995997,-60.));
#2470 = CARTESIAN_POINT('',(0.,-60.));
#2471 = ( GEOMETRIC_REPRESENTATION_CONTEXT(2) 
PARAMETRIC_REPRESENTATION_CONTEXT() REPRESENTATION_CONTEXT('2D SPACE',''
  ) );
#2472 = FACE_BOUND('',#2473,.F.);
#2473 = EDGE_LOOP('',(#2474));
#2474 = ORIENTED_EDGE('',*,*,#2475,.F.);
#2475 = EDGE_CURVE('',#2476,#2476,#2478,.T.);
#2476 = VERTEX_POINT('',#2477);
#2477 = CARTESIAN_POINT('',(1.1,7.,0.));
#2478 = SURFACE_CURVE('',#2479,(#2484,#2491),.PCURVE_S1.);
#2479 = CIRCLE('',#2480,1.1);
#2480 = AXIS2_PLACEMENT_3D('',#2481,#2482,#2483);
#2481 = CARTESIAN_POINT('',(4.286263797016E-16,7.,0.));
#2482 = DIRECTION('',(0.,0.,1.));
#2483 = DIRECTION('',(1.,0.,-0.));
#2484 = PCURVE('',#32,#2485);
#2485 = DEFINITIONAL_REPRESENTATION('',(#2486),#2490);
#2486 = CIRCLE('',#2487,1.1);
#2487 = AXIS2_PLACEMENT_2D('',#2488,#2489);
#2488 = CARTESIAN_POINT('',(4.286263797016E-16,7.));
#2489 = DIRECTION('',(1.,0.));
#2490 = ( GEOMETRIC_REPRESENTATION_CONTEXT(2) 
PARAMETRIC_REPRESENTATION_CONTEXT() REPRESENTATION_CONTEXT('2D SPACE',''
  ) );
#2491 = PCURVE('',#2492,#2497);
#2492 = CYLINDRICAL_SURFACE('',#2493,1.1);
#2493 = AXIS2_PLACEMENT_3D('',#2494,#2495,#2496);
#2494 = CARTESIAN_POINT('',(4.286263797016E-16,7.,-60.));
#2495 = DIRECTION('',(0.,0.,1.));
#2496 = DIRECTION('',(1.,0.,-0.));
#2497 = DEFINITIONAL_REPRESENTATION('',(#2498),#2502);
#2498 = LINE('',#2499,#2500);
#2499 = CARTESIAN_POINT('',(0.,60.));
#2500 = VECTOR('',#2501,1.);
#2501 = DIRECTION('',(1.,0.));
#2502 = ( GEOMETRIC_REPRESENTATION_CONTEXT(2) 
PARAMETRIC_REPRESENTATION_CONTEXT() REPRESENTATION_CONTEXT('2D SPACE',''
  ) );
#2503 = FACE_BOUND('',#2504,.F.);
#2504 = EDGE_LOOP('',(#2505,#2534,#2561));
#2505 = ORIENTED_EDGE('',*,*,#2506,.T.);
#2506 = EDGE_CURVE('',#2507,#2509,#2511,.T.);
#2507 = VERTEX_POINT('',#2508);
#2508 = CARTESIAN_POINT('',(43.713333333333,6.132565749235,0.));
#2509 = VERTEX_POINT('',#2510);
#2510 = CARTESIAN_POINT('',(53.07,5.518802752294,0.));
#2511 = SURFACE_CURVE('',#2512,(#2516,#2523),.PCURVE_S1.);
#2512 = LINE('',#2513,#2514);
#2513 = CARTESIAN_POINT('',(26.828918789386,7.240121382164,0.));
#2514 = VECTOR('',#2515,1.);
#2515 = DIRECTION('',(0.997855478961,-6.545565756488E-02,0.));
#2516 = PCURVE('',#32,#2517);
#2517 = DEFINITIONAL_REPRESENTATION('',(#2518),#2522);
#2518 = LINE('',#2519,#2520);
#2519 = CARTESIAN_POINT('',(26.828918789386,7.240121382164));
#2520 = VECTOR('',#2521,1.);
#2521 = DIRECTION('',(0.997855478961,-6.545565756488E-02));
#2522 = ( GEOMETRIC_REPRESENTATION_CONTEXT(2) 
PARAMETRIC_REPRESENTATION_CONTEXT() REPRESENTATION_CONTEXT('2D SPACE',''
  ) );
#2523 = PCURVE('',#2524,#2529);
#2524 = PLANE('',#2525);
#2525 = AXIS2_PLACEMENT_3D('',#2526,#2527,#2528);
#2526 = CARTESIAN_POINT('',(53.07,5.518802752294,-60.));
#2527 = DIRECTION('',(-6.545565756488E-02,-0.997855478961,0.));
#2528 = DIRECTION('',(-0.997855478961,6.545565756488E-02,0.));
#2529 = DEFINITIONAL_REPRESENTATION('',(#2530),#2533);
#2530 = B_SPLINE_CURVE_WITH_KNOTS('',1,(#2531,#2532),.UNSPECIFIED.,.F.,
  .F.,(2,2),(16.920701343972,26.297476702672),.PIECEWISE_BEZIER_KNOTS.);
#2531 = CARTESIAN_POINT('',(9.3767753587,-60.));
#2532 = CARTESIAN_POINT('',(0.,-60.));
#2533 = ( GEOMETRIC_REPRESENTATION_CONTEXT(2) 
PARAMETRIC_REPRESENTATION_CONTEXT() REPRESENTATION_CONTEXT('2D SPACE',''
  ) );
#2534 = ORIENTED_EDGE('',*,*,#2535,.T.);
#2535 = EDGE_CURVE('',#2509,#2536,#2538,.T.);
#2536 = VERTEX_POINT('',#2537);
#2537 = CARTESIAN_POINT('',(48.391666666667,-5.825684250765,0.));
#2538 = SURFACE_CURVE('',#2539,(#2543,#2550),.PCURVE_S1.);
#2539 = LINE('',#2540,#2541);
#2540 = CARTESIAN_POINT('',(45.901529308577,-11.86401646907,
    7.105427357601E-15));
#2541 = VECTOR('',#2542,1.);
#2542 = DIRECTION('',(-0.38124264709,-0.924475009959,0.));
#2543 = PCURVE('',#32,#2544);
#2544 = DEFINITIONAL_REPRESENTATION('',(#2545),#2549);
#2545 = LINE('',#2546,#2547);
#2546 = CARTESIAN_POINT('',(45.901529308577,-11.86401646907));
#2547 = VECTOR('',#2548,1.);
#2548 = DIRECTION('',(-0.38124264709,-0.924475009959));
#2549 = ( GEOMETRIC_REPRESENTATION_CONTEXT(2) 
PARAMETRIC_REPRESENTATION_CONTEXT() REPRESENTATION_CONTEXT('2D SPACE',''
  ) );
#2550 = PCURVE('',#2551,#2556);
#2551 = PLANE('',#2552);
#2552 = AXIS2_PLACEMENT_3D('',#2553,#2554,#2555);
#2553 = CARTESIAN_POINT('',(48.391666666667,-5.825684250765,-60.));
#2554 = DIRECTION('',(-0.924475009959,0.38124264709,0.));
#2555 = DIRECTION('',(0.38124264709,0.924475009959,0.));
#2556 = DEFINITIONAL_REPRESENTATION('',(#2557),#2560);
#2557 = B_SPLINE_CURVE_WITH_KNOTS('',1,(#2558,#2559),.UNSPECIFIED.,.F.,
  .F.,(2,2),(-18.80290871479,-6.531633795682),.PIECEWISE_BEZIER_KNOTS.);
#2558 = CARTESIAN_POINT('',(12.271274919108,-60.));
#2559 = CARTESIAN_POINT('',(0.,-60.));
#2560 = ( GEOMETRIC_REPRESENTATION_CONTEXT(2) 
PARAMETRIC_REPRESENTATION_CONTEXT() REPRESENTATION_CONTEXT('2D SPACE',''
  ) );
#2561 = ORIENTED_EDGE('',*,*,#2562,.T.);
#2562 = EDGE_CURVE('',#2536,#2507,#2563,.T.);
#2563 = SURFACE_CURVE('',#2564,(#2568,#2575),.PCURVE_S1.);
#2564 = LINE('',#2565,#2566);
#2565 = CARTESIAN_POINT('',(41.85247598917,10.889088158037,
    7.105427357601E-15));
#2566 = VECTOR('',#2567,1.);
#2567 = DIRECTION('',(-0.364333035457,0.931268725597,0.));
#2568 = PCURVE('',#32,#2569);
#2569 = DEFINITIONAL_REPRESENTATION('',(#2570),#2574);
#2570 = LINE('',#2571,#2572);
#2571 = CARTESIAN_POINT('',(41.85247598917,10.889088158037));
#2572 = VECTOR('',#2573,1.);
#2573 = DIRECTION('',(-0.364333035457,0.931268725597));
#2574 = ( GEOMETRIC_REPRESENTATION_CONTEXT(2) 
PARAMETRIC_REPRESENTATION_CONTEXT() REPRESENTATION_CONTEXT('2D SPACE',''
  ) );
#2575 = PCURVE('',#2576,#2581);
#2576 = PLANE('',#2577);
#2577 = AXIS2_PLACEMENT_3D('',#2578,#2579,#2580);
#2578 = CARTESIAN_POINT('',(43.713333333333,6.132565749235,-60.));
#2579 = DIRECTION('',(0.931268725597,0.364333035457,-0.));
#2580 = DIRECTION('',(0.364333035457,-0.931268725597,0.));
#2581 = DEFINITIONAL_REPRESENTATION('',(#2582),#2585);
#2582 = B_SPLINE_CURVE_WITH_KNOTS('',1,(#2583,#2584),.UNSPECIFIED.,.F.,
  .F.,(2,2),(-17.94838798874,-5.107572366668),.PIECEWISE_BEZIER_KNOTS.);
#2583 = CARTESIAN_POINT('',(12.840815622081,-60.));
#2584 = CARTESIAN_POINT('',(0.,-60.));
#2585 = ( GEOMETRIC_REPRESENTATION_CONTEXT(2) 
PARAMETRIC_REPRESENTATION_CONTEXT() REPRESENTATION_CONTEXT('2D SPACE',''
  ) );
#2586 = FACE_BOUND('',#2587,.F.);
#2587 = EDGE_LOOP('',(#2588,#2617,#2644));
#2588 = ORIENTED_EDGE('',*,*,#2589,.T.);
#2589 = EDGE_CURVE('',#2590,#2592,#2594,.T.);
#2590 = VERTEX_POINT('',#2591);
#2591 = CARTESIAN_POINT('',(69.626666666667,4.43274617737,0.));
#2592 = VERTEX_POINT('',#2593);
#2593 = CARTESIAN_POINT('',(78.983333333333,3.822439873303,0.));
#2594 = SURFACE_CURVE('',#2595,(#2599,#2606),.PCURVE_S1.);
#2595 = LINE('',#2596,#2597);
#2596 = CARTESIAN_POINT('',(39.783108831319,6.379348758351,
    7.105427357601E-15));
#2597 = VECTOR('',#2598,1.);
#2598 = DIRECTION('',(0.997879490119,-6.508857964222E-02,0.));
#2599 = PCURVE('',#32,#2600);
#2600 = DEFINITIONAL_REPRESENTATION('',(#2601),#2605);
#2601 = LINE('',#2602,#2603);
#2602 = CARTESIAN_POINT('',(39.783108831319,6.379348758351));
#2603 = VECTOR('',#2604,1.);
#2604 = DIRECTION('',(0.997879490119,-6.508857964222E-02));
#2605 = ( GEOMETRIC_REPRESENTATION_CONTEXT(2) 
PARAMETRIC_REPRESENTATION_CONTEXT() REPRESENTATION_CONTEXT('2D SPACE',''
  ) );
#2606 = PCURVE('',#2607,#2612);
#2607 = PLANE('',#2608);
#2608 = AXIS2_PLACEMENT_3D('',#2609,#2610,#2611);
#2609 = CARTESIAN_POINT('',(78.983333333333,3.822439873303,-60.));
#2610 = DIRECTION('',(-6.508857964222E-02,-0.997879490119,0.));
#2611 = DIRECTION('',(-0.997879490119,6.508857964222E-02,0.));
#2612 = DEFINITIONAL_REPRESENTATION('',(#2613),#2616);
#2613 = B_SPLINE_CURVE_WITH_KNOTS('',1,(#2614,#2615),.UNSPECIFIED.,.F.,
  .F.,(2,2),(29.906975873197,39.283525606222),.PIECEWISE_BEZIER_KNOTS.);
#2614 = CARTESIAN_POINT('',(9.376549733025,-60.));
#2615 = CARTESIAN_POINT('',(0.,-60.));
#2616 = ( GEOMETRIC_REPRESENTATION_CONTEXT(2) 
PARAMETRIC_REPRESENTATION_CONTEXT() REPRESENTATION_CONTEXT('2D SPACE',''
  ) );
#2617 = ORIENTED_EDGE('',*,*,#2618,.T.);
#2618 = EDGE_CURVE('',#2592,#2619,#2621,.T.);
#2619 = VERTEX_POINT('',#2620);
#2620 = CARTESIAN_POINT('',(74.305,-4.125864678899,0.));
#2621 = SURFACE_CURVE('',#2622,(#2626,#2633),.PCURVE_S1.);
#2622 = LINE('',#2623,#2624);
#2623 = CARTESIAN_POINT('',(65.647354245095,-18.83486471418,0.));
#2624 = VECTOR('',#2625,1.);
#2625 = DIRECTION('',(-0.507250494309,-0.861798663275,0.));
#2626 = PCURVE('',#32,#2627);
#2627 = DEFINITIONAL_REPRESENTATION('',(#2628),#2632);
#2628 = LINE('',#2629,#2630);
#2629 = CARTESIAN_POINT('',(65.647354245095,-18.83486471418));
#2630 = VECTOR('',#2631,1.);
#2631 = DIRECTION('',(-0.507250494309,-0.861798663275));
#2632 = ( GEOMETRIC_REPRESENTATION_CONTEXT(2) 
PARAMETRIC_REPRESENTATION_CONTEXT() REPRESENTATION_CONTEXT('2D SPACE',''
  ) );
#2633 = PCURVE('',#2634,#2639);
#2634 = PLANE('',#2635);
#2635 = AXIS2_PLACEMENT_3D('',#2636,#2637,#2638);
#2636 = CARTESIAN_POINT('',(74.305,-4.125864678899,-60.));
#2637 = DIRECTION('',(-0.861798663275,0.507250494309,0.));
#2638 = DIRECTION('',(0.507250494309,0.861798663275,0.));
#2639 = DEFINITIONAL_REPRESENTATION('',(#2640),#2643);
#2640 = B_SPLINE_CURVE_WITH_KNOTS('',1,(#2641,#2642),.UNSPECIFIED.,.F.,
  .F.,(2,2),(-26.29071679152,-17.06779165725),.PIECEWISE_BEZIER_KNOTS.);
#2641 = CARTESIAN_POINT('',(9.222925134269,-60.));
#2642 = CARTESIAN_POINT('',(0.,-60.));
#2643 = ( GEOMETRIC_REPRESENTATION_CONTEXT(2) 
PARAMETRIC_REPRESENTATION_CONTEXT() REPRESENTATION_CONTEXT('2D SPACE',''
  ) );
#2644 = ORIENTED_EDGE('',*,*,#2645,.T.);
#2645 = EDGE_CURVE('',#2619,#2590,#2646,.T.);
#2646 = SURFACE_CURVE('',#2647,(#2651,#2658),.PCURVE_S1.);
#2647 = LINE('',#2648,#2649);
#2648 = CARTESIAN_POINT('',(62.55043369032,17.378109420587,0.));
#2649 = VECTOR('',#2650,1.);
#2650 = DIRECTION('',(-0.4796421019,0.877464218122,0.));
#2651 = PCURVE('',#32,#2652);
#2652 = DEFINITIONAL_REPRESENTATION('',(#2653),#2657);
#2653 = LINE('',#2654,#2655);
#2654 = CARTESIAN_POINT('',(62.55043369032,17.378109420587));
#2655 = VECTOR('',#2656,1.);
#2656 = DIRECTION('',(-0.4796421019,0.877464218122));
#2657 = ( GEOMETRIC_REPRESENTATION_CONTEXT(2) 
PARAMETRIC_REPRESENTATION_CONTEXT() REPRESENTATION_CONTEXT('2D SPACE',''
  ) );
#2658 = PCURVE('',#2659,#2664);
#2659 = PLANE('',#2660);
#2660 = AXIS2_PLACEMENT_3D('',#2661,#2662,#2663);
#2661 = CARTESIAN_POINT('',(69.626666666667,4.43274617737,-60.));
#2662 = DIRECTION('',(0.877464218122,0.4796421019,-0.));
#2663 = DIRECTION('',(0.4796421019,-0.877464218122,0.));
#2664 = DEFINITIONAL_REPRESENTATION('',(#2665),#2668);
#2665 = B_SPLINE_CURVE_WITH_KNOTS('',1,(#2666,#2667),.UNSPECIFIED.,.F.,
  .F.,(2,2),(-24.50695271142,-14.75315229482),.PIECEWISE_BEZIER_KNOTS.);
#2666 = CARTESIAN_POINT('',(9.753800416598,-60.));
#2667 = CARTESIAN_POINT('',(0.,-60.));
#2668 = ( GEOMETRIC_REPRESENTATION_CONTEXT(2) 
PARAMETRIC_REPRESENTATION_CONTEXT() REPRESENTATION_CONTEXT('2D SPACE',''
  ) );
#2669 = ADVANCED_FACE('',(#2670),#44,.T.);
#2670 = FACE_BOUND('',#2671,.T.);
#2671 = EDGE_LOOP('',(#2672,#2673,#2696,#2724));
#2672 = ORIENTED_EDGE('',*,*,#21,.F.);
#2673 = ORIENTED_EDGE('',*,*,#2674,.T.);
#2674 = EDGE_CURVE('',#22,#2675,#2677,.T.);
#2675 = VERTEX_POINT('',#2676);
#2676 = CARTESIAN_POINT('',(6.065555555556,12.404166666667,11.));
#2677 = SURFACE_CURVE('',#2678,(#2682,#2689),.PCURVE_S1.);
#2678 = LINE('',#2679,#2680);
#2679 = CARTESIAN_POINT('',(6.065555555556,12.404166666667,0.));
#2680 = VECTOR('',#2681,1.);
#2681 = DIRECTION('',(0.,0.,1.));
#2682 = PCURVE('',#44,#2683);
#2683 = DEFINITIONAL_REPRESENTATION('',(#2684),#2688);
#2684 = LINE('',#2685,#2686);
#2685 = CARTESIAN_POINT('',(0.,2.E-02));
#2686 = VECTOR('',#2687,1.);
#2687 = DIRECTION('',(1.,0.));
#2688 = ( GEOMETRIC_REPRESENTATION_CONTEXT(2) 
PARAMETRIC_REPRESENTATION_CONTEXT() REPRESENTATION_CONTEXT('2D SPACE',''
  ) );
#2689 = PCURVE('',#72,#2690);
#2690 = DEFINITIONAL_REPRESENTATION('',(#2691),#2695);
#2691 = LINE('',#2692,#2693);
#2692 = CARTESIAN_POINT('',(0.,-25.20555555555));
#2693 = VECTOR('',#2694,1.);
#2694 = DIRECTION('',(1.,0.));
#2695 = ( GEOMETRIC_REPRESENTATION_CONTEXT(2) 
PARAMETRIC_REPRESENTATION_CONTEXT() REPRESENTATION_CONTEXT('2D SPACE',''
  ) );
#2696 = ORIENTED_EDGE('',*,*,#2697,.T.);
#2697 = EDGE_CURVE('',#2675,#2698,#2700,.T.);
#2698 = VERTEX_POINT('',#2699);
#2699 = CARTESIAN_POINT('',(12.121111111111,12.404166666667,11.));
#2700 = SURFACE_CURVE('',#2701,(#2705,#2712),.PCURVE_S1.);
#2701 = LINE('',#2702,#2703);
#2702 = CARTESIAN_POINT('',(6.045555555556,12.404166666667,11.));
#2703 = VECTOR('',#2704,1.);
#2704 = DIRECTION('',(1.,0.,-0.));
#2705 = PCURVE('',#44,#2706);
#2706 = DEFINITIONAL_REPRESENTATION('',(#2707),#2711);
#2707 = LINE('',#2708,#2709);
#2708 = CARTESIAN_POINT('',(11.,0.));
#2709 = VECTOR('',#2710,1.);
#2710 = DIRECTION('',(0.,1.));
#2711 = ( GEOMETRIC_REPRESENTATION_CONTEXT(2) 
PARAMETRIC_REPRESENTATION_CONTEXT() REPRESENTATION_CONTEXT('2D SPACE',''
  ) );
#2712 = PCURVE('',#2713,#2718);
#2713 = PLANE('',#2714);
#2714 = AXIS2_PLACEMENT_3D('',#2715,#2716,#2717);
#2715 = CARTESIAN_POINT('',(-1.E-02,9.801388888889,11.));
#2716 = DIRECTION('',(0.,0.,1.));
#2717 = DIRECTION('',(1.,0.,-0.));
#2718 = DEFINITIONAL_REPRESENTATION('',(#2719),#2723);
#2719 = LINE('',#2720,#2721);
#2720 = CARTESIAN_POINT('',(6.055555555556,2.602777777778));
#2721 = VECTOR('',#2722,1.);
#2722 = DIRECTION('',(1.,0.));
#2723 = ( GEOMETRIC_REPRESENTATION_CONTEXT(2) 
PARAMETRIC_REPRESENTATION_CONTEXT() REPRESENTATION_CONTEXT('2D SPACE',''
  ) );
#2724 = ORIENTED_EDGE('',*,*,#2725,.T.);
#2725 = EDGE_CURVE('',#2698,#24,#2726,.T.);
#2726 = SURFACE_CURVE('',#2727,(#2731,#2738),.PCURVE_S1.);
#2727 = LINE('',#2728,#2729);
#2728 = CARTESIAN_POINT('',(12.121111111111,12.404166666667,11.));
#2729 = VECTOR('',#2730,1.);
#2730 = DIRECTION('',(0.,0.,-1.));
#2731 = PCURVE('',#44,#2732);
#2732 = DEFINITIONAL_REPRESENTATION('',(#2733),#2737);
#2733 = LINE('',#2734,#2735);
#2734 = CARTESIAN_POINT('',(11.,6.075555555556));
#2735 = VECTOR('',#2736,1.);
#2736 = DIRECTION('',(-1.,0.));
#2737 = ( GEOMETRIC_REPRESENTATION_CONTEXT(2) 
PARAMETRIC_REPRESENTATION_CONTEXT() REPRESENTATION_CONTEXT('2D SPACE',''
  ) );
#2738 = PCURVE('',#2088,#2739);
#2739 = DEFINITIONAL_REPRESENTATION('',(#2740),#2744);
#2740 = LINE('',#2741,#2742);
#2741 = CARTESIAN_POINT('',(11.,-24.80833333333));
#2742 = VECTOR('',#2743,1.);
#2743 = DIRECTION('',(-1.,0.));
#2744 = ( GEOMETRIC_REPRESENTATION_CONTEXT(2) 
PARAMETRIC_REPRESENTATION_CONTEXT() REPRESENTATION_CONTEXT('2D SPACE',''
  ) );
#2745 = ADVANCED_FACE('',(#2746),#72,.T.);
#2746 = FACE_BOUND('',#2747,.T.);
#2747 = EDGE_LOOP('',(#2748,#2749,#2750,#2773));
#2748 = ORIENTED_EDGE('',*,*,#2674,.F.);
#2749 = ORIENTED_EDGE('',*,*,#56,.T.);
#2750 = ORIENTED_EDGE('',*,*,#2751,.T.);
#2751 = EDGE_CURVE('',#57,#2752,#2754,.T.);
#2752 = VERTEX_POINT('',#2753);
#2753 = CARTESIAN_POINT('',(6.065555555556,12.801388888889,11.));
#2754 = SURFACE_CURVE('',#2755,(#2759,#2766),.PCURVE_S1.);
#2755 = LINE('',#2756,#2757);
#2756 = CARTESIAN_POINT('',(6.065555555556,12.801388888889,0.));
#2757 = VECTOR('',#2758,1.);
#2758 = DIRECTION('',(0.,0.,1.));
#2759 = PCURVE('',#72,#2760);
#2760 = DEFINITIONAL_REPRESENTATION('',(#2761),#2765);
#2761 = LINE('',#2762,#2763);
#2762 = CARTESIAN_POINT('',(0.,-25.60277777777));
#2763 = VECTOR('',#2764,1.);
#2764 = DIRECTION('',(1.,0.));
#2765 = ( GEOMETRIC_REPRESENTATION_CONTEXT(2) 
PARAMETRIC_REPRESENTATION_CONTEXT() REPRESENTATION_CONTEXT('2D SPACE',''
  ) );
#2766 = PCURVE('',#100,#2767);
#2767 = DEFINITIONAL_REPRESENTATION('',(#2768),#2772);
#2768 = LINE('',#2769,#2770);
#2769 = CARTESIAN_POINT('',(0.,6.075555555556));
#2770 = VECTOR('',#2771,1.);
#2771 = DIRECTION('',(1.,0.));
#2772 = ( GEOMETRIC_REPRESENTATION_CONTEXT(2) 
PARAMETRIC_REPRESENTATION_CONTEXT() REPRESENTATION_CONTEXT('2D SPACE',''
  ) );
#2773 = ORIENTED_EDGE('',*,*,#2774,.F.);
#2774 = EDGE_CURVE('',#2675,#2752,#2775,.T.);
#2775 = SURFACE_CURVE('',#2776,(#2780,#2787),.PCURVE_S1.);
#2776 = LINE('',#2777,#2778);
#2777 = CARTESIAN_POINT('',(6.065555555556,9.801388888889,11.));
#2778 = VECTOR('',#2779,1.);
#2779 = DIRECTION('',(-0.,1.,0.));
#2780 = PCURVE('',#72,#2781);
#2781 = DEFINITIONAL_REPRESENTATION('',(#2782),#2786);
#2782 = LINE('',#2783,#2784);
#2783 = CARTESIAN_POINT('',(11.,-22.60277777777));
#2784 = VECTOR('',#2785,1.);
#2785 = DIRECTION('',(0.,-1.));
#2786 = ( GEOMETRIC_REPRESENTATION_CONTEXT(2) 
PARAMETRIC_REPRESENTATION_CONTEXT() REPRESENTATION_CONTEXT('2D SPACE',''
  ) );
#2787 = PCURVE('',#2713,#2788);
#2788 = DEFINITIONAL_REPRESENTATION('',(#2789),#2793);
#2789 = LINE('',#2790,#2791);
#2790 = CARTESIAN_POINT('',(6.075555555556,0.));
#2791 = VECTOR('',#2792,1.);
#2792 = DIRECTION('',(0.,1.));
#2793 = ( GEOMETRIC_REPRESENTATION_CONTEXT(2) 
PARAMETRIC_REPRESENTATION_CONTEXT() REPRESENTATION_CONTEXT('2D SPACE',''
  ) );
#2794 = ADVANCED_FACE('',(#2795),#2088,.T.);
#2795 = FACE_BOUND('',#2796,.T.);
#2796 = EDGE_LOOP('',(#2797,#2820,#2821,#2822));
#2797 = ORIENTED_EDGE('',*,*,#2798,.F.);
#2798 = EDGE_CURVE('',#2047,#2799,#2801,.T.);
#2799 = VERTEX_POINT('',#2800);
#2800 = CARTESIAN_POINT('',(12.121111111111,12.006944444444,11.));
#2801 = SURFACE_CURVE('',#2802,(#2806,#2813),.PCURVE_S1.);
#2802 = LINE('',#2803,#2804);
#2803 = CARTESIAN_POINT('',(12.121111111111,12.006944444444,0.));
#2804 = VECTOR('',#2805,1.);
#2805 = DIRECTION('',(0.,-1.614869854E-16,1.));
#2806 = PCURVE('',#2088,#2807);
#2807 = DEFINITIONAL_REPRESENTATION('',(#2808),#2812);
#2808 = LINE('',#2809,#2810);
#2809 = CARTESIAN_POINT('',(0.,-24.41111111111));
#2810 = VECTOR('',#2811,1.);
#2811 = DIRECTION('',(1.,1.614869854E-16));
#2812 = ( GEOMETRIC_REPRESENTATION_CONTEXT(2) 
PARAMETRIC_REPRESENTATION_CONTEXT() REPRESENTATION_CONTEXT('2D SPACE',''
  ) );
#2813 = PCURVE('',#2062,#2814);
#2814 = DEFINITIONAL_REPRESENTATION('',(#2815),#2819);
#2815 = LINE('',#2816,#2817);
#2816 = CARTESIAN_POINT('',(0.,2.E-02));
#2817 = VECTOR('',#2818,1.);
#2818 = DIRECTION('',(1.,0.));
#2819 = ( GEOMETRIC_REPRESENTATION_CONTEXT(2) 
PARAMETRIC_REPRESENTATION_CONTEXT() REPRESENTATION_CONTEXT('2D SPACE',''
  ) );
#2820 = ORIENTED_EDGE('',*,*,#2074,.T.);
#2821 = ORIENTED_EDGE('',*,*,#2725,.F.);
#2822 = ORIENTED_EDGE('',*,*,#2823,.F.);
#2823 = EDGE_CURVE('',#2799,#2698,#2824,.T.);
#2824 = SURFACE_CURVE('',#2825,(#2829,#2836),.PCURVE_S1.);
#2825 = LINE('',#2826,#2827);
#2826 = CARTESIAN_POINT('',(12.121111111111,9.404166666667,11.));
#2827 = VECTOR('',#2828,1.);
#2828 = DIRECTION('',(-0.,1.,0.));
#2829 = PCURVE('',#2088,#2830);
#2830 = DEFINITIONAL_REPRESENTATION('',(#2831),#2835);
#2831 = LINE('',#2832,#2833);
#2832 = CARTESIAN_POINT('',(11.,-21.80833333333));
#2833 = VECTOR('',#2834,1.);
#2834 = DIRECTION('',(0.,-1.));
#2835 = ( GEOMETRIC_REPRESENTATION_CONTEXT(2) 
PARAMETRIC_REPRESENTATION_CONTEXT() REPRESENTATION_CONTEXT('2D SPACE',''
  ) );
#2836 = PCURVE('',#2713,#2837);
#2837 = DEFINITIONAL_REPRESENTATION('',(#2838),#2842);
#2838 = LINE('',#2839,#2840);
#2839 = CARTESIAN_POINT('',(12.131111111111,-0.397222222222));
#2840 = VECTOR('',#2841,1.);
#2841 = DIRECTION('',(0.,1.));
#2842 = ( GEOMETRIC_REPRESENTATION_CONTEXT(2) 
PARAMETRIC_REPRESENTATION_CONTEXT() REPRESENTATION_CONTEXT('2D SPACE',''
  ) );
#2843 = ADVANCED_FACE('',(#2844),#100,.T.);
#2844 = FACE_BOUND('',#2845,.T.);
#2845 = EDGE_LOOP('',(#2846,#2847,#2870,#2891));
#2846 = ORIENTED_EDGE('',*,*,#84,.F.);
#2847 = ORIENTED_EDGE('',*,*,#2848,.T.);
#2848 = EDGE_CURVE('',#85,#2849,#2851,.T.);
#2849 = VERTEX_POINT('',#2850);
#2850 = CARTESIAN_POINT('',(-1.E-02,12.801388888889,11.));
#2851 = SURFACE_CURVE('',#2852,(#2856,#2863),.PCURVE_S1.);
#2852 = LINE('',#2853,#2854);
#2853 = CARTESIAN_POINT('',(-1.E-02,12.801388888889,0.));
#2854 = VECTOR('',#2855,1.);
#2855 = DIRECTION('',(0.,0.,1.));
#2856 = PCURVE('',#100,#2857);
#2857 = DEFINITIONAL_REPRESENTATION('',(#2858),#2862);
#2858 = LINE('',#2859,#2860);
#2859 = CARTESIAN_POINT('',(0.,0.));
#2860 = VECTOR('',#2861,1.);
#2861 = DIRECTION('',(1.,0.));
#2862 = ( GEOMETRIC_REPRESENTATION_CONTEXT(2) 
PARAMETRIC_REPRESENTATION_CONTEXT() REPRESENTATION_CONTEXT('2D SPACE',''
  ) );
#2863 = PCURVE('',#128,#2864);
#2864 = DEFINITIONAL_REPRESENTATION('',(#2865),#2869);
#2865 = LINE('',#2866,#2867);
#2866 = CARTESIAN_POINT('',(0.,-25.60277777777));
#2867 = VECTOR('',#2868,1.);
#2868 = DIRECTION('',(1.,0.));
#2869 = ( GEOMETRIC_REPRESENTATION_CONTEXT(2) 
PARAMETRIC_REPRESENTATION_CONTEXT() REPRESENTATION_CONTEXT('2D SPACE',''
  ) );
#2870 = ORIENTED_EDGE('',*,*,#2871,.T.);
#2871 = EDGE_CURVE('',#2849,#2752,#2872,.T.);
#2872 = SURFACE_CURVE('',#2873,(#2877,#2884),.PCURVE_S1.);
#2873 = LINE('',#2874,#2875);
#2874 = CARTESIAN_POINT('',(-1.E-02,12.801388888889,11.));
#2875 = VECTOR('',#2876,1.);
#2876 = DIRECTION('',(1.,0.,-0.));
#2877 = PCURVE('',#100,#2878);
#2878 = DEFINITIONAL_REPRESENTATION('',(#2879),#2883);
#2879 = LINE('',#2880,#2881);
#2880 = CARTESIAN_POINT('',(11.,0.));
#2881 = VECTOR('',#2882,1.);
#2882 = DIRECTION('',(0.,1.));
#2883 = ( GEOMETRIC_REPRESENTATION_CONTEXT(2) 
PARAMETRIC_REPRESENTATION_CONTEXT() REPRESENTATION_CONTEXT('2D SPACE',''
  ) );
#2884 = PCURVE('',#2713,#2885);
#2885 = DEFINITIONAL_REPRESENTATION('',(#2886),#2890);
#2886 = LINE('',#2887,#2888);
#2887 = CARTESIAN_POINT('',(0.,3.));
#2888 = VECTOR('',#2889,1.);
#2889 = DIRECTION('',(1.,0.));
#2890 = ( GEOMETRIC_REPRESENTATION_CONTEXT(2) 
PARAMETRIC_REPRESENTATION_CONTEXT() REPRESENTATION_CONTEXT('2D SPACE',''
  ) );
#2891 = ORIENTED_EDGE('',*,*,#2751,.F.);
#2892 = ADVANCED_FACE('',(#2893),#2062,.T.);
#2893 = FACE_BOUND('',#2894,.T.);
#2894 = EDGE_LOOP('',(#2895,#2896,#2897,#2920));
#2895 = ORIENTED_EDGE('',*,*,#2046,.F.);
#2896 = ORIENTED_EDGE('',*,*,#2798,.T.);
#2897 = ORIENTED_EDGE('',*,*,#2898,.T.);
#2898 = EDGE_CURVE('',#2799,#2899,#2901,.T.);
#2899 = VERTEX_POINT('',#2900);
#2900 = CARTESIAN_POINT('',(18.176666666667,12.006944444444,11.));
#2901 = SURFACE_CURVE('',#2902,(#2906,#2913),.PCURVE_S1.);
#2902 = LINE('',#2903,#2904);
#2903 = CARTESIAN_POINT('',(12.101111111111,12.006944444444,11.));
#2904 = VECTOR('',#2905,1.);
#2905 = DIRECTION('',(1.,0.,-0.));
#2906 = PCURVE('',#2062,#2907);
#2907 = DEFINITIONAL_REPRESENTATION('',(#2908),#2912);
#2908 = LINE('',#2909,#2910);
#2909 = CARTESIAN_POINT('',(11.,0.));
#2910 = VECTOR('',#2911,1.);
#2911 = DIRECTION('',(0.,1.));
#2912 = ( GEOMETRIC_REPRESENTATION_CONTEXT(2) 
PARAMETRIC_REPRESENTATION_CONTEXT() REPRESENTATION_CONTEXT('2D SPACE',''
  ) );
#2913 = PCURVE('',#2713,#2914);
#2914 = DEFINITIONAL_REPRESENTATION('',(#2915),#2919);
#2915 = LINE('',#2916,#2917);
#2916 = CARTESIAN_POINT('',(12.111111111111,2.205555555556));
#2917 = VECTOR('',#2918,1.);
#2918 = DIRECTION('',(1.,0.));
#2919 = ( GEOMETRIC_REPRESENTATION_CONTEXT(2) 
PARAMETRIC_REPRESENTATION_CONTEXT() REPRESENTATION_CONTEXT('2D SPACE',''
  ) );
#2920 = ORIENTED_EDGE('',*,*,#2921,.F.);
#2921 = EDGE_CURVE('',#2019,#2899,#2922,.T.);
#2922 = SURFACE_CURVE('',#2923,(#2927,#2934),.PCURVE_S1.);
#2923 = LINE('',#2924,#2925);
#2924 = CARTESIAN_POINT('',(18.176666666667,12.006944444444,0.));
#2925 = VECTOR('',#2926,1.);
#2926 = DIRECTION('',(0.,0.,1.));
#2927 = PCURVE('',#2062,#2928);
#2928 = DEFINITIONAL_REPRESENTATION('',(#2929),#2933);
#2929 = LINE('',#2930,#2931);
#2930 = CARTESIAN_POINT('',(0.,6.075555555556));
#2931 = VECTOR('',#2932,1.);
#2932 = DIRECTION('',(1.,0.));
#2933 = ( GEOMETRIC_REPRESENTATION_CONTEXT(2) 
PARAMETRIC_REPRESENTATION_CONTEXT() REPRESENTATION_CONTEXT('2D SPACE',''
  ) );
#2934 = PCURVE('',#2034,#2935);
#2935 = DEFINITIONAL_REPRESENTATION('',(#2936),#2940);
#2936 = LINE('',#2937,#2938);
#2937 = CARTESIAN_POINT('',(0.,-24.01388888888));
#2938 = VECTOR('',#2939,1.);
#2939 = DIRECTION('',(1.,0.));
#2940 = ( GEOMETRIC_REPRESENTATION_CONTEXT(2) 
PARAMETRIC_REPRESENTATION_CONTEXT() REPRESENTATION_CONTEXT('2D SPACE',''
  ) );
#2941 = ADVANCED_FACE('',(#2942),#128,.F.);
#2942 = FACE_BOUND('',#2943,.F.);
#2943 = EDGE_LOOP('',(#2944,#2945,#2968,#2996,#3024,#3044));
#2944 = ORIENTED_EDGE('',*,*,#2848,.T.);
#2945 = ORIENTED_EDGE('',*,*,#2946,.F.);
#2946 = EDGE_CURVE('',#2947,#2849,#2949,.T.);
#2947 = VERTEX_POINT('',#2948);
#2948 = CARTESIAN_POINT('',(-1.E-02,9.801388888889,11.));
#2949 = SURFACE_CURVE('',#2950,(#2954,#2961),.PCURVE_S1.);
#2950 = LINE('',#2951,#2952);
#2951 = CARTESIAN_POINT('',(-1.E-02,9.801388888889,11.));
#2952 = VECTOR('',#2953,1.);
#2953 = DIRECTION('',(-0.,1.,0.));
#2954 = PCURVE('',#128,#2955);
#2955 = DEFINITIONAL_REPRESENTATION('',(#2956),#2960);
#2956 = LINE('',#2957,#2958);
#2957 = CARTESIAN_POINT('',(11.,-22.60277777777));
#2958 = VECTOR('',#2959,1.);
#2959 = DIRECTION('',(0.,-1.));
#2960 = ( GEOMETRIC_REPRESENTATION_CONTEXT(2) 
PARAMETRIC_REPRESENTATION_CONTEXT() REPRESENTATION_CONTEXT('2D SPACE',''
  ) );
#2961 = PCURVE('',#2713,#2962);
#2962 = DEFINITIONAL_REPRESENTATION('',(#2963),#2967);
#2963 = LINE('',#2964,#2965);
#2964 = CARTESIAN_POINT('',(0.,0.));
#2965 = VECTOR('',#2966,1.);
#2966 = DIRECTION('',(0.,1.));
#2967 = ( GEOMETRIC_REPRESENTATION_CONTEXT(2) 
PARAMETRIC_REPRESENTATION_CONTEXT() REPRESENTATION_CONTEXT('2D SPACE',''
  ) );
#2968 = ORIENTED_EDGE('',*,*,#2969,.F.);
#2969 = EDGE_CURVE('',#2970,#2947,#2972,.T.);
#2970 = VERTEX_POINT('',#2971);
#2971 = CARTESIAN_POINT('',(-1.E-02,9.801388888889,5.));
#2972 = SURFACE_CURVE('',#2973,(#2977,#2984),.PCURVE_S1.);
#2973 = LINE('',#2974,#2975);
#2974 = CARTESIAN_POINT('',(-1.E-02,9.801388888889,5.));
#2975 = VECTOR('',#2976,1.);
#2976 = DIRECTION('',(0.,0.,1.));
#2977 = PCURVE('',#128,#2978);
#2978 = DEFINITIONAL_REPRESENTATION('',(#2979),#2983);
#2979 = LINE('',#2980,#2981);
#2980 = CARTESIAN_POINT('',(5.,-22.60277777777));
#2981 = VECTOR('',#2982,1.);
#2982 = DIRECTION('',(1.,0.));
#2983 = ( GEOMETRIC_REPRESENTATION_CONTEXT(2) 
PARAMETRIC_REPRESENTATION_CONTEXT() REPRESENTATION_CONTEXT('2D SPACE',''
  ) );
#2984 = PCURVE('',#2985,#2990);
#2985 = PLANE('',#2986);
#2986 = AXIS2_PLACEMENT_3D('',#2987,#2988,#2989);
#2987 = CARTESIAN_POINT('',(-1.E-02,9.801388888889,5.));
#2988 = DIRECTION('',(-0.,1.,0.));
#2989 = DIRECTION('',(0.,0.,1.));
#2990 = DEFINITIONAL_REPRESENTATION('',(#2991),#2995);
#2991 = LINE('',#2992,#2993);
#2992 = CARTESIAN_POINT('',(0.,0.));
#2993 = VECTOR('',#2994,1.);
#2994 = DIRECTION('',(1.,0.));
#2995 = ( GEOMETRIC_REPRESENTATION_CONTEXT(2) 
PARAMETRIC_REPRESENTATION_CONTEXT() REPRESENTATION_CONTEXT('2D SPACE',''
  ) );
#2996 = ORIENTED_EDGE('',*,*,#2997,.T.);
#2997 = EDGE_CURVE('',#2970,#2998,#3000,.T.);
#2998 = VERTEX_POINT('',#2999);
#2999 = CARTESIAN_POINT('',(-1.000000000011E-02,11.999995833333,5.));
#3000 = SURFACE_CURVE('',#3001,(#3005,#3012),.PCURVE_S1.);
#3001 = LINE('',#3002,#3003);
#3002 = CARTESIAN_POINT('',(-1.E-02,9.801388888889,5.));
#3003 = VECTOR('',#3004,1.);
#3004 = DIRECTION('',(-0.,1.,0.));
#3005 = PCURVE('',#128,#3006);
#3006 = DEFINITIONAL_REPRESENTATION('',(#3007),#3011);
#3007 = LINE('',#3008,#3009);
#3008 = CARTESIAN_POINT('',(5.,-22.60277777777));
#3009 = VECTOR('',#3010,1.);
#3010 = DIRECTION('',(0.,-1.));
#3011 = ( GEOMETRIC_REPRESENTATION_CONTEXT(2) 
PARAMETRIC_REPRESENTATION_CONTEXT() REPRESENTATION_CONTEXT('2D SPACE',''
  ) );
#3012 = PCURVE('',#3013,#3018);
#3013 = PLANE('',#3014);
#3014 = AXIS2_PLACEMENT_3D('',#3015,#3016,#3017);
#3015 = CARTESIAN_POINT('',(109.,0.,5.));
#3016 = DIRECTION('',(0.,0.,1.));
#3017 = DIRECTION('',(1.,0.,-0.));
#3018 = DEFINITIONAL_REPRESENTATION('',(#3019),#3023);
#3019 = LINE('',#3020,#3021);
#3020 = CARTESIAN_POINT('',(-109.01,9.801388888889));
#3021 = VECTOR('',#3022,1.);
#3022 = DIRECTION('',(0.,1.));
#3023 = ( GEOMETRIC_REPRESENTATION_CONTEXT(2) 
PARAMETRIC_REPRESENTATION_CONTEXT() REPRESENTATION_CONTEXT('2D SPACE',''
  ) );
#3024 = ORIENTED_EDGE('',*,*,#3025,.F.);
#3025 = EDGE_CURVE('',#113,#2998,#3026,.T.);
#3026 = SURFACE_CURVE('',#3027,(#3031,#3038),.PCURVE_S1.);
#3027 = LINE('',#3028,#3029);
#3028 = CARTESIAN_POINT('',(-1.E-02,11.999995833333,0.));
#3029 = VECTOR('',#3030,1.);
#3030 = DIRECTION('',(0.,0.,1.));
#3031 = PCURVE('',#128,#3032);
#3032 = DEFINITIONAL_REPRESENTATION('',(#3033),#3037);
#3033 = LINE('',#3034,#3035);
#3034 = CARTESIAN_POINT('',(0.,-24.80138472222));
#3035 = VECTOR('',#3036,1.);
#3036 = DIRECTION('',(1.,0.));
#3037 = ( GEOMETRIC_REPRESENTATION_CONTEXT(2) 
PARAMETRIC_REPRESENTATION_CONTEXT() REPRESENTATION_CONTEXT('2D SPACE',''
  ) );
#3038 = PCURVE('',#157,#3039);
#3039 = DEFINITIONAL_REPRESENTATION('',(#3040),#3043);
#3040 = B_SPLINE_CURVE_WITH_KNOTS('',1,(#3041,#3042),.UNSPECIFIED.,.F.,
  .F.,(2,2),(-2.4E-06,5.0000024),.PIECEWISE_BEZIER_KNOTS.);
#3041 = CARTESIAN_POINT('',(1.571629660225,-2.4E-06));
#3042 = CARTESIAN_POINT('',(1.571629660225,5.0000024));
#3043 = ( GEOMETRIC_REPRESENTATION_CONTEXT(2) 
PARAMETRIC_REPRESENTATION_CONTEXT() REPRESENTATION_CONTEXT('2D SPACE',''
  ) );
#3044 = ORIENTED_EDGE('',*,*,#112,.T.);
#3045 = ADVANCED_FACE('',(#3046),#2034,.T.);
#3046 = FACE_BOUND('',#3047,.T.);
#3047 = EDGE_LOOP('',(#3048,#3071,#3072,#3073));
#3048 = ORIENTED_EDGE('',*,*,#3049,.F.);
#3049 = EDGE_CURVE('',#1991,#3050,#3052,.T.);
#3050 = VERTEX_POINT('',#3051);
#3051 = CARTESIAN_POINT('',(18.176666666667,11.609722222222,11.));
#3052 = SURFACE_CURVE('',#3053,(#3057,#3064),.PCURVE_S1.);
#3053 = LINE('',#3054,#3055);
#3054 = CARTESIAN_POINT('',(18.176666666667,11.609722222222,0.));
#3055 = VECTOR('',#3056,1.);
#3056 = DIRECTION('',(0.,0.,1.));
#3057 = PCURVE('',#2034,#3058);
#3058 = DEFINITIONAL_REPRESENTATION('',(#3059),#3063);
#3059 = LINE('',#3060,#3061);
#3060 = CARTESIAN_POINT('',(0.,-23.61666666666));
#3061 = VECTOR('',#3062,1.);
#3062 = DIRECTION('',(1.,0.));
#3063 = ( GEOMETRIC_REPRESENTATION_CONTEXT(2) 
PARAMETRIC_REPRESENTATION_CONTEXT() REPRESENTATION_CONTEXT('2D SPACE',''
  ) );
#3064 = PCURVE('',#2006,#3065);
#3065 = DEFINITIONAL_REPRESENTATION('',(#3066),#3070);
#3066 = LINE('',#3067,#3068);
#3067 = CARTESIAN_POINT('',(0.,2.E-02));
#3068 = VECTOR('',#3069,1.);
#3069 = DIRECTION('',(1.,0.));
#3070 = ( GEOMETRIC_REPRESENTATION_CONTEXT(2) 
PARAMETRIC_REPRESENTATION_CONTEXT() REPRESENTATION_CONTEXT('2D SPACE',''
  ) );
#3071 = ORIENTED_EDGE('',*,*,#2018,.T.);
#3072 = ORIENTED_EDGE('',*,*,#2921,.T.);
#3073 = ORIENTED_EDGE('',*,*,#3074,.F.);
#3074 = EDGE_CURVE('',#3050,#2899,#3075,.T.);
#3075 = SURFACE_CURVE('',#3076,(#3080,#3087),.PCURVE_S1.);
#3076 = LINE('',#3077,#3078);
#3077 = CARTESIAN_POINT('',(18.176666666667,9.006944444444,11.));
#3078 = VECTOR('',#3079,1.);
#3079 = DIRECTION('',(-0.,1.,0.));
#3080 = PCURVE('',#2034,#3081);
#3081 = DEFINITIONAL_REPRESENTATION('',(#3082),#3086);
#3082 = LINE('',#3083,#3084);
#3083 = CARTESIAN_POINT('',(11.,-21.01388888888));
#3084 = VECTOR('',#3085,1.);
#3085 = DIRECTION('',(0.,-1.));
#3086 = ( GEOMETRIC_REPRESENTATION_CONTEXT(2) 
PARAMETRIC_REPRESENTATION_CONTEXT() REPRESENTATION_CONTEXT('2D SPACE',''
  ) );
#3087 = PCURVE('',#2713,#3088);
#3088 = DEFINITIONAL_REPRESENTATION('',(#3089),#3093);
#3089 = LINE('',#3090,#3091);
#3090 = CARTESIAN_POINT('',(18.186666666667,-0.794444444444));
#3091 = VECTOR('',#3092,1.);
#3092 = DIRECTION('',(0.,1.));
#3093 = ( GEOMETRIC_REPRESENTATION_CONTEXT(2) 
PARAMETRIC_REPRESENTATION_CONTEXT() REPRESENTATION_CONTEXT('2D SPACE',''
  ) );
#3094 = ADVANCED_FACE('',(#3095),#157,.T.);
#3095 = FACE_BOUND('',#3096,.T.);
#3096 = EDGE_LOOP('',(#3097,#3121,#3122,#3123));
#3097 = ORIENTED_EDGE('',*,*,#3098,.F.);
#3098 = EDGE_CURVE('',#2998,#3099,#3101,.T.);
#3099 = VERTEX_POINT('',#3100);
#3100 = CARTESIAN_POINT('',(-1.00000000001E-02,-11.99999583333,5.));
#3101 = SURFACE_CURVE('',#3102,(#3107,#3114),.PCURVE_S1.);
#3102 = CIRCLE('',#3103,12.);
#3103 = AXIS2_PLACEMENT_3D('',#3104,#3105,#3106);
#3104 = CARTESIAN_POINT('',(0.,0.,5.));
#3105 = DIRECTION('',(0.,0.,1.));
#3106 = DIRECTION('',(1.,0.,-0.));
#3107 = PCURVE('',#157,#3108);
#3108 = DEFINITIONAL_REPRESENTATION('',(#3109),#3113);
#3109 = LINE('',#3110,#3111);
#3110 = CARTESIAN_POINT('',(0.,5.));
#3111 = VECTOR('',#3112,1.);
#3112 = DIRECTION('',(1.,0.));
#3113 = ( GEOMETRIC_REPRESENTATION_CONTEXT(2) 
PARAMETRIC_REPRESENTATION_CONTEXT() REPRESENTATION_CONTEXT('2D SPACE',''
  ) );
#3114 = PCURVE('',#3013,#3115);
#3115 = DEFINITIONAL_REPRESENTATION('',(#3116),#3120);
#3116 = CIRCLE('',#3117,12.);
#3117 = AXIS2_PLACEMENT_2D('',#3118,#3119);
#3118 = CARTESIAN_POINT('',(-109.,0.));
#3119 = DIRECTION('',(1.,0.));
#3120 = ( GEOMETRIC_REPRESENTATION_CONTEXT(2) 
PARAMETRIC_REPRESENTATION_CONTEXT() REPRESENTATION_CONTEXT('2D SPACE',''
  ) );
#3121 = ORIENTED_EDGE('',*,*,#3025,.F.);
#3122 = ORIENTED_EDGE('',*,*,#140,.T.);
#3123 = ORIENTED_EDGE('',*,*,#3124,.T.);
#3124 = EDGE_CURVE('',#141,#3099,#3125,.T.);
#3125 = SURFACE_CURVE('',#3126,(#3130,#3136),.PCURVE_S1.);
#3126 = LINE('',#3127,#3128);
#3127 = CARTESIAN_POINT('',(-1.E-02,-11.99999583333,0.));
#3128 = VECTOR('',#3129,1.);
#3129 = DIRECTION('',(0.,0.,1.));
#3130 = PCURVE('',#157,#3131);
#3131 = DEFINITIONAL_REPRESENTATION('',(#3132),#3135);
#3132 = B_SPLINE_CURVE_WITH_KNOTS('',1,(#3133,#3134),.UNSPECIFIED.,.F.,
  .F.,(2,2),(-2.4E-06,5.0000024),.PIECEWISE_BEZIER_KNOTS.);
#3133 = CARTESIAN_POINT('',(4.711555646955,-2.4E-06));
#3134 = CARTESIAN_POINT('',(4.711555646955,5.0000024));
#3135 = ( GEOMETRIC_REPRESENTATION_CONTEXT(2) 
PARAMETRIC_REPRESENTATION_CONTEXT() REPRESENTATION_CONTEXT('2D SPACE',''
  ) );
#3136 = PCURVE('',#185,#3137);
#3137 = DEFINITIONAL_REPRESENTATION('',(#3138),#3142);
#3138 = LINE('',#3139,#3140);
#3139 = CARTESIAN_POINT('',(0.,-0.801393055556));
#3140 = VECTOR('',#3141,1.);
#3141 = DIRECTION('',(1.,0.));
#3142 = ( GEOMETRIC_REPRESENTATION_CONTEXT(2) 
PARAMETRIC_REPRESENTATION_CONTEXT() REPRESENTATION_CONTEXT('2D SPACE',''
  ) );
#3143 = ADVANCED_FACE('',(#3144),#2006,.T.);
#3144 = FACE_BOUND('',#3145,.T.);
#3145 = EDGE_LOOP('',(#3146,#3147,#3148,#3171));
#3146 = ORIENTED_EDGE('',*,*,#1990,.F.);
#3147 = ORIENTED_EDGE('',*,*,#3049,.T.);
#3148 = ORIENTED_EDGE('',*,*,#3149,.T.);
#3149 = EDGE_CURVE('',#3050,#3150,#3152,.T.);
#3150 = VERTEX_POINT('',#3151);
#3151 = CARTESIAN_POINT('',(24.232222222222,11.609722222222,11.));
#3152 = SURFACE_CURVE('',#3153,(#3157,#3164),.PCURVE_S1.);
#3153 = LINE('',#3154,#3155);
#3154 = CARTESIAN_POINT('',(18.156666666667,11.609722222222,11.));
#3155 = VECTOR('',#3156,1.);
#3156 = DIRECTION('',(1.,0.,-0.));
#3157 = PCURVE('',#2006,#3158);
#3158 = DEFINITIONAL_REPRESENTATION('',(#3159),#3163);
#3159 = LINE('',#3160,#3161);
#3160 = CARTESIAN_POINT('',(11.,0.));
#3161 = VECTOR('',#3162,1.);
#3162 = DIRECTION('',(0.,1.));
#3163 = ( GEOMETRIC_REPRESENTATION_CONTEXT(2) 
PARAMETRIC_REPRESENTATION_CONTEXT() REPRESENTATION_CONTEXT('2D SPACE',''
  ) );
#3164 = PCURVE('',#2713,#3165);
#3165 = DEFINITIONAL_REPRESENTATION('',(#3166),#3170);
#3166 = LINE('',#3167,#3168);
#3167 = CARTESIAN_POINT('',(18.166666666667,1.808333333333));
#3168 = VECTOR('',#3169,1.);
#3169 = DIRECTION('',(1.,0.));
#3170 = ( GEOMETRIC_REPRESENTATION_CONTEXT(2) 
PARAMETRIC_REPRESENTATION_CONTEXT() REPRESENTATION_CONTEXT('2D SPACE',''
  ) );
#3171 = ORIENTED_EDGE('',*,*,#3172,.F.);
#3172 = EDGE_CURVE('',#1963,#3150,#3173,.T.);
#3173 = SURFACE_CURVE('',#3174,(#3178,#3185),.PCURVE_S1.);
#3174 = LINE('',#3175,#3176);
#3175 = CARTESIAN_POINT('',(24.232222222222,11.609722222222,0.));
#3176 = VECTOR('',#3177,1.);
#3177 = DIRECTION('',(0.,0.,1.));
#3178 = PCURVE('',#2006,#3179);
#3179 = DEFINITIONAL_REPRESENTATION('',(#3180),#3184);
#3180 = LINE('',#3181,#3182);
#3181 = CARTESIAN_POINT('',(0.,6.075555555556));
#3182 = VECTOR('',#3183,1.);
#3183 = DIRECTION('',(1.,0.));
#3184 = ( GEOMETRIC_REPRESENTATION_CONTEXT(2) 
PARAMETRIC_REPRESENTATION_CONTEXT() REPRESENTATION_CONTEXT('2D SPACE',''
  ) );
#3185 = PCURVE('',#1978,#3186);
#3186 = DEFINITIONAL_REPRESENTATION('',(#3187),#3191);
#3187 = LINE('',#3188,#3189);
#3188 = CARTESIAN_POINT('',(0.,-23.21944444444));
#3189 = VECTOR('',#3190,1.);
#3190 = DIRECTION('',(1.,0.));
#3191 = ( GEOMETRIC_REPRESENTATION_CONTEXT(2) 
PARAMETRIC_REPRESENTATION_CONTEXT() REPRESENTATION_CONTEXT('2D SPACE',''
  ) );
#3192 = ADVANCED_FACE('',(#3193),#185,.F.);
#3193 = FACE_BOUND('',#3194,.F.);
#3194 = EDGE_LOOP('',(#3195,#3196,#3219,#3247,#3275,#3296));
#3195 = ORIENTED_EDGE('',*,*,#3124,.T.);
#3196 = ORIENTED_EDGE('',*,*,#3197,.T.);
#3197 = EDGE_CURVE('',#3099,#3198,#3200,.T.);
#3198 = VERTEX_POINT('',#3199);
#3199 = CARTESIAN_POINT('',(-1.E-02,-9.801388888889,5.));
#3200 = SURFACE_CURVE('',#3201,(#3205,#3212),.PCURVE_S1.);
#3201 = LINE('',#3202,#3203);
#3202 = CARTESIAN_POINT('',(-1.E-02,-12.80138888888,5.));
#3203 = VECTOR('',#3204,1.);
#3204 = DIRECTION('',(-0.,1.,0.));
#3205 = PCURVE('',#185,#3206);
#3206 = DEFINITIONAL_REPRESENTATION('',(#3207),#3211);
#3207 = LINE('',#3208,#3209);
#3208 = CARTESIAN_POINT('',(5.,0.));
#3209 = VECTOR('',#3210,1.);
#3210 = DIRECTION('',(0.,-1.));
#3211 = ( GEOMETRIC_REPRESENTATION_CONTEXT(2) 
PARAMETRIC_REPRESENTATION_CONTEXT() REPRESENTATION_CONTEXT('2D SPACE',''
  ) );
#3212 = PCURVE('',#3013,#3213);
#3213 = DEFINITIONAL_REPRESENTATION('',(#3214),#3218);
#3214 = LINE('',#3215,#3216);
#3215 = CARTESIAN_POINT('',(-109.01,-12.80138888888));
#3216 = VECTOR('',#3217,1.);
#3217 = DIRECTION('',(0.,1.));
#3218 = ( GEOMETRIC_REPRESENTATION_CONTEXT(2) 
PARAMETRIC_REPRESENTATION_CONTEXT() REPRESENTATION_CONTEXT('2D SPACE',''
  ) );
#3219 = ORIENTED_EDGE('',*,*,#3220,.T.);
#3220 = EDGE_CURVE('',#3198,#3221,#3223,.T.);
#3221 = VERTEX_POINT('',#3222);
#3222 = CARTESIAN_POINT('',(-1.E-02,-9.801388888889,11.));
#3223 = SURFACE_CURVE('',#3224,(#3228,#3235),.PCURVE_S1.);
#3224 = LINE('',#3225,#3226);
#3225 = CARTESIAN_POINT('',(-1.E-02,-9.801388888889,5.));
#3226 = VECTOR('',#3227,1.);
#3227 = DIRECTION('',(0.,0.,1.));
#3228 = PCURVE('',#185,#3229);
#3229 = DEFINITIONAL_REPRESENTATION('',(#3230),#3234);
#3230 = LINE('',#3231,#3232);
#3231 = CARTESIAN_POINT('',(5.,-3.));
#3232 = VECTOR('',#3233,1.);
#3233 = DIRECTION('',(1.,0.));
#3234 = ( GEOMETRIC_REPRESENTATION_CONTEXT(2) 
PARAMETRIC_REPRESENTATION_CONTEXT() REPRESENTATION_CONTEXT('2D SPACE',''
  ) );
#3235 = PCURVE('',#3236,#3241);
#3236 = PLANE('',#3237);
#3237 = AXIS2_PLACEMENT_3D('',#3238,#3239,#3240);
#3238 = CARTESIAN_POINT('',(-1.E-02,-9.801388888889,5.));
#3239 = DIRECTION('',(-0.,1.,0.));
#3240 = DIRECTION('',(0.,0.,1.));
#3241 = DEFINITIONAL_REPRESENTATION('',(#3242),#3246);
#3242 = LINE('',#3243,#3244);
#3243 = CARTESIAN_POINT('',(0.,0.));
#3244 = VECTOR('',#3245,1.);
#3245 = DIRECTION('',(1.,0.));
#3246 = ( GEOMETRIC_REPRESENTATION_CONTEXT(2) 
PARAMETRIC_REPRESENTATION_CONTEXT() REPRESENTATION_CONTEXT('2D SPACE',''
  ) );
#3247 = ORIENTED_EDGE('',*,*,#3248,.F.);
#3248 = EDGE_CURVE('',#3249,#3221,#3251,.T.);
#3249 = VERTEX_POINT('',#3250);
#3250 = CARTESIAN_POINT('',(-1.E-02,-12.80138888888,11.));
#3251 = SURFACE_CURVE('',#3252,(#3256,#3263),.PCURVE_S1.);
#3252 = LINE('',#3253,#3254);
#3253 = CARTESIAN_POINT('',(-1.E-02,-12.80138888888,11.));
#3254 = VECTOR('',#3255,1.);
#3255 = DIRECTION('',(-0.,1.,0.));
#3256 = PCURVE('',#185,#3257);
#3257 = DEFINITIONAL_REPRESENTATION('',(#3258),#3262);
#3258 = LINE('',#3259,#3260);
#3259 = CARTESIAN_POINT('',(11.,0.));
#3260 = VECTOR('',#3261,1.);
#3261 = DIRECTION('',(0.,-1.));
#3262 = ( GEOMETRIC_REPRESENTATION_CONTEXT(2) 
PARAMETRIC_REPRESENTATION_CONTEXT() REPRESENTATION_CONTEXT('2D SPACE',''
  ) );
#3263 = PCURVE('',#3264,#3269);
#3264 = PLANE('',#3265);
#3265 = AXIS2_PLACEMENT_3D('',#3266,#3267,#3268);
#3266 = CARTESIAN_POINT('',(-1.E-02,-12.80138888888,11.));
#3267 = DIRECTION('',(0.,0.,1.));
#3268 = DIRECTION('',(1.,0.,-0.));
#3269 = DEFINITIONAL_REPRESENTATION('',(#3270),#3274);
#3270 = LINE('',#3271,#3272);
#3271 = CARTESIAN_POINT('',(0.,0.));
#3272 = VECTOR('',#3273,1.);
#3273 = DIRECTION('',(0.,1.));
#3274 = ( GEOMETRIC_REPRESENTATION_CONTEXT(2) 
PARAMETRIC_REPRESENTATION_CONTEXT() REPRESENTATION_CONTEXT('2D SPACE',''
  ) );
#3275 = ORIENTED_EDGE('',*,*,#3276,.F.);
#3276 = EDGE_CURVE('',#170,#3249,#3277,.T.);
#3277 = SURFACE_CURVE('',#3278,(#3282,#3289),.PCURVE_S1.);
#3278 = LINE('',#3279,#3280);
#3279 = CARTESIAN_POINT('',(-1.E-02,-12.80138888888,0.));
#3280 = VECTOR('',#3281,1.);
#3281 = DIRECTION('',(0.,0.,1.));
#3282 = PCURVE('',#185,#3283);
#3283 = DEFINITIONAL_REPRESENTATION('',(#3284),#3288);
#3284 = LINE('',#3285,#3286);
#3285 = CARTESIAN_POINT('',(0.,0.));
#3286 = VECTOR('',#3287,1.);
#3287 = DIRECTION('',(1.,0.));
#3288 = ( GEOMETRIC_REPRESENTATION_CONTEXT(2) 
PARAMETRIC_REPRESENTATION_CONTEXT() REPRESENTATION_CONTEXT('2D SPACE',''
  ) );
#3289 = PCURVE('',#213,#3290);
#3290 = DEFINITIONAL_REPRESENTATION('',(#3291),#3295);
#3291 = LINE('',#3292,#3293);
#3292 = CARTESIAN_POINT('',(0.,0.));
#3293 = VECTOR('',#3294,1.);
#3294 = DIRECTION('',(1.,0.));
#3295 = ( GEOMETRIC_REPRESENTATION_CONTEXT(2) 
PARAMETRIC_REPRESENTATION_CONTEXT() REPRESENTATION_CONTEXT('2D SPACE',''
  ) );
#3296 = ORIENTED_EDGE('',*,*,#169,.T.);
#3297 = ADVANCED_FACE('',(#3298),#1978,.T.);
#3298 = FACE_BOUND('',#3299,.T.);
#3299 = EDGE_LOOP('',(#3300,#3323,#3324,#3325));
#3300 = ORIENTED_EDGE('',*,*,#3301,.F.);
#3301 = EDGE_CURVE('',#1935,#3302,#3304,.T.);
#3302 = VERTEX_POINT('',#3303);
#3303 = CARTESIAN_POINT('',(24.232222222222,11.2125,11.));
#3304 = SURFACE_CURVE('',#3305,(#3309,#3316),.PCURVE_S1.);
#3305 = LINE('',#3306,#3307);
#3306 = CARTESIAN_POINT('',(24.232222222222,11.2125,0.));
#3307 = VECTOR('',#3308,1.);
#3308 = DIRECTION('',(0.,0.,1.));
#3309 = PCURVE('',#1978,#3310);
#3310 = DEFINITIONAL_REPRESENTATION('',(#3311),#3315);
#3311 = LINE('',#3312,#3313);
#3312 = CARTESIAN_POINT('',(0.,-22.82222222222));
#3313 = VECTOR('',#3314,1.);
#3314 = DIRECTION('',(1.,0.));
#3315 = ( GEOMETRIC_REPRESENTATION_CONTEXT(2) 
PARAMETRIC_REPRESENTATION_CONTEXT() REPRESENTATION_CONTEXT('2D SPACE',''
  ) );
#3316 = PCURVE('',#1950,#3317);
#3317 = DEFINITIONAL_REPRESENTATION('',(#3318),#3322);
#3318 = LINE('',#3319,#3320);
#3319 = CARTESIAN_POINT('',(0.,2.E-02));
#3320 = VECTOR('',#3321,1.);
#3321 = DIRECTION('',(1.,0.));
#3322 = ( GEOMETRIC_REPRESENTATION_CONTEXT(2) 
PARAMETRIC_REPRESENTATION_CONTEXT() REPRESENTATION_CONTEXT('2D SPACE',''
  ) );
#3323 = ORIENTED_EDGE('',*,*,#1962,.T.);
#3324 = ORIENTED_EDGE('',*,*,#3172,.T.);
#3325 = ORIENTED_EDGE('',*,*,#3326,.F.);
#3326 = EDGE_CURVE('',#3302,#3150,#3327,.T.);
#3327 = SURFACE_CURVE('',#3328,(#3332,#3339),.PCURVE_S1.);
#3328 = LINE('',#3329,#3330);
#3329 = CARTESIAN_POINT('',(24.232222222222,8.609722222222,11.));
#3330 = VECTOR('',#3331,1.);
#3331 = DIRECTION('',(-0.,1.,0.));
#3332 = PCURVE('',#1978,#3333);
#3333 = DEFINITIONAL_REPRESENTATION('',(#3334),#3338);
#3334 = LINE('',#3335,#3336);
#3335 = CARTESIAN_POINT('',(11.,-20.21944444444));
#3336 = VECTOR('',#3337,1.);
#3337 = DIRECTION('',(0.,-1.));
#3338 = ( GEOMETRIC_REPRESENTATION_CONTEXT(2) 
PARAMETRIC_REPRESENTATION_CONTEXT() REPRESENTATION_CONTEXT('2D SPACE',''
  ) );
#3339 = PCURVE('',#2713,#3340);
#3340 = DEFINITIONAL_REPRESENTATION('',(#3341),#3345);
#3341 = LINE('',#3342,#3343);
#3342 = CARTESIAN_POINT('',(24.242222222222,-1.191666666667));
#3343 = VECTOR('',#3344,1.);
#3344 = DIRECTION('',(0.,1.));
#3345 = ( GEOMETRIC_REPRESENTATION_CONTEXT(2) 
PARAMETRIC_REPRESENTATION_CONTEXT() REPRESENTATION_CONTEXT('2D SPACE',''
  ) );
#3346 = ADVANCED_FACE('',(#3347),#213,.F.);
#3347 = FACE_BOUND('',#3348,.F.);
#3348 = EDGE_LOOP('',(#3349,#3350,#3351,#3374));
#3349 = ORIENTED_EDGE('',*,*,#197,.F.);
#3350 = ORIENTED_EDGE('',*,*,#3276,.T.);
#3351 = ORIENTED_EDGE('',*,*,#3352,.T.);
#3352 = EDGE_CURVE('',#3249,#3353,#3355,.T.);
#3353 = VERTEX_POINT('',#3354);
#3354 = CARTESIAN_POINT('',(6.065555555556,-12.80138888888,11.));
#3355 = SURFACE_CURVE('',#3356,(#3360,#3367),.PCURVE_S1.);
#3356 = LINE('',#3357,#3358);
#3357 = CARTESIAN_POINT('',(-1.E-02,-12.80138888888,11.));
#3358 = VECTOR('',#3359,1.);
#3359 = DIRECTION('',(1.,0.,-0.));
#3360 = PCURVE('',#213,#3361);
#3361 = DEFINITIONAL_REPRESENTATION('',(#3362),#3366);
#3362 = LINE('',#3363,#3364);
#3363 = CARTESIAN_POINT('',(11.,0.));
#3364 = VECTOR('',#3365,1.);
#3365 = DIRECTION('',(0.,1.));
#3366 = ( GEOMETRIC_REPRESENTATION_CONTEXT(2) 
PARAMETRIC_REPRESENTATION_CONTEXT() REPRESENTATION_CONTEXT('2D SPACE',''
  ) );
#3367 = PCURVE('',#3264,#3368);
#3368 = DEFINITIONAL_REPRESENTATION('',(#3369),#3373);
#3369 = LINE('',#3370,#3371);
#3370 = CARTESIAN_POINT('',(0.,0.));
#3371 = VECTOR('',#3372,1.);
#3372 = DIRECTION('',(1.,0.));
#3373 = ( GEOMETRIC_REPRESENTATION_CONTEXT(2) 
PARAMETRIC_REPRESENTATION_CONTEXT() REPRESENTATION_CONTEXT('2D SPACE',''
  ) );
#3374 = ORIENTED_EDGE('',*,*,#3375,.T.);
#3375 = EDGE_CURVE('',#3353,#198,#3376,.T.);
#3376 = SURFACE_CURVE('',#3377,(#3381,#3388),.PCURVE_S1.);
#3377 = LINE('',#3378,#3379);
#3378 = CARTESIAN_POINT('',(6.065555555556,-12.80138888888,11.));
#3379 = VECTOR('',#3380,1.);
#3380 = DIRECTION('',(0.,0.,-1.));
#3381 = PCURVE('',#213,#3382);
#3382 = DEFINITIONAL_REPRESENTATION('',(#3383),#3387);
#3383 = LINE('',#3384,#3385);
#3384 = CARTESIAN_POINT('',(11.,6.075555555556));
#3385 = VECTOR('',#3386,1.);
#3386 = DIRECTION('',(-1.,0.));
#3387 = ( GEOMETRIC_REPRESENTATION_CONTEXT(2) 
PARAMETRIC_REPRESENTATION_CONTEXT() REPRESENTATION_CONTEXT('2D SPACE',''
  ) );
#3388 = PCURVE('',#241,#3389);
#3389 = DEFINITIONAL_REPRESENTATION('',(#3390),#3394);
#3390 = LINE('',#3391,#3392);
#3391 = CARTESIAN_POINT('',(11.,0.));
#3392 = VECTOR('',#3393,1.);
#3393 = DIRECTION('',(-1.,0.));
#3394 = ( GEOMETRIC_REPRESENTATION_CONTEXT(2) 
PARAMETRIC_REPRESENTATION_CONTEXT() REPRESENTATION_CONTEXT('2D SPACE',''
  ) );
#3395 = ADVANCED_FACE('',(#3396),#1950,.T.);
#3396 = FACE_BOUND('',#3397,.T.);
#3397 = EDGE_LOOP('',(#3398,#3399,#3400,#3423));
#3398 = ORIENTED_EDGE('',*,*,#1934,.F.);
#3399 = ORIENTED_EDGE('',*,*,#3301,.T.);
#3400 = ORIENTED_EDGE('',*,*,#3401,.T.);
#3401 = EDGE_CURVE('',#3302,#3402,#3404,.T.);
#3402 = VERTEX_POINT('',#3403);
#3403 = CARTESIAN_POINT('',(30.287777777778,11.2125,11.));
#3404 = SURFACE_CURVE('',#3405,(#3409,#3416),.PCURVE_S1.);
#3405 = LINE('',#3406,#3407);
#3406 = CARTESIAN_POINT('',(24.212222222222,11.2125,11.));
#3407 = VECTOR('',#3408,1.);
#3408 = DIRECTION('',(1.,0.,-0.));
#3409 = PCURVE('',#1950,#3410);
#3410 = DEFINITIONAL_REPRESENTATION('',(#3411),#3415);
#3411 = LINE('',#3412,#3413);
#3412 = CARTESIAN_POINT('',(11.,0.));
#3413 = VECTOR('',#3414,1.);
#3414 = DIRECTION('',(0.,1.));
#3415 = ( GEOMETRIC_REPRESENTATION_CONTEXT(2) 
PARAMETRIC_REPRESENTATION_CONTEXT() REPRESENTATION_CONTEXT('2D SPACE',''
  ) );
#3416 = PCURVE('',#2713,#3417);
#3417 = DEFINITIONAL_REPRESENTATION('',(#3418),#3422);
#3418 = LINE('',#3419,#3420);
#3419 = CARTESIAN_POINT('',(24.222222222222,1.411111111111));
#3420 = VECTOR('',#3421,1.);
#3421 = DIRECTION('',(1.,0.));
#3422 = ( GEOMETRIC_REPRESENTATION_CONTEXT(2) 
PARAMETRIC_REPRESENTATION_CONTEXT() REPRESENTATION_CONTEXT('2D SPACE',''
  ) );
#3423 = ORIENTED_EDGE('',*,*,#3424,.F.);
#3424 = EDGE_CURVE('',#1907,#3402,#3425,.T.);
#3425 = SURFACE_CURVE('',#3426,(#3430,#3437),.PCURVE_S1.);
#3426 = LINE('',#3427,#3428);
#3427 = CARTESIAN_POINT('',(30.287777777778,11.2125,0.));
#3428 = VECTOR('',#3429,1.);
#3429 = DIRECTION('',(0.,0.,1.));
#3430 = PCURVE('',#1950,#3431);
#3431 = DEFINITIONAL_REPRESENTATION('',(#3432),#3436);
#3432 = LINE('',#3433,#3434);
#3433 = CARTESIAN_POINT('',(0.,6.075555555556));
#3434 = VECTOR('',#3435,1.);
#3435 = DIRECTION('',(1.,0.));
#3436 = ( GEOMETRIC_REPRESENTATION_CONTEXT(2) 
PARAMETRIC_REPRESENTATION_CONTEXT() REPRESENTATION_CONTEXT('2D SPACE',''
  ) );
#3437 = PCURVE('',#1922,#3438);
#3438 = DEFINITIONAL_REPRESENTATION('',(#3439),#3443);
#3439 = LINE('',#3440,#3441);
#3440 = CARTESIAN_POINT('',(0.,-22.425));
#3441 = VECTOR('',#3442,1.);
#3442 = DIRECTION('',(1.,0.));
#3443 = ( GEOMETRIC_REPRESENTATION_CONTEXT(2) 
PARAMETRIC_REPRESENTATION_CONTEXT() REPRESENTATION_CONTEXT('2D SPACE',''
  ) );
#3444 = ADVANCED_FACE('',(#3445),#241,.T.);
#3445 = FACE_BOUND('',#3446,.T.);
#3446 = EDGE_LOOP('',(#3447,#3470,#3491,#3492));
#3447 = ORIENTED_EDGE('',*,*,#3448,.T.);
#3448 = EDGE_CURVE('',#226,#3449,#3451,.T.);
#3449 = VERTEX_POINT('',#3450);
#3450 = CARTESIAN_POINT('',(6.065555555556,-12.40416666666,11.));
#3451 = SURFACE_CURVE('',#3452,(#3456,#3463),.PCURVE_S1.);
#3452 = LINE('',#3453,#3454);
#3453 = CARTESIAN_POINT('',(6.065555555556,-12.40416666666,0.));
#3454 = VECTOR('',#3455,1.);
#3455 = DIRECTION('',(0.,0.,1.));
#3456 = PCURVE('',#241,#3457);
#3457 = DEFINITIONAL_REPRESENTATION('',(#3458),#3462);
#3458 = LINE('',#3459,#3460);
#3459 = CARTESIAN_POINT('',(0.,-0.397222222222));
#3460 = VECTOR('',#3461,1.);
#3461 = DIRECTION('',(1.,0.));
#3462 = ( GEOMETRIC_REPRESENTATION_CONTEXT(2) 
PARAMETRIC_REPRESENTATION_CONTEXT() REPRESENTATION_CONTEXT('2D SPACE',''
  ) );
#3463 = PCURVE('',#269,#3464);
#3464 = DEFINITIONAL_REPRESENTATION('',(#3465),#3469);
#3465 = LINE('',#3466,#3467);
#3466 = CARTESIAN_POINT('',(0.,2.E-02));
#3467 = VECTOR('',#3468,1.);
#3468 = DIRECTION('',(1.,0.));
#3469 = ( GEOMETRIC_REPRESENTATION_CONTEXT(2) 
PARAMETRIC_REPRESENTATION_CONTEXT() REPRESENTATION_CONTEXT('2D SPACE',''
  ) );
#3470 = ORIENTED_EDGE('',*,*,#3471,.F.);
#3471 = EDGE_CURVE('',#3353,#3449,#3472,.T.);
#3472 = SURFACE_CURVE('',#3473,(#3477,#3484),.PCURVE_S1.);
#3473 = LINE('',#3474,#3475);
#3474 = CARTESIAN_POINT('',(6.065555555556,-12.80138888888,11.));
#3475 = VECTOR('',#3476,1.);
#3476 = DIRECTION('',(-0.,1.,0.));
#3477 = PCURVE('',#241,#3478);
#3478 = DEFINITIONAL_REPRESENTATION('',(#3479),#3483);
#3479 = LINE('',#3480,#3481);
#3480 = CARTESIAN_POINT('',(11.,0.));
#3481 = VECTOR('',#3482,1.);
#3482 = DIRECTION('',(0.,-1.));
#3483 = ( GEOMETRIC_REPRESENTATION_CONTEXT(2) 
PARAMETRIC_REPRESENTATION_CONTEXT() REPRESENTATION_CONTEXT('2D SPACE',''
  ) );
#3484 = PCURVE('',#3264,#3485);
#3485 = DEFINITIONAL_REPRESENTATION('',(#3486),#3490);
#3486 = LINE('',#3487,#3488);
#3487 = CARTESIAN_POINT('',(6.075555555556,0.));
#3488 = VECTOR('',#3489,1.);
#3489 = DIRECTION('',(0.,1.));
#3490 = ( GEOMETRIC_REPRESENTATION_CONTEXT(2) 
PARAMETRIC_REPRESENTATION_CONTEXT() REPRESENTATION_CONTEXT('2D SPACE',''
  ) );
#3491 = ORIENTED_EDGE('',*,*,#3375,.T.);
#3492 = ORIENTED_EDGE('',*,*,#225,.T.);
#3493 = ADVANCED_FACE('',(#3494),#1922,.T.);
#3494 = FACE_BOUND('',#3495,.T.);
#3495 = EDGE_LOOP('',(#3496,#3519,#3520,#3521));
#3496 = ORIENTED_EDGE('',*,*,#3497,.F.);
#3497 = EDGE_CURVE('',#1879,#3498,#3500,.T.);
#3498 = VERTEX_POINT('',#3499);
#3499 = CARTESIAN_POINT('',(30.287777777778,10.815277777778,11.));
#3500 = SURFACE_CURVE('',#3501,(#3505,#3512),.PCURVE_S1.);
#3501 = LINE('',#3502,#3503);
#3502 = CARTESIAN_POINT('',(30.287777777778,10.815277777778,0.));
#3503 = VECTOR('',#3504,1.);
#3504 = DIRECTION('',(0.,0.,1.));
#3505 = PCURVE('',#1922,#3506);
#3506 = DEFINITIONAL_REPRESENTATION('',(#3507),#3511);
#3507 = LINE('',#3508,#3509);
#3508 = CARTESIAN_POINT('',(0.,-22.02777777777));
#3509 = VECTOR('',#3510,1.);
#3510 = DIRECTION('',(1.,0.));
#3511 = ( GEOMETRIC_REPRESENTATION_CONTEXT(2) 
PARAMETRIC_REPRESENTATION_CONTEXT() REPRESENTATION_CONTEXT('2D SPACE',''
  ) );
#3512 = PCURVE('',#1894,#3513);
#3513 = DEFINITIONAL_REPRESENTATION('',(#3514),#3518);
#3514 = LINE('',#3515,#3516);
#3515 = CARTESIAN_POINT('',(0.,2.E-02));
#3516 = VECTOR('',#3517,1.);
#3517 = DIRECTION('',(1.,0.));
#3518 = ( GEOMETRIC_REPRESENTATION_CONTEXT(2) 
PARAMETRIC_REPRESENTATION_CONTEXT() REPRESENTATION_CONTEXT('2D SPACE',''
  ) );
#3519 = ORIENTED_EDGE('',*,*,#1906,.T.);
#3520 = ORIENTED_EDGE('',*,*,#3424,.T.);
#3521 = ORIENTED_EDGE('',*,*,#3522,.F.);
#3522 = EDGE_CURVE('',#3498,#3402,#3523,.T.);
#3523 = SURFACE_CURVE('',#3524,(#3528,#3535),.PCURVE_S1.);
#3524 = LINE('',#3525,#3526);
#3525 = CARTESIAN_POINT('',(30.287777777778,8.2125,11.));
#3526 = VECTOR('',#3527,1.);
#3527 = DIRECTION('',(-0.,1.,0.));
#3528 = PCURVE('',#1922,#3529);
#3529 = DEFINITIONAL_REPRESENTATION('',(#3530),#3534);
#3530 = LINE('',#3531,#3532);
#3531 = CARTESIAN_POINT('',(11.,-19.425));
#3532 = VECTOR('',#3533,1.);
#3533 = DIRECTION('',(0.,-1.));
#3534 = ( GEOMETRIC_REPRESENTATION_CONTEXT(2) 
PARAMETRIC_REPRESENTATION_CONTEXT() REPRESENTATION_CONTEXT('2D SPACE',''
  ) );
#3535 = PCURVE('',#2713,#3536);
#3536 = DEFINITIONAL_REPRESENTATION('',(#3537),#3541);
#3537 = LINE('',#3538,#3539);
#3538 = CARTESIAN_POINT('',(30.297777777778,-1.588888888889));
#3539 = VECTOR('',#3540,1.);
#3540 = DIRECTION('',(0.,1.));
#3541 = ( GEOMETRIC_REPRESENTATION_CONTEXT(2) 
PARAMETRIC_REPRESENTATION_CONTEXT() REPRESENTATION_CONTEXT('2D SPACE',''
  ) );
#3542 = ADVANCED_FACE('',(#3543),#269,.F.);
#3543 = FACE_BOUND('',#3544,.F.);
#3544 = EDGE_LOOP('',(#3545,#3546,#3547,#3570));
#3545 = ORIENTED_EDGE('',*,*,#253,.F.);
#3546 = ORIENTED_EDGE('',*,*,#3448,.T.);
#3547 = ORIENTED_EDGE('',*,*,#3548,.T.);
#3548 = EDGE_CURVE('',#3449,#3549,#3551,.T.);
#3549 = VERTEX_POINT('',#3550);
#3550 = CARTESIAN_POINT('',(12.121111111111,-12.40416666666,11.));
#3551 = SURFACE_CURVE('',#3552,(#3556,#3563),.PCURVE_S1.);
#3552 = LINE('',#3553,#3554);
#3553 = CARTESIAN_POINT('',(6.045555555556,-12.40416666666,11.));
#3554 = VECTOR('',#3555,1.);
#3555 = DIRECTION('',(1.,0.,-0.));
#3556 = PCURVE('',#269,#3557);
#3557 = DEFINITIONAL_REPRESENTATION('',(#3558),#3562);
#3558 = LINE('',#3559,#3560);
#3559 = CARTESIAN_POINT('',(11.,0.));
#3560 = VECTOR('',#3561,1.);
#3561 = DIRECTION('',(0.,1.));
#3562 = ( GEOMETRIC_REPRESENTATION_CONTEXT(2) 
PARAMETRIC_REPRESENTATION_CONTEXT() REPRESENTATION_CONTEXT('2D SPACE',''
  ) );
#3563 = PCURVE('',#3264,#3564);
#3564 = DEFINITIONAL_REPRESENTATION('',(#3565),#3569);
#3565 = LINE('',#3566,#3567);
#3566 = CARTESIAN_POINT('',(6.055555555556,0.397222222222));
#3567 = VECTOR('',#3568,1.);
#3568 = DIRECTION('',(1.,0.));
#3569 = ( GEOMETRIC_REPRESENTATION_CONTEXT(2) 
PARAMETRIC_REPRESENTATION_CONTEXT() REPRESENTATION_CONTEXT('2D SPACE',''
  ) );
#3570 = ORIENTED_EDGE('',*,*,#3571,.F.);
#3571 = EDGE_CURVE('',#254,#3549,#3572,.T.);
#3572 = SURFACE_CURVE('',#3573,(#3577,#3584),.PCURVE_S1.);
#3573 = LINE('',#3574,#3575);
#3574 = CARTESIAN_POINT('',(12.121111111111,-12.40416666666,0.));
#3575 = VECTOR('',#3576,1.);
#3576 = DIRECTION('',(0.,0.,1.));
#3577 = PCURVE('',#269,#3578);
#3578 = DEFINITIONAL_REPRESENTATION('',(#3579),#3583);
#3579 = LINE('',#3580,#3581);
#3580 = CARTESIAN_POINT('',(0.,6.075555555556));
#3581 = VECTOR('',#3582,1.);
#3582 = DIRECTION('',(1.,0.));
#3583 = ( GEOMETRIC_REPRESENTATION_CONTEXT(2) 
PARAMETRIC_REPRESENTATION_CONTEXT() REPRESENTATION_CONTEXT('2D SPACE',''
  ) );
#3584 = PCURVE('',#297,#3585);
#3585 = DEFINITIONAL_REPRESENTATION('',(#3586),#3590);
#3586 = LINE('',#3587,#3588);
#3587 = CARTESIAN_POINT('',(0.,0.));
#3588 = VECTOR('',#3589,1.);
#3589 = DIRECTION('',(1.,0.));
#3590 = ( GEOMETRIC_REPRESENTATION_CONTEXT(2) 
PARAMETRIC_REPRESENTATION_CONTEXT() REPRESENTATION_CONTEXT('2D SPACE',''
  ) );
#3591 = ADVANCED_FACE('',(#3592),#1894,.T.);
#3592 = FACE_BOUND('',#3593,.T.);
#3593 = EDGE_LOOP('',(#3594,#3595,#3596,#3619));
#3594 = ORIENTED_EDGE('',*,*,#1878,.F.);
#3595 = ORIENTED_EDGE('',*,*,#3497,.T.);
#3596 = ORIENTED_EDGE('',*,*,#3597,.T.);
#3597 = EDGE_CURVE('',#3498,#3598,#3600,.T.);
#3598 = VERTEX_POINT('',#3599);
#3599 = CARTESIAN_POINT('',(36.343333333333,10.815277777778,11.));
#3600 = SURFACE_CURVE('',#3601,(#3605,#3612),.PCURVE_S1.);
#3601 = LINE('',#3602,#3603);
#3602 = CARTESIAN_POINT('',(30.267777777778,10.815277777778,11.));
#3603 = VECTOR('',#3604,1.);
#3604 = DIRECTION('',(1.,0.,-0.));
#3605 = PCURVE('',#1894,#3606);
#3606 = DEFINITIONAL_REPRESENTATION('',(#3607),#3611);
#3607 = LINE('',#3608,#3609);
#3608 = CARTESIAN_POINT('',(11.,0.));
#3609 = VECTOR('',#3610,1.);
#3610 = DIRECTION('',(0.,1.));
#3611 = ( GEOMETRIC_REPRESENTATION_CONTEXT(2) 
PARAMETRIC_REPRESENTATION_CONTEXT() REPRESENTATION_CONTEXT('2D SPACE',''
  ) );
#3612 = PCURVE('',#2713,#3613);
#3613 = DEFINITIONAL_REPRESENTATION('',(#3614),#3618);
#3614 = LINE('',#3615,#3616);
#3615 = CARTESIAN_POINT('',(30.277777777778,1.013888888889));
#3616 = VECTOR('',#3617,1.);
#3617 = DIRECTION('',(1.,0.));
#3618 = ( GEOMETRIC_REPRESENTATION_CONTEXT(2) 
PARAMETRIC_REPRESENTATION_CONTEXT() REPRESENTATION_CONTEXT('2D SPACE',''
  ) );
#3619 = ORIENTED_EDGE('',*,*,#3620,.F.);
#3620 = EDGE_CURVE('',#1851,#3598,#3621,.T.);
#3621 = SURFACE_CURVE('',#3622,(#3626,#3633),.PCURVE_S1.);
#3622 = LINE('',#3623,#3624);
#3623 = CARTESIAN_POINT('',(36.343333333333,10.815277777778,0.));
#3624 = VECTOR('',#3625,1.);
#3625 = DIRECTION('',(0.,0.,1.));
#3626 = PCURVE('',#1894,#3627);
#3627 = DEFINITIONAL_REPRESENTATION('',(#3628),#3632);
#3628 = LINE('',#3629,#3630);
#3629 = CARTESIAN_POINT('',(0.,6.075555555556));
#3630 = VECTOR('',#3631,1.);
#3631 = DIRECTION('',(1.,0.));
#3632 = ( GEOMETRIC_REPRESENTATION_CONTEXT(2) 
PARAMETRIC_REPRESENTATION_CONTEXT() REPRESENTATION_CONTEXT('2D SPACE',''
  ) );
#3633 = PCURVE('',#1866,#3634);
#3634 = DEFINITIONAL_REPRESENTATION('',(#3635),#3639);
#3635 = LINE('',#3636,#3637);
#3636 = CARTESIAN_POINT('',(0.,-21.63055555555));
#3637 = VECTOR('',#3638,1.);
#3638 = DIRECTION('',(1.,0.));
#3639 = ( GEOMETRIC_REPRESENTATION_CONTEXT(2) 
PARAMETRIC_REPRESENTATION_CONTEXT() REPRESENTATION_CONTEXT('2D SPACE',''
  ) );
#3640 = ADVANCED_FACE('',(#3641),#297,.T.);
#3641 = FACE_BOUND('',#3642,.T.);
#3642 = EDGE_LOOP('',(#3643,#3644,#3645,#3668));
#3643 = ORIENTED_EDGE('',*,*,#3571,.F.);
#3644 = ORIENTED_EDGE('',*,*,#281,.T.);
#3645 = ORIENTED_EDGE('',*,*,#3646,.T.);
#3646 = EDGE_CURVE('',#282,#3647,#3649,.T.);
#3647 = VERTEX_POINT('',#3648);
#3648 = CARTESIAN_POINT('',(12.121111111111,-12.00694444444,11.));
#3649 = SURFACE_CURVE('',#3650,(#3654,#3661),.PCURVE_S1.);
#3650 = LINE('',#3651,#3652);
#3651 = CARTESIAN_POINT('',(12.121111111111,-12.00694444444,0.));
#3652 = VECTOR('',#3653,1.);
#3653 = DIRECTION('',(0.,0.,1.));
#3654 = PCURVE('',#297,#3655);
#3655 = DEFINITIONAL_REPRESENTATION('',(#3656),#3660);
#3656 = LINE('',#3657,#3658);
#3657 = CARTESIAN_POINT('',(0.,-0.397222222222));
#3658 = VECTOR('',#3659,1.);
#3659 = DIRECTION('',(1.,0.));
#3660 = ( GEOMETRIC_REPRESENTATION_CONTEXT(2) 
PARAMETRIC_REPRESENTATION_CONTEXT() REPRESENTATION_CONTEXT('2D SPACE',''
  ) );
#3661 = PCURVE('',#325,#3662);
#3662 = DEFINITIONAL_REPRESENTATION('',(#3663),#3667);
#3663 = LINE('',#3664,#3665);
#3664 = CARTESIAN_POINT('',(0.,2.E-02));
#3665 = VECTOR('',#3666,1.);
#3666 = DIRECTION('',(1.,0.));
#3667 = ( GEOMETRIC_REPRESENTATION_CONTEXT(2) 
PARAMETRIC_REPRESENTATION_CONTEXT() REPRESENTATION_CONTEXT('2D SPACE',''
  ) );
#3668 = ORIENTED_EDGE('',*,*,#3669,.F.);
#3669 = EDGE_CURVE('',#3549,#3647,#3670,.T.);
#3670 = SURFACE_CURVE('',#3671,(#3675,#3682),.PCURVE_S1.);
#3671 = LINE('',#3672,#3673);
#3672 = CARTESIAN_POINT('',(12.121111111111,-12.40416666666,11.));
#3673 = VECTOR('',#3674,1.);
#3674 = DIRECTION('',(-0.,1.,0.));
#3675 = PCURVE('',#297,#3676);
#3676 = DEFINITIONAL_REPRESENTATION('',(#3677),#3681);
#3677 = LINE('',#3678,#3679);
#3678 = CARTESIAN_POINT('',(11.,0.));
#3679 = VECTOR('',#3680,1.);
#3680 = DIRECTION('',(0.,-1.));
#3681 = ( GEOMETRIC_REPRESENTATION_CONTEXT(2) 
PARAMETRIC_REPRESENTATION_CONTEXT() REPRESENTATION_CONTEXT('2D SPACE',''
  ) );
#3682 = PCURVE('',#3264,#3683);
#3683 = DEFINITIONAL_REPRESENTATION('',(#3684),#3688);
#3684 = LINE('',#3685,#3686);
#3685 = CARTESIAN_POINT('',(12.131111111111,0.397222222222));
#3686 = VECTOR('',#3687,1.);
#3687 = DIRECTION('',(0.,1.));
#3688 = ( GEOMETRIC_REPRESENTATION_CONTEXT(2) 
PARAMETRIC_REPRESENTATION_CONTEXT() REPRESENTATION_CONTEXT('2D SPACE',''
  ) );
#3689 = ADVANCED_FACE('',(#3690),#1866,.T.);
#3690 = FACE_BOUND('',#3691,.T.);
#3691 = EDGE_LOOP('',(#3692,#3715,#3716,#3717));
#3692 = ORIENTED_EDGE('',*,*,#3693,.F.);
#3693 = EDGE_CURVE('',#1823,#3694,#3696,.T.);
#3694 = VERTEX_POINT('',#3695);
#3695 = CARTESIAN_POINT('',(36.343333333333,10.418055555556,11.));
#3696 = SURFACE_CURVE('',#3697,(#3701,#3708),.PCURVE_S1.);
#3697 = LINE('',#3698,#3699);
#3698 = CARTESIAN_POINT('',(36.343333333333,10.418055555556,0.));
#3699 = VECTOR('',#3700,1.);
#3700 = DIRECTION('',(0.,0.,1.));
#3701 = PCURVE('',#1866,#3702);
#3702 = DEFINITIONAL_REPRESENTATION('',(#3703),#3707);
#3703 = LINE('',#3704,#3705);
#3704 = CARTESIAN_POINT('',(0.,-21.23333333333));
#3705 = VECTOR('',#3706,1.);
#3706 = DIRECTION('',(1.,0.));
#3707 = ( GEOMETRIC_REPRESENTATION_CONTEXT(2) 
PARAMETRIC_REPRESENTATION_CONTEXT() REPRESENTATION_CONTEXT('2D SPACE',''
  ) );
#3708 = PCURVE('',#1838,#3709);
#3709 = DEFINITIONAL_REPRESENTATION('',(#3710),#3714);
#3710 = LINE('',#3711,#3712);
#3711 = CARTESIAN_POINT('',(0.,2.E-02));
#3712 = VECTOR('',#3713,1.);
#3713 = DIRECTION('',(1.,0.));
#3714 = ( GEOMETRIC_REPRESENTATION_CONTEXT(2) 
PARAMETRIC_REPRESENTATION_CONTEXT() REPRESENTATION_CONTEXT('2D SPACE',''
  ) );
#3715 = ORIENTED_EDGE('',*,*,#1850,.T.);
#3716 = ORIENTED_EDGE('',*,*,#3620,.T.);
#3717 = ORIENTED_EDGE('',*,*,#3718,.F.);
#3718 = EDGE_CURVE('',#3694,#3598,#3719,.T.);
#3719 = SURFACE_CURVE('',#3720,(#3724,#3731),.PCURVE_S1.);
#3720 = LINE('',#3721,#3722);
#3721 = CARTESIAN_POINT('',(36.343333333333,7.815277777778,11.));
#3722 = VECTOR('',#3723,1.);
#3723 = DIRECTION('',(-0.,1.,0.));
#3724 = PCURVE('',#1866,#3725);
#3725 = DEFINITIONAL_REPRESENTATION('',(#3726),#3730);
#3726 = LINE('',#3727,#3728);
#3727 = CARTESIAN_POINT('',(11.,-18.63055555555));
#3728 = VECTOR('',#3729,1.);
#3729 = DIRECTION('',(0.,-1.));
#3730 = ( GEOMETRIC_REPRESENTATION_CONTEXT(2) 
PARAMETRIC_REPRESENTATION_CONTEXT() REPRESENTATION_CONTEXT('2D SPACE',''
  ) );
#3731 = PCURVE('',#2713,#3732);
#3732 = DEFINITIONAL_REPRESENTATION('',(#3733),#3737);
#3733 = LINE('',#3734,#3735);
#3734 = CARTESIAN_POINT('',(36.353333333333,-1.986111111111));
#3735 = VECTOR('',#3736,1.);
#3736 = DIRECTION('',(0.,1.));
#3737 = ( GEOMETRIC_REPRESENTATION_CONTEXT(2) 
PARAMETRIC_REPRESENTATION_CONTEXT() REPRESENTATION_CONTEXT('2D SPACE',''
  ) );
#3738 = ADVANCED_FACE('',(#3739),#325,.F.);
#3739 = FACE_BOUND('',#3740,.F.);
#3740 = EDGE_LOOP('',(#3741,#3742,#3743,#3766));
#3741 = ORIENTED_EDGE('',*,*,#309,.F.);
#3742 = ORIENTED_EDGE('',*,*,#3646,.T.);
#3743 = ORIENTED_EDGE('',*,*,#3744,.T.);
#3744 = EDGE_CURVE('',#3647,#3745,#3747,.T.);
#3745 = VERTEX_POINT('',#3746);
#3746 = CARTESIAN_POINT('',(18.176666666667,-12.00694444444,11.));
#3747 = SURFACE_CURVE('',#3748,(#3752,#3759),.PCURVE_S1.);
#3748 = LINE('',#3749,#3750);
#3749 = CARTESIAN_POINT('',(12.101111111111,-12.00694444444,11.));
#3750 = VECTOR('',#3751,1.);
#3751 = DIRECTION('',(1.,0.,-0.));
#3752 = PCURVE('',#325,#3753);
#3753 = DEFINITIONAL_REPRESENTATION('',(#3754),#3758);
#3754 = LINE('',#3755,#3756);
#3755 = CARTESIAN_POINT('',(11.,0.));
#3756 = VECTOR('',#3757,1.);
#3757 = DIRECTION('',(0.,1.));
#3758 = ( GEOMETRIC_REPRESENTATION_CONTEXT(2) 
PARAMETRIC_REPRESENTATION_CONTEXT() REPRESENTATION_CONTEXT('2D SPACE',''
  ) );
#3759 = PCURVE('',#3264,#3760);
#3760 = DEFINITIONAL_REPRESENTATION('',(#3761),#3765);
#3761 = LINE('',#3762,#3763);
#3762 = CARTESIAN_POINT('',(12.111111111111,0.794444444444));
#3763 = VECTOR('',#3764,1.);
#3764 = DIRECTION('',(1.,0.));
#3765 = ( GEOMETRIC_REPRESENTATION_CONTEXT(2) 
PARAMETRIC_REPRESENTATION_CONTEXT() REPRESENTATION_CONTEXT('2D SPACE',''
  ) );
#3766 = ORIENTED_EDGE('',*,*,#3767,.F.);
#3767 = EDGE_CURVE('',#310,#3745,#3768,.T.);
#3768 = SURFACE_CURVE('',#3769,(#3773,#3780),.PCURVE_S1.);
#3769 = LINE('',#3770,#3771);
#3770 = CARTESIAN_POINT('',(18.176666666667,-12.00694444444,0.));
#3771 = VECTOR('',#3772,1.);
#3772 = DIRECTION('',(0.,0.,1.));
#3773 = PCURVE('',#325,#3774);
#3774 = DEFINITIONAL_REPRESENTATION('',(#3775),#3779);
#3775 = LINE('',#3776,#3777);
#3776 = CARTESIAN_POINT('',(0.,6.075555555556));
#3777 = VECTOR('',#3778,1.);
#3778 = DIRECTION('',(1.,0.));
#3779 = ( GEOMETRIC_REPRESENTATION_CONTEXT(2) 
PARAMETRIC_REPRESENTATION_CONTEXT() REPRESENTATION_CONTEXT('2D SPACE',''
  ) );
#3780 = PCURVE('',#353,#3781);
#3781 = DEFINITIONAL_REPRESENTATION('',(#3782),#3786);
#3782 = LINE('',#3783,#3784);
#3783 = CARTESIAN_POINT('',(0.,0.));
#3784 = VECTOR('',#3785,1.);
#3785 = DIRECTION('',(1.,0.));
#3786 = ( GEOMETRIC_REPRESENTATION_CONTEXT(2) 
PARAMETRIC_REPRESENTATION_CONTEXT() REPRESENTATION_CONTEXT('2D SPACE',''
  ) );
#3787 = ADVANCED_FACE('',(#3788),#1838,.T.);
#3788 = FACE_BOUND('',#3789,.T.);
#3789 = EDGE_LOOP('',(#3790,#3791,#3792,#3815));
#3790 = ORIENTED_EDGE('',*,*,#1822,.F.);
#3791 = ORIENTED_EDGE('',*,*,#3693,.T.);
#3792 = ORIENTED_EDGE('',*,*,#3793,.T.);
#3793 = EDGE_CURVE('',#3694,#3794,#3796,.T.);
#3794 = VERTEX_POINT('',#3795);
#3795 = CARTESIAN_POINT('',(42.398888888889,10.418055555556,11.));
#3796 = SURFACE_CURVE('',#3797,(#3801,#3808),.PCURVE_S1.);
#3797 = LINE('',#3798,#3799);
#3798 = CARTESIAN_POINT('',(36.323333333333,10.418055555556,11.));
#3799 = VECTOR('',#3800,1.);
#3800 = DIRECTION('',(1.,0.,-0.));
#3801 = PCURVE('',#1838,#3802);
#3802 = DEFINITIONAL_REPRESENTATION('',(#3803),#3807);
#3803 = LINE('',#3804,#3805);
#3804 = CARTESIAN_POINT('',(11.,0.));
#3805 = VECTOR('',#3806,1.);
#3806 = DIRECTION('',(0.,1.));
#3807 = ( GEOMETRIC_REPRESENTATION_CONTEXT(2) 
PARAMETRIC_REPRESENTATION_CONTEXT() REPRESENTATION_CONTEXT('2D SPACE',''
  ) );
#3808 = PCURVE('',#2713,#3809);
#3809 = DEFINITIONAL_REPRESENTATION('',(#3810),#3814);
#3810 = LINE('',#3811,#3812);
#3811 = CARTESIAN_POINT('',(36.333333333333,0.616666666667));
#3812 = VECTOR('',#3813,1.);
#3813 = DIRECTION('',(1.,0.));
#3814 = ( GEOMETRIC_REPRESENTATION_CONTEXT(2) 
PARAMETRIC_REPRESENTATION_CONTEXT() REPRESENTATION_CONTEXT('2D SPACE',''
  ) );
#3815 = ORIENTED_EDGE('',*,*,#3816,.F.);
#3816 = EDGE_CURVE('',#1795,#3794,#3817,.T.);
#3817 = SURFACE_CURVE('',#3818,(#3822,#3829),.PCURVE_S1.);
#3818 = LINE('',#3819,#3820);
#3819 = CARTESIAN_POINT('',(42.398888888889,10.418055555556,0.));
#3820 = VECTOR('',#3821,1.);
#3821 = DIRECTION('',(0.,0.,1.));
#3822 = PCURVE('',#1838,#3823);
#3823 = DEFINITIONAL_REPRESENTATION('',(#3824),#3828);
#3824 = LINE('',#3825,#3826);
#3825 = CARTESIAN_POINT('',(0.,6.075555555556));
#3826 = VECTOR('',#3827,1.);
#3827 = DIRECTION('',(1.,0.));
#3828 = ( GEOMETRIC_REPRESENTATION_CONTEXT(2) 
PARAMETRIC_REPRESENTATION_CONTEXT() REPRESENTATION_CONTEXT('2D SPACE',''
  ) );
#3829 = PCURVE('',#1810,#3830);
#3830 = DEFINITIONAL_REPRESENTATION('',(#3831),#3835);
#3831 = LINE('',#3832,#3833);
#3832 = CARTESIAN_POINT('',(0.,-20.83611111111));
#3833 = VECTOR('',#3834,1.);
#3834 = DIRECTION('',(1.,0.));
#3835 = ( GEOMETRIC_REPRESENTATION_CONTEXT(2) 
PARAMETRIC_REPRESENTATION_CONTEXT() REPRESENTATION_CONTEXT('2D SPACE',''
  ) );
#3836 = ADVANCED_FACE('',(#3837),#353,.T.);
#3837 = FACE_BOUND('',#3838,.T.);
#3838 = EDGE_LOOP('',(#3839,#3840,#3841,#3864));
#3839 = ORIENTED_EDGE('',*,*,#3767,.F.);
#3840 = ORIENTED_EDGE('',*,*,#337,.T.);
#3841 = ORIENTED_EDGE('',*,*,#3842,.T.);
#3842 = EDGE_CURVE('',#338,#3843,#3845,.T.);
#3843 = VERTEX_POINT('',#3844);
#3844 = CARTESIAN_POINT('',(18.176666666667,-11.60972222222,11.));
#3845 = SURFACE_CURVE('',#3846,(#3850,#3857),.PCURVE_S1.);
#3846 = LINE('',#3847,#3848);
#3847 = CARTESIAN_POINT('',(18.176666666667,-11.60972222222,0.));
#3848 = VECTOR('',#3849,1.);
#3849 = DIRECTION('',(0.,0.,1.));
#3850 = PCURVE('',#353,#3851);
#3851 = DEFINITIONAL_REPRESENTATION('',(#3852),#3856);
#3852 = LINE('',#3853,#3854);
#3853 = CARTESIAN_POINT('',(0.,-0.397222222222));
#3854 = VECTOR('',#3855,1.);
#3855 = DIRECTION('',(1.,0.));
#3856 = ( GEOMETRIC_REPRESENTATION_CONTEXT(2) 
PARAMETRIC_REPRESENTATION_CONTEXT() REPRESENTATION_CONTEXT('2D SPACE',''
  ) );
#3857 = PCURVE('',#381,#3858);
#3858 = DEFINITIONAL_REPRESENTATION('',(#3859),#3863);
#3859 = LINE('',#3860,#3861);
#3860 = CARTESIAN_POINT('',(0.,2.E-02));
#3861 = VECTOR('',#3862,1.);
#3862 = DIRECTION('',(1.,0.));
#3863 = ( GEOMETRIC_REPRESENTATION_CONTEXT(2) 
PARAMETRIC_REPRESENTATION_CONTEXT() REPRESENTATION_CONTEXT('2D SPACE',''
  ) );
#3864 = ORIENTED_EDGE('',*,*,#3865,.F.);
#3865 = EDGE_CURVE('',#3745,#3843,#3866,.T.);
#3866 = SURFACE_CURVE('',#3867,(#3871,#3878),.PCURVE_S1.);
#3867 = LINE('',#3868,#3869);
#3868 = CARTESIAN_POINT('',(18.176666666667,-12.00694444444,11.));
#3869 = VECTOR('',#3870,1.);
#3870 = DIRECTION('',(-0.,1.,0.));
#3871 = PCURVE('',#353,#3872);
#3872 = DEFINITIONAL_REPRESENTATION('',(#3873),#3877);
#3873 = LINE('',#3874,#3875);
#3874 = CARTESIAN_POINT('',(11.,0.));
#3875 = VECTOR('',#3876,1.);
#3876 = DIRECTION('',(0.,-1.));
#3877 = ( GEOMETRIC_REPRESENTATION_CONTEXT(2) 
PARAMETRIC_REPRESENTATION_CONTEXT() REPRESENTATION_CONTEXT('2D SPACE',''
  ) );
#3878 = PCURVE('',#3264,#3879);
#3879 = DEFINITIONAL_REPRESENTATION('',(#3880),#3884);
#3880 = LINE('',#3881,#3882);
#3881 = CARTESIAN_POINT('',(18.186666666667,0.794444444444));
#3882 = VECTOR('',#3883,1.);
#3883 = DIRECTION('',(0.,1.));
#3884 = ( GEOMETRIC_REPRESENTATION_CONTEXT(2) 
PARAMETRIC_REPRESENTATION_CONTEXT() REPRESENTATION_CONTEXT('2D SPACE',''
  ) );
#3885 = ADVANCED_FACE('',(#3886),#1810,.T.);
#3886 = FACE_BOUND('',#3887,.T.);
#3887 = EDGE_LOOP('',(#3888,#3911,#3912,#3913));
#3888 = ORIENTED_EDGE('',*,*,#3889,.F.);
#3889 = EDGE_CURVE('',#1767,#3890,#3892,.T.);
#3890 = VERTEX_POINT('',#3891);
#3891 = CARTESIAN_POINT('',(42.398888888889,10.020833333333,11.));
#3892 = SURFACE_CURVE('',#3893,(#3897,#3904),.PCURVE_S1.);
#3893 = LINE('',#3894,#3895);
#3894 = CARTESIAN_POINT('',(42.398888888889,10.020833333333,0.));
#3895 = VECTOR('',#3896,1.);
#3896 = DIRECTION('',(0.,-1.614869854E-16,1.));
#3897 = PCURVE('',#1810,#3898);
#3898 = DEFINITIONAL_REPRESENTATION('',(#3899),#3903);
#3899 = LINE('',#3900,#3901);
#3900 = CARTESIAN_POINT('',(0.,-20.43888888888));
#3901 = VECTOR('',#3902,1.);
#3902 = DIRECTION('',(1.,1.614869854E-16));
#3903 = ( GEOMETRIC_REPRESENTATION_CONTEXT(2) 
PARAMETRIC_REPRESENTATION_CONTEXT() REPRESENTATION_CONTEXT('2D SPACE',''
  ) );
#3904 = PCURVE('',#1782,#3905);
#3905 = DEFINITIONAL_REPRESENTATION('',(#3906),#3910);
#3906 = LINE('',#3907,#3908);
#3907 = CARTESIAN_POINT('',(0.,2.E-02));
#3908 = VECTOR('',#3909,1.);
#3909 = DIRECTION('',(1.,0.));
#3910 = ( GEOMETRIC_REPRESENTATION_CONTEXT(2) 
PARAMETRIC_REPRESENTATION_CONTEXT() REPRESENTATION_CONTEXT('2D SPACE',''
  ) );
#3911 = ORIENTED_EDGE('',*,*,#1794,.T.);
#3912 = ORIENTED_EDGE('',*,*,#3816,.T.);
#3913 = ORIENTED_EDGE('',*,*,#3914,.F.);
#3914 = EDGE_CURVE('',#3890,#3794,#3915,.T.);
#3915 = SURFACE_CURVE('',#3916,(#3920,#3927),.PCURVE_S1.);
#3916 = LINE('',#3917,#3918);
#3917 = CARTESIAN_POINT('',(42.398888888889,7.418055555556,11.));
#3918 = VECTOR('',#3919,1.);
#3919 = DIRECTION('',(-0.,1.,0.));
#3920 = PCURVE('',#1810,#3921);
#3921 = DEFINITIONAL_REPRESENTATION('',(#3922),#3926);
#3922 = LINE('',#3923,#3924);
#3923 = CARTESIAN_POINT('',(11.,-17.83611111111));
#3924 = VECTOR('',#3925,1.);
#3925 = DIRECTION('',(0.,-1.));
#3926 = ( GEOMETRIC_REPRESENTATION_CONTEXT(2) 
PARAMETRIC_REPRESENTATION_CONTEXT() REPRESENTATION_CONTEXT('2D SPACE',''
  ) );
#3927 = PCURVE('',#2713,#3928);
#3928 = DEFINITIONAL_REPRESENTATION('',(#3929),#3933);
#3929 = LINE('',#3930,#3931);
#3930 = CARTESIAN_POINT('',(42.408888888889,-2.383333333333));
#3931 = VECTOR('',#3932,1.);
#3932 = DIRECTION('',(0.,1.));
#3933 = ( GEOMETRIC_REPRESENTATION_CONTEXT(2) 
PARAMETRIC_REPRESENTATION_CONTEXT() REPRESENTATION_CONTEXT('2D SPACE',''
  ) );
#3934 = ADVANCED_FACE('',(#3935),#381,.F.);
#3935 = FACE_BOUND('',#3936,.F.);
#3936 = EDGE_LOOP('',(#3937,#3938,#3939,#3962));
#3937 = ORIENTED_EDGE('',*,*,#365,.F.);
#3938 = ORIENTED_EDGE('',*,*,#3842,.T.);
#3939 = ORIENTED_EDGE('',*,*,#3940,.T.);
#3940 = EDGE_CURVE('',#3843,#3941,#3943,.T.);
#3941 = VERTEX_POINT('',#3942);
#3942 = CARTESIAN_POINT('',(24.232222222222,-11.60972222222,11.));
#3943 = SURFACE_CURVE('',#3944,(#3948,#3955),.PCURVE_S1.);
#3944 = LINE('',#3945,#3946);
#3945 = CARTESIAN_POINT('',(18.156666666667,-11.60972222222,11.));
#3946 = VECTOR('',#3947,1.);
#3947 = DIRECTION('',(1.,0.,-0.));
#3948 = PCURVE('',#381,#3949);
#3949 = DEFINITIONAL_REPRESENTATION('',(#3950),#3954);
#3950 = LINE('',#3951,#3952);
#3951 = CARTESIAN_POINT('',(11.,0.));
#3952 = VECTOR('',#3953,1.);
#3953 = DIRECTION('',(0.,1.));
#3954 = ( GEOMETRIC_REPRESENTATION_CONTEXT(2) 
PARAMETRIC_REPRESENTATION_CONTEXT() REPRESENTATION_CONTEXT('2D SPACE',''
  ) );
#3955 = PCURVE('',#3264,#3956);
#3956 = DEFINITIONAL_REPRESENTATION('',(#3957),#3961);
#3957 = LINE('',#3958,#3959);
#3958 = CARTESIAN_POINT('',(18.166666666667,1.191666666667));
#3959 = VECTOR('',#3960,1.);
#3960 = DIRECTION('',(1.,0.));
#3961 = ( GEOMETRIC_REPRESENTATION_CONTEXT(2) 
PARAMETRIC_REPRESENTATION_CONTEXT() REPRESENTATION_CONTEXT('2D SPACE',''
  ) );
#3962 = ORIENTED_EDGE('',*,*,#3963,.F.);
#3963 = EDGE_CURVE('',#366,#3941,#3964,.T.);
#3964 = SURFACE_CURVE('',#3965,(#3969,#3976),.PCURVE_S1.);
#3965 = LINE('',#3966,#3967);
#3966 = CARTESIAN_POINT('',(24.232222222222,-11.60972222222,0.));
#3967 = VECTOR('',#3968,1.);
#3968 = DIRECTION('',(0.,0.,1.));
#3969 = PCURVE('',#381,#3970);
#3970 = DEFINITIONAL_REPRESENTATION('',(#3971),#3975);
#3971 = LINE('',#3972,#3973);
#3972 = CARTESIAN_POINT('',(0.,6.075555555556));
#3973 = VECTOR('',#3974,1.);
#3974 = DIRECTION('',(1.,0.));
#3975 = ( GEOMETRIC_REPRESENTATION_CONTEXT(2) 
PARAMETRIC_REPRESENTATION_CONTEXT() REPRESENTATION_CONTEXT('2D SPACE',''
  ) );
#3976 = PCURVE('',#409,#3977);
#3977 = DEFINITIONAL_REPRESENTATION('',(#3978),#3982);
#3978 = LINE('',#3979,#3980);
#3979 = CARTESIAN_POINT('',(0.,0.));
#3980 = VECTOR('',#3981,1.);
#3981 = DIRECTION('',(1.,0.));
#3982 = ( GEOMETRIC_REPRESENTATION_CONTEXT(2) 
PARAMETRIC_REPRESENTATION_CONTEXT() REPRESENTATION_CONTEXT('2D SPACE',''
  ) );
#3983 = ADVANCED_FACE('',(#3984),#1782,.T.);
#3984 = FACE_BOUND('',#3985,.T.);
#3985 = EDGE_LOOP('',(#3986,#3987,#3988,#4011));
#3986 = ORIENTED_EDGE('',*,*,#1766,.F.);
#3987 = ORIENTED_EDGE('',*,*,#3889,.T.);
#3988 = ORIENTED_EDGE('',*,*,#3989,.T.);
#3989 = EDGE_CURVE('',#3890,#3990,#3992,.T.);
#3990 = VERTEX_POINT('',#3991);
#3991 = CARTESIAN_POINT('',(48.454444444444,10.020833333333,11.));
#3992 = SURFACE_CURVE('',#3993,(#3997,#4004),.PCURVE_S1.);
#3993 = LINE('',#3994,#3995);
#3994 = CARTESIAN_POINT('',(42.378888888889,10.020833333333,11.));
#3995 = VECTOR('',#3996,1.);
#3996 = DIRECTION('',(1.,0.,-0.));
#3997 = PCURVE('',#1782,#3998);
#3998 = DEFINITIONAL_REPRESENTATION('',(#3999),#4003);
#3999 = LINE('',#4000,#4001);
#4000 = CARTESIAN_POINT('',(11.,0.));
#4001 = VECTOR('',#4002,1.);
#4002 = DIRECTION('',(0.,1.));
#4003 = ( GEOMETRIC_REPRESENTATION_CONTEXT(2) 
PARAMETRIC_REPRESENTATION_CONTEXT() REPRESENTATION_CONTEXT('2D SPACE',''
  ) );
#4004 = PCURVE('',#2713,#4005);
#4005 = DEFINITIONAL_REPRESENTATION('',(#4006),#4010);
#4006 = LINE('',#4007,#4008);
#4007 = CARTESIAN_POINT('',(42.388888888889,0.219444444444));
#4008 = VECTOR('',#4009,1.);
#4009 = DIRECTION('',(1.,0.));
#4010 = ( GEOMETRIC_REPRESENTATION_CONTEXT(2) 
PARAMETRIC_REPRESENTATION_CONTEXT() REPRESENTATION_CONTEXT('2D SPACE',''
  ) );
#4011 = ORIENTED_EDGE('',*,*,#4012,.F.);
#4012 = EDGE_CURVE('',#1739,#3990,#4013,.T.);
#4013 = SURFACE_CURVE('',#4014,(#4018,#4025),.PCURVE_S1.);
#4014 = LINE('',#4015,#4016);
#4015 = CARTESIAN_POINT('',(48.454444444444,10.020833333333,0.));
#4016 = VECTOR('',#4017,1.);
#4017 = DIRECTION('',(0.,0.,1.));
#4018 = PCURVE('',#1782,#4019);
#4019 = DEFINITIONAL_REPRESENTATION('',(#4020),#4024);
#4020 = LINE('',#4021,#4022);
#4021 = CARTESIAN_POINT('',(0.,6.075555555556));
#4022 = VECTOR('',#4023,1.);
#4023 = DIRECTION('',(1.,0.));
#4024 = ( GEOMETRIC_REPRESENTATION_CONTEXT(2) 
PARAMETRIC_REPRESENTATION_CONTEXT() REPRESENTATION_CONTEXT('2D SPACE',''
  ) );
#4025 = PCURVE('',#1754,#4026);
#4026 = DEFINITIONAL_REPRESENTATION('',(#4027),#4031);
#4027 = LINE('',#4028,#4029);
#4028 = CARTESIAN_POINT('',(0.,-20.04166666666));
#4029 = VECTOR('',#4030,1.);
#4030 = DIRECTION('',(1.,0.));
#4031 = ( GEOMETRIC_REPRESENTATION_CONTEXT(2) 
PARAMETRIC_REPRESENTATION_CONTEXT() REPRESENTATION_CONTEXT('2D SPACE',''
  ) );
#4032 = ADVANCED_FACE('',(#4033),#409,.T.);
#4033 = FACE_BOUND('',#4034,.T.);
#4034 = EDGE_LOOP('',(#4035,#4036,#4037,#4060));
#4035 = ORIENTED_EDGE('',*,*,#3963,.F.);
#4036 = ORIENTED_EDGE('',*,*,#393,.T.);
#4037 = ORIENTED_EDGE('',*,*,#4038,.T.);
#4038 = EDGE_CURVE('',#394,#4039,#4041,.T.);
#4039 = VERTEX_POINT('',#4040);
#4040 = CARTESIAN_POINT('',(24.232222222222,-11.2125,11.));
#4041 = SURFACE_CURVE('',#4042,(#4046,#4053),.PCURVE_S1.);
#4042 = LINE('',#4043,#4044);
#4043 = CARTESIAN_POINT('',(24.232222222222,-11.2125,0.));
#4044 = VECTOR('',#4045,1.);
#4045 = DIRECTION('',(0.,0.,1.));
#4046 = PCURVE('',#409,#4047);
#4047 = DEFINITIONAL_REPRESENTATION('',(#4048),#4052);
#4048 = LINE('',#4049,#4050);
#4049 = CARTESIAN_POINT('',(0.,-0.397222222222));
#4050 = VECTOR('',#4051,1.);
#4051 = DIRECTION('',(1.,0.));
#4052 = ( GEOMETRIC_REPRESENTATION_CONTEXT(2) 
PARAMETRIC_REPRESENTATION_CONTEXT() REPRESENTATION_CONTEXT('2D SPACE',''
  ) );
#4053 = PCURVE('',#437,#4054);
#4054 = DEFINITIONAL_REPRESENTATION('',(#4055),#4059);
#4055 = LINE('',#4056,#4057);
#4056 = CARTESIAN_POINT('',(0.,2.E-02));
#4057 = VECTOR('',#4058,1.);
#4058 = DIRECTION('',(1.,0.));
#4059 = ( GEOMETRIC_REPRESENTATION_CONTEXT(2) 
PARAMETRIC_REPRESENTATION_CONTEXT() REPRESENTATION_CONTEXT('2D SPACE',''
  ) );
#4060 = ORIENTED_EDGE('',*,*,#4061,.F.);
#4061 = EDGE_CURVE('',#3941,#4039,#4062,.T.);
#4062 = SURFACE_CURVE('',#4063,(#4067,#4074),.PCURVE_S1.);
#4063 = LINE('',#4064,#4065);
#4064 = CARTESIAN_POINT('',(24.232222222222,-11.60972222222,11.));
#4065 = VECTOR('',#4066,1.);
#4066 = DIRECTION('',(-0.,1.,0.));
#4067 = PCURVE('',#409,#4068);
#4068 = DEFINITIONAL_REPRESENTATION('',(#4069),#4073);
#4069 = LINE('',#4070,#4071);
#4070 = CARTESIAN_POINT('',(11.,0.));
#4071 = VECTOR('',#4072,1.);
#4072 = DIRECTION('',(0.,-1.));
#4073 = ( GEOMETRIC_REPRESENTATION_CONTEXT(2) 
PARAMETRIC_REPRESENTATION_CONTEXT() REPRESENTATION_CONTEXT('2D SPACE',''
  ) );
#4074 = PCURVE('',#3264,#4075);
#4075 = DEFINITIONAL_REPRESENTATION('',(#4076),#4080);
#4076 = LINE('',#4077,#4078);
#4077 = CARTESIAN_POINT('',(24.242222222222,1.191666666667));
#4078 = VECTOR('',#4079,1.);
#4079 = DIRECTION('',(0.,1.));
#4080 = ( GEOMETRIC_REPRESENTATION_CONTEXT(2) 
PARAMETRIC_REPRESENTATION_CONTEXT() REPRESENTATION_CONTEXT('2D SPACE',''
  ) );
#4081 = ADVANCED_FACE('',(#4082),#1754,.T.);
#4082 = FACE_BOUND('',#4083,.T.);
#4083 = EDGE_LOOP('',(#4084,#4107,#4108,#4109));
#4084 = ORIENTED_EDGE('',*,*,#4085,.F.);
#4085 = EDGE_CURVE('',#1711,#4086,#4088,.T.);
#4086 = VERTEX_POINT('',#4087);
#4087 = CARTESIAN_POINT('',(48.454444444444,9.623611111111,11.));
#4088 = SURFACE_CURVE('',#4089,(#4093,#4100),.PCURVE_S1.);
#4089 = LINE('',#4090,#4091);
#4090 = CARTESIAN_POINT('',(48.454444444444,9.623611111111,0.));
#4091 = VECTOR('',#4092,1.);
#4092 = DIRECTION('',(0.,0.,1.));
#4093 = PCURVE('',#1754,#4094);
#4094 = DEFINITIONAL_REPRESENTATION('',(#4095),#4099);
#4095 = LINE('',#4096,#4097);
#4096 = CARTESIAN_POINT('',(0.,-19.64444444444));
#4097 = VECTOR('',#4098,1.);
#4098 = DIRECTION('',(1.,0.));
#4099 = ( GEOMETRIC_REPRESENTATION_CONTEXT(2) 
PARAMETRIC_REPRESENTATION_CONTEXT() REPRESENTATION_CONTEXT('2D SPACE',''
  ) );
#4100 = PCURVE('',#1726,#4101);
#4101 = DEFINITIONAL_REPRESENTATION('',(#4102),#4106);
#4102 = LINE('',#4103,#4104);
#4103 = CARTESIAN_POINT('',(0.,2.E-02));
#4104 = VECTOR('',#4105,1.);
#4105 = DIRECTION('',(1.,0.));
#4106 = ( GEOMETRIC_REPRESENTATION_CONTEXT(2) 
PARAMETRIC_REPRESENTATION_CONTEXT() REPRESENTATION_CONTEXT('2D SPACE',''
  ) );
#4107 = ORIENTED_EDGE('',*,*,#1738,.T.);
#4108 = ORIENTED_EDGE('',*,*,#4012,.T.);
#4109 = ORIENTED_EDGE('',*,*,#4110,.F.);
#4110 = EDGE_CURVE('',#4086,#3990,#4111,.T.);
#4111 = SURFACE_CURVE('',#4112,(#4116,#4123),.PCURVE_S1.);
#4112 = LINE('',#4113,#4114);
#4113 = CARTESIAN_POINT('',(48.454444444444,7.020833333333,11.));
#4114 = VECTOR('',#4115,1.);
#4115 = DIRECTION('',(-0.,1.,0.));
#4116 = PCURVE('',#1754,#4117);
#4117 = DEFINITIONAL_REPRESENTATION('',(#4118),#4122);
#4118 = LINE('',#4119,#4120);
#4119 = CARTESIAN_POINT('',(11.,-17.04166666666));
#4120 = VECTOR('',#4121,1.);
#4121 = DIRECTION('',(0.,-1.));
#4122 = ( GEOMETRIC_REPRESENTATION_CONTEXT(2) 
PARAMETRIC_REPRESENTATION_CONTEXT() REPRESENTATION_CONTEXT('2D SPACE',''
  ) );
#4123 = PCURVE('',#2713,#4124);
#4124 = DEFINITIONAL_REPRESENTATION('',(#4125),#4129);
#4125 = LINE('',#4126,#4127);
#4126 = CARTESIAN_POINT('',(48.464444444444,-2.780555555556));
#4127 = VECTOR('',#4128,1.);
#4128 = DIRECTION('',(0.,1.));
#4129 = ( GEOMETRIC_REPRESENTATION_CONTEXT(2) 
PARAMETRIC_REPRESENTATION_CONTEXT() REPRESENTATION_CONTEXT('2D SPACE',''
  ) );
#4130 = ADVANCED_FACE('',(#4131),#437,.F.);
#4131 = FACE_BOUND('',#4132,.F.);
#4132 = EDGE_LOOP('',(#4133,#4134,#4135,#4158));
#4133 = ORIENTED_EDGE('',*,*,#421,.F.);
#4134 = ORIENTED_EDGE('',*,*,#4038,.T.);
#4135 = ORIENTED_EDGE('',*,*,#4136,.T.);
#4136 = EDGE_CURVE('',#4039,#4137,#4139,.T.);
#4137 = VERTEX_POINT('',#4138);
#4138 = CARTESIAN_POINT('',(30.287777777778,-11.2125,11.));
#4139 = SURFACE_CURVE('',#4140,(#4144,#4151),.PCURVE_S1.);
#4140 = LINE('',#4141,#4142);
#4141 = CARTESIAN_POINT('',(24.212222222222,-11.2125,11.));
#4142 = VECTOR('',#4143,1.);
#4143 = DIRECTION('',(1.,0.,-0.));
#4144 = PCURVE('',#437,#4145);
#4145 = DEFINITIONAL_REPRESENTATION('',(#4146),#4150);
#4146 = LINE('',#4147,#4148);
#4147 = CARTESIAN_POINT('',(11.,0.));
#4148 = VECTOR('',#4149,1.);
#4149 = DIRECTION('',(0.,1.));
#4150 = ( GEOMETRIC_REPRESENTATION_CONTEXT(2) 
PARAMETRIC_REPRESENTATION_CONTEXT() REPRESENTATION_CONTEXT('2D SPACE',''
  ) );
#4151 = PCURVE('',#3264,#4152);
#4152 = DEFINITIONAL_REPRESENTATION('',(#4153),#4157);
#4153 = LINE('',#4154,#4155);
#4154 = CARTESIAN_POINT('',(24.222222222222,1.588888888889));
#4155 = VECTOR('',#4156,1.);
#4156 = DIRECTION('',(1.,0.));
#4157 = ( GEOMETRIC_REPRESENTATION_CONTEXT(2) 
PARAMETRIC_REPRESENTATION_CONTEXT() REPRESENTATION_CONTEXT('2D SPACE',''
  ) );
#4158 = ORIENTED_EDGE('',*,*,#4159,.F.);
#4159 = EDGE_CURVE('',#422,#4137,#4160,.T.);
#4160 = SURFACE_CURVE('',#4161,(#4165,#4172),.PCURVE_S1.);
#4161 = LINE('',#4162,#4163);
#4162 = CARTESIAN_POINT('',(30.287777777778,-11.2125,0.));
#4163 = VECTOR('',#4164,1.);
#4164 = DIRECTION('',(0.,0.,1.));
#4165 = PCURVE('',#437,#4166);
#4166 = DEFINITIONAL_REPRESENTATION('',(#4167),#4171);
#4167 = LINE('',#4168,#4169);
#4168 = CARTESIAN_POINT('',(0.,6.075555555556));
#4169 = VECTOR('',#4170,1.);
#4170 = DIRECTION('',(1.,0.));
#4171 = ( GEOMETRIC_REPRESENTATION_CONTEXT(2) 
PARAMETRIC_REPRESENTATION_CONTEXT() REPRESENTATION_CONTEXT('2D SPACE',''
  ) );
#4172 = PCURVE('',#465,#4173);
#4173 = DEFINITIONAL_REPRESENTATION('',(#4174),#4178);
#4174 = LINE('',#4175,#4176);
#4175 = CARTESIAN_POINT('',(0.,0.));
#4176 = VECTOR('',#4177,1.);
#4177 = DIRECTION('',(1.,0.));
#4178 = ( GEOMETRIC_REPRESENTATION_CONTEXT(2) 
PARAMETRIC_REPRESENTATION_CONTEXT() REPRESENTATION_CONTEXT('2D SPACE',''
  ) );
#4179 = ADVANCED_FACE('',(#4180),#1726,.T.);
#4180 = FACE_BOUND('',#4181,.T.);
#4181 = EDGE_LOOP('',(#4182,#4183,#4184,#4207));
#4182 = ORIENTED_EDGE('',*,*,#1710,.F.);
#4183 = ORIENTED_EDGE('',*,*,#4085,.T.);
#4184 = ORIENTED_EDGE('',*,*,#4185,.T.);
#4185 = EDGE_CURVE('',#4086,#4186,#4188,.T.);
#4186 = VERTEX_POINT('',#4187);
#4187 = CARTESIAN_POINT('',(54.51,9.623611111111,11.));
#4188 = SURFACE_CURVE('',#4189,(#4193,#4200),.PCURVE_S1.);
#4189 = LINE('',#4190,#4191);
#4190 = CARTESIAN_POINT('',(48.434444444444,9.623611111111,11.));
#4191 = VECTOR('',#4192,1.);
#4192 = DIRECTION('',(1.,0.,-0.));
#4193 = PCURVE('',#1726,#4194);
#4194 = DEFINITIONAL_REPRESENTATION('',(#4195),#4199);
#4195 = LINE('',#4196,#4197);
#4196 = CARTESIAN_POINT('',(11.,0.));
#4197 = VECTOR('',#4198,1.);
#4198 = DIRECTION('',(0.,1.));
#4199 = ( GEOMETRIC_REPRESENTATION_CONTEXT(2) 
PARAMETRIC_REPRESENTATION_CONTEXT() REPRESENTATION_CONTEXT('2D SPACE',''
  ) );
#4200 = PCURVE('',#2713,#4201);
#4201 = DEFINITIONAL_REPRESENTATION('',(#4202),#4206);
#4202 = LINE('',#4203,#4204);
#4203 = CARTESIAN_POINT('',(48.444444444444,-0.177777777778));
#4204 = VECTOR('',#4205,1.);
#4205 = DIRECTION('',(1.,0.));
#4206 = ( GEOMETRIC_REPRESENTATION_CONTEXT(2) 
PARAMETRIC_REPRESENTATION_CONTEXT() REPRESENTATION_CONTEXT('2D SPACE',''
  ) );
#4207 = ORIENTED_EDGE('',*,*,#4208,.F.);
#4208 = EDGE_CURVE('',#1683,#4186,#4209,.T.);
#4209 = SURFACE_CURVE('',#4210,(#4214,#4221),.PCURVE_S1.);
#4210 = LINE('',#4211,#4212);
#4211 = CARTESIAN_POINT('',(54.51,9.623611111111,0.));
#4212 = VECTOR('',#4213,1.);
#4213 = DIRECTION('',(0.,0.,1.));
#4214 = PCURVE('',#1726,#4215);
#4215 = DEFINITIONAL_REPRESENTATION('',(#4216),#4220);
#4216 = LINE('',#4217,#4218);
#4217 = CARTESIAN_POINT('',(0.,6.075555555556));
#4218 = VECTOR('',#4219,1.);
#4219 = DIRECTION('',(1.,0.));
#4220 = ( GEOMETRIC_REPRESENTATION_CONTEXT(2) 
PARAMETRIC_REPRESENTATION_CONTEXT() REPRESENTATION_CONTEXT('2D SPACE',''
  ) );
#4221 = PCURVE('',#1698,#4222);
#4222 = DEFINITIONAL_REPRESENTATION('',(#4223),#4227);
#4223 = LINE('',#4224,#4225);
#4224 = CARTESIAN_POINT('',(0.,-19.24722222222));
#4225 = VECTOR('',#4226,1.);
#4226 = DIRECTION('',(1.,0.));
#4227 = ( GEOMETRIC_REPRESENTATION_CONTEXT(2) 
PARAMETRIC_REPRESENTATION_CONTEXT() REPRESENTATION_CONTEXT('2D SPACE',''
  ) );
#4228 = ADVANCED_FACE('',(#4229),#465,.T.);
#4229 = FACE_BOUND('',#4230,.T.);
#4230 = EDGE_LOOP('',(#4231,#4232,#4233,#4256));
#4231 = ORIENTED_EDGE('',*,*,#4159,.F.);
#4232 = ORIENTED_EDGE('',*,*,#449,.T.);
#4233 = ORIENTED_EDGE('',*,*,#4234,.T.);
#4234 = EDGE_CURVE('',#450,#4235,#4237,.T.);
#4235 = VERTEX_POINT('',#4236);
#4236 = CARTESIAN_POINT('',(30.287777777778,-10.81527777777,11.));
#4237 = SURFACE_CURVE('',#4238,(#4242,#4249),.PCURVE_S1.);
#4238 = LINE('',#4239,#4240);
#4239 = CARTESIAN_POINT('',(30.287777777778,-10.81527777777,0.));
#4240 = VECTOR('',#4241,1.);
#4241 = DIRECTION('',(0.,0.,1.));
#4242 = PCURVE('',#465,#4243);
#4243 = DEFINITIONAL_REPRESENTATION('',(#4244),#4248);
#4244 = LINE('',#4245,#4246);
#4245 = CARTESIAN_POINT('',(0.,-0.397222222222));
#4246 = VECTOR('',#4247,1.);
#4247 = DIRECTION('',(1.,0.));
#4248 = ( GEOMETRIC_REPRESENTATION_CONTEXT(2) 
PARAMETRIC_REPRESENTATION_CONTEXT() REPRESENTATION_CONTEXT('2D SPACE',''
  ) );
#4249 = PCURVE('',#493,#4250);
#4250 = DEFINITIONAL_REPRESENTATION('',(#4251),#4255);
#4251 = LINE('',#4252,#4253);
#4252 = CARTESIAN_POINT('',(0.,2.E-02));
#4253 = VECTOR('',#4254,1.);
#4254 = DIRECTION('',(1.,0.));
#4255 = ( GEOMETRIC_REPRESENTATION_CONTEXT(2) 
PARAMETRIC_REPRESENTATION_CONTEXT() REPRESENTATION_CONTEXT('2D SPACE',''
  ) );
#4256 = ORIENTED_EDGE('',*,*,#4257,.F.);
#4257 = EDGE_CURVE('',#4137,#4235,#4258,.T.);
#4258 = SURFACE_CURVE('',#4259,(#4263,#4270),.PCURVE_S1.);
#4259 = LINE('',#4260,#4261);
#4260 = CARTESIAN_POINT('',(30.287777777778,-11.2125,11.));
#4261 = VECTOR('',#4262,1.);
#4262 = DIRECTION('',(-0.,1.,0.));
#4263 = PCURVE('',#465,#4264);
#4264 = DEFINITIONAL_REPRESENTATION('',(#4265),#4269);
#4265 = LINE('',#4266,#4267);
#4266 = CARTESIAN_POINT('',(11.,0.));
#4267 = VECTOR('',#4268,1.);
#4268 = DIRECTION('',(0.,-1.));
#4269 = ( GEOMETRIC_REPRESENTATION_CONTEXT(2) 
PARAMETRIC_REPRESENTATION_CONTEXT() REPRESENTATION_CONTEXT('2D SPACE',''
  ) );
#4270 = PCURVE('',#3264,#4271);
#4271 = DEFINITIONAL_REPRESENTATION('',(#4272),#4276);
#4272 = LINE('',#4273,#4274);
#4273 = CARTESIAN_POINT('',(30.297777777778,1.588888888889));
#4274 = VECTOR('',#4275,1.);
#4275 = DIRECTION('',(0.,1.));
#4276 = ( GEOMETRIC_REPRESENTATION_CONTEXT(2) 
PARAMETRIC_REPRESENTATION_CONTEXT() REPRESENTATION_CONTEXT('2D SPACE',''
  ) );
#4277 = ADVANCED_FACE('',(#4278),#1698,.T.);
#4278 = FACE_BOUND('',#4279,.T.);
#4279 = EDGE_LOOP('',(#4280,#4303,#4304,#4305));
#4280 = ORIENTED_EDGE('',*,*,#4281,.F.);
#4281 = EDGE_CURVE('',#1655,#4282,#4284,.T.);
#4282 = VERTEX_POINT('',#4283);
#4283 = CARTESIAN_POINT('',(54.51,9.226388888889,11.));
#4284 = SURFACE_CURVE('',#4285,(#4289,#4296),.PCURVE_S1.);
#4285 = LINE('',#4286,#4287);
#4286 = CARTESIAN_POINT('',(54.51,9.226388888889,0.));
#4287 = VECTOR('',#4288,1.);
#4288 = DIRECTION('',(0.,0.,1.));
#4289 = PCURVE('',#1698,#4290);
#4290 = DEFINITIONAL_REPRESENTATION('',(#4291),#4295);
#4291 = LINE('',#4292,#4293);
#4292 = CARTESIAN_POINT('',(0.,-18.85));
#4293 = VECTOR('',#4294,1.);
#4294 = DIRECTION('',(1.,0.));
#4295 = ( GEOMETRIC_REPRESENTATION_CONTEXT(2) 
PARAMETRIC_REPRESENTATION_CONTEXT() REPRESENTATION_CONTEXT('2D SPACE',''
  ) );
#4296 = PCURVE('',#1670,#4297);
#4297 = DEFINITIONAL_REPRESENTATION('',(#4298),#4302);
#4298 = LINE('',#4299,#4300);
#4299 = CARTESIAN_POINT('',(0.,2.E-02));
#4300 = VECTOR('',#4301,1.);
#4301 = DIRECTION('',(1.,0.));
#4302 = ( GEOMETRIC_REPRESENTATION_CONTEXT(2) 
PARAMETRIC_REPRESENTATION_CONTEXT() REPRESENTATION_CONTEXT('2D SPACE',''
  ) );
#4303 = ORIENTED_EDGE('',*,*,#1682,.T.);
#4304 = ORIENTED_EDGE('',*,*,#4208,.T.);
#4305 = ORIENTED_EDGE('',*,*,#4306,.F.);
#4306 = EDGE_CURVE('',#4282,#4186,#4307,.T.);
#4307 = SURFACE_CURVE('',#4308,(#4312,#4319),.PCURVE_S1.);
#4308 = LINE('',#4309,#4310);
#4309 = CARTESIAN_POINT('',(54.51,6.623611111111,11.));
#4310 = VECTOR('',#4311,1.);
#4311 = DIRECTION('',(-0.,1.,0.));
#4312 = PCURVE('',#1698,#4313);
#4313 = DEFINITIONAL_REPRESENTATION('',(#4314),#4318);
#4314 = LINE('',#4315,#4316);
#4315 = CARTESIAN_POINT('',(11.,-16.24722222222));
#4316 = VECTOR('',#4317,1.);
#4317 = DIRECTION('',(0.,-1.));
#4318 = ( GEOMETRIC_REPRESENTATION_CONTEXT(2) 
PARAMETRIC_REPRESENTATION_CONTEXT() REPRESENTATION_CONTEXT('2D SPACE',''
  ) );
#4319 = PCURVE('',#2713,#4320);
#4320 = DEFINITIONAL_REPRESENTATION('',(#4321),#4325);
#4321 = LINE('',#4322,#4323);
#4322 = CARTESIAN_POINT('',(54.52,-3.177777777778));
#4323 = VECTOR('',#4324,1.);
#4324 = DIRECTION('',(0.,1.));
#4325 = ( GEOMETRIC_REPRESENTATION_CONTEXT(2) 
PARAMETRIC_REPRESENTATION_CONTEXT() REPRESENTATION_CONTEXT('2D SPACE',''
  ) );
#4326 = ADVANCED_FACE('',(#4327),#493,.F.);
#4327 = FACE_BOUND('',#4328,.F.);
#4328 = EDGE_LOOP('',(#4329,#4330,#4331,#4354));
#4329 = ORIENTED_EDGE('',*,*,#477,.F.);
#4330 = ORIENTED_EDGE('',*,*,#4234,.T.);
#4331 = ORIENTED_EDGE('',*,*,#4332,.T.);
#4332 = EDGE_CURVE('',#4235,#4333,#4335,.T.);
#4333 = VERTEX_POINT('',#4334);
#4334 = CARTESIAN_POINT('',(36.343333333333,-10.81527777777,11.));
#4335 = SURFACE_CURVE('',#4336,(#4340,#4347),.PCURVE_S1.);
#4336 = LINE('',#4337,#4338);
#4337 = CARTESIAN_POINT('',(30.267777777778,-10.81527777777,11.));
#4338 = VECTOR('',#4339,1.);
#4339 = DIRECTION('',(1.,0.,-0.));
#4340 = PCURVE('',#493,#4341);
#4341 = DEFINITIONAL_REPRESENTATION('',(#4342),#4346);
#4342 = LINE('',#4343,#4344);
#4343 = CARTESIAN_POINT('',(11.,0.));
#4344 = VECTOR('',#4345,1.);
#4345 = DIRECTION('',(0.,1.));
#4346 = ( GEOMETRIC_REPRESENTATION_CONTEXT(2) 
PARAMETRIC_REPRESENTATION_CONTEXT() REPRESENTATION_CONTEXT('2D SPACE',''
  ) );
#4347 = PCURVE('',#3264,#4348);
#4348 = DEFINITIONAL_REPRESENTATION('',(#4349),#4353);
#4349 = LINE('',#4350,#4351);
#4350 = CARTESIAN_POINT('',(30.277777777778,1.986111111111));
#4351 = VECTOR('',#4352,1.);
#4352 = DIRECTION('',(1.,0.));
#4353 = ( GEOMETRIC_REPRESENTATION_CONTEXT(2) 
PARAMETRIC_REPRESENTATION_CONTEXT() REPRESENTATION_CONTEXT('2D SPACE',''
  ) );
#4354 = ORIENTED_EDGE('',*,*,#4355,.F.);
#4355 = EDGE_CURVE('',#478,#4333,#4356,.T.);
#4356 = SURFACE_CURVE('',#4357,(#4361,#4368),.PCURVE_S1.);
#4357 = LINE('',#4358,#4359);
#4358 = CARTESIAN_POINT('',(36.343333333333,-10.81527777777,0.));
#4359 = VECTOR('',#4360,1.);
#4360 = DIRECTION('',(0.,0.,1.));
#4361 = PCURVE('',#493,#4362);
#4362 = DEFINITIONAL_REPRESENTATION('',(#4363),#4367);
#4363 = LINE('',#4364,#4365);
#4364 = CARTESIAN_POINT('',(0.,6.075555555556));
#4365 = VECTOR('',#4366,1.);
#4366 = DIRECTION('',(1.,0.));
#4367 = ( GEOMETRIC_REPRESENTATION_CONTEXT(2) 
PARAMETRIC_REPRESENTATION_CONTEXT() REPRESENTATION_CONTEXT('2D SPACE',''
  ) );
#4368 = PCURVE('',#521,#4369);
#4369 = DEFINITIONAL_REPRESENTATION('',(#4370),#4374);
#4370 = LINE('',#4371,#4372);
#4371 = CARTESIAN_POINT('',(0.,0.));
#4372 = VECTOR('',#4373,1.);
#4373 = DIRECTION('',(1.,0.));
#4374 = ( GEOMETRIC_REPRESENTATION_CONTEXT(2) 
PARAMETRIC_REPRESENTATION_CONTEXT() REPRESENTATION_CONTEXT('2D SPACE',''
  ) );
#4375 = ADVANCED_FACE('',(#4376),#1670,.T.);
#4376 = FACE_BOUND('',#4377,.T.);
#4377 = EDGE_LOOP('',(#4378,#4379,#4380,#4403));
#4378 = ORIENTED_EDGE('',*,*,#1654,.F.);
#4379 = ORIENTED_EDGE('',*,*,#4281,.T.);
#4380 = ORIENTED_EDGE('',*,*,#4381,.T.);
#4381 = EDGE_CURVE('',#4282,#4382,#4384,.T.);
#4382 = VERTEX_POINT('',#4383);
#4383 = CARTESIAN_POINT('',(60.565555555556,9.226388888889,11.));
#4384 = SURFACE_CURVE('',#4385,(#4389,#4396),.PCURVE_S1.);
#4385 = LINE('',#4386,#4387);
#4386 = CARTESIAN_POINT('',(54.49,9.226388888889,11.));
#4387 = VECTOR('',#4388,1.);
#4388 = DIRECTION('',(1.,0.,-0.));
#4389 = PCURVE('',#1670,#4390);
#4390 = DEFINITIONAL_REPRESENTATION('',(#4391),#4395);
#4391 = LINE('',#4392,#4393);
#4392 = CARTESIAN_POINT('',(11.,0.));
#4393 = VECTOR('',#4394,1.);
#4394 = DIRECTION('',(0.,1.));
#4395 = ( GEOMETRIC_REPRESENTATION_CONTEXT(2) 
PARAMETRIC_REPRESENTATION_CONTEXT() REPRESENTATION_CONTEXT('2D SPACE',''
  ) );
#4396 = PCURVE('',#2713,#4397);
#4397 = DEFINITIONAL_REPRESENTATION('',(#4398),#4402);
#4398 = LINE('',#4399,#4400);
#4399 = CARTESIAN_POINT('',(54.5,-0.575));
#4400 = VECTOR('',#4401,1.);
#4401 = DIRECTION('',(1.,0.));
#4402 = ( GEOMETRIC_REPRESENTATION_CONTEXT(2) 
PARAMETRIC_REPRESENTATION_CONTEXT() REPRESENTATION_CONTEXT('2D SPACE',''
  ) );
#4403 = ORIENTED_EDGE('',*,*,#4404,.F.);
#4404 = EDGE_CURVE('',#1627,#4382,#4405,.T.);
#4405 = SURFACE_CURVE('',#4406,(#4410,#4417),.PCURVE_S1.);
#4406 = LINE('',#4407,#4408);
#4407 = CARTESIAN_POINT('',(60.565555555556,9.226388888889,0.));
#4408 = VECTOR('',#4409,1.);
#4409 = DIRECTION('',(0.,0.,1.));
#4410 = PCURVE('',#1670,#4411);
#4411 = DEFINITIONAL_REPRESENTATION('',(#4412),#4416);
#4412 = LINE('',#4413,#4414);
#4413 = CARTESIAN_POINT('',(0.,6.075555555556));
#4414 = VECTOR('',#4415,1.);
#4415 = DIRECTION('',(1.,0.));
#4416 = ( GEOMETRIC_REPRESENTATION_CONTEXT(2) 
PARAMETRIC_REPRESENTATION_CONTEXT() REPRESENTATION_CONTEXT('2D SPACE',''
  ) );
#4417 = PCURVE('',#1642,#4418);
#4418 = DEFINITIONAL_REPRESENTATION('',(#4419),#4423);
#4419 = LINE('',#4420,#4421);
#4420 = CARTESIAN_POINT('',(0.,-18.45277777777));
#4421 = VECTOR('',#4422,1.);
#4422 = DIRECTION('',(1.,0.));
#4423 = ( GEOMETRIC_REPRESENTATION_CONTEXT(2) 
PARAMETRIC_REPRESENTATION_CONTEXT() REPRESENTATION_CONTEXT('2D SPACE',''
  ) );
#4424 = ADVANCED_FACE('',(#4425),#521,.T.);
#4425 = FACE_BOUND('',#4426,.T.);
#4426 = EDGE_LOOP('',(#4427,#4428,#4429,#4452));
#4427 = ORIENTED_EDGE('',*,*,#4355,.F.);
#4428 = ORIENTED_EDGE('',*,*,#505,.T.);
#4429 = ORIENTED_EDGE('',*,*,#4430,.T.);
#4430 = EDGE_CURVE('',#506,#4431,#4433,.T.);
#4431 = VERTEX_POINT('',#4432);
#4432 = CARTESIAN_POINT('',(36.343333333333,-10.41805555555,11.));
#4433 = SURFACE_CURVE('',#4434,(#4438,#4445),.PCURVE_S1.);
#4434 = LINE('',#4435,#4436);
#4435 = CARTESIAN_POINT('',(36.343333333333,-10.41805555555,0.));
#4436 = VECTOR('',#4437,1.);
#4437 = DIRECTION('',(0.,0.,1.));
#4438 = PCURVE('',#521,#4439);
#4439 = DEFINITIONAL_REPRESENTATION('',(#4440),#4444);
#4440 = LINE('',#4441,#4442);
#4441 = CARTESIAN_POINT('',(0.,-0.397222222222));
#4442 = VECTOR('',#4443,1.);
#4443 = DIRECTION('',(1.,0.));
#4444 = ( GEOMETRIC_REPRESENTATION_CONTEXT(2) 
PARAMETRIC_REPRESENTATION_CONTEXT() REPRESENTATION_CONTEXT('2D SPACE',''
  ) );
#4445 = PCURVE('',#549,#4446);
#4446 = DEFINITIONAL_REPRESENTATION('',(#4447),#4451);
#4447 = LINE('',#4448,#4449);
#4448 = CARTESIAN_POINT('',(0.,2.E-02));
#4449 = VECTOR('',#4450,1.);
#4450 = DIRECTION('',(1.,0.));
#4451 = ( GEOMETRIC_REPRESENTATION_CONTEXT(2) 
PARAMETRIC_REPRESENTATION_CONTEXT() REPRESENTATION_CONTEXT('2D SPACE',''
  ) );
#4452 = ORIENTED_EDGE('',*,*,#4453,.F.);
#4453 = EDGE_CURVE('',#4333,#4431,#4454,.T.);
#4454 = SURFACE_CURVE('',#4455,(#4459,#4466),.PCURVE_S1.);
#4455 = LINE('',#4456,#4457);
#4456 = CARTESIAN_POINT('',(36.343333333333,-10.81527777777,11.));
#4457 = VECTOR('',#4458,1.);
#4458 = DIRECTION('',(-0.,1.,0.));
#4459 = PCURVE('',#521,#4460);
#4460 = DEFINITIONAL_REPRESENTATION('',(#4461),#4465);
#4461 = LINE('',#4462,#4463);
#4462 = CARTESIAN_POINT('',(11.,0.));
#4463 = VECTOR('',#4464,1.);
#4464 = DIRECTION('',(0.,-1.));
#4465 = ( GEOMETRIC_REPRESENTATION_CONTEXT(2) 
PARAMETRIC_REPRESENTATION_CONTEXT() REPRESENTATION_CONTEXT('2D SPACE',''
  ) );
#4466 = PCURVE('',#3264,#4467);
#4467 = DEFINITIONAL_REPRESENTATION('',(#4468),#4472);
#4468 = LINE('',#4469,#4470);
#4469 = CARTESIAN_POINT('',(36.353333333333,1.986111111111));
#4470 = VECTOR('',#4471,1.);
#4471 = DIRECTION('',(0.,1.));
#4472 = ( GEOMETRIC_REPRESENTATION_CONTEXT(2) 
PARAMETRIC_REPRESENTATION_CONTEXT() REPRESENTATION_CONTEXT('2D SPACE',''
  ) );
#4473 = ADVANCED_FACE('',(#4474),#1642,.T.);
#4474 = FACE_BOUND('',#4475,.T.);
#4475 = EDGE_LOOP('',(#4476,#4499,#4500,#4501));
#4476 = ORIENTED_EDGE('',*,*,#4477,.F.);
#4477 = EDGE_CURVE('',#1599,#4478,#4480,.T.);
#4478 = VERTEX_POINT('',#4479);
#4479 = CARTESIAN_POINT('',(60.565555555556,8.829166666667,11.));
#4480 = SURFACE_CURVE('',#4481,(#4485,#4492),.PCURVE_S1.);
#4481 = LINE('',#4482,#4483);
#4482 = CARTESIAN_POINT('',(60.565555555556,8.829166666667,0.));
#4483 = VECTOR('',#4484,1.);
#4484 = DIRECTION('',(0.,-1.614869854E-16,1.));
#4485 = PCURVE('',#1642,#4486);
#4486 = DEFINITIONAL_REPRESENTATION('',(#4487),#4491);
#4487 = LINE('',#4488,#4489);
#4488 = CARTESIAN_POINT('',(0.,-18.05555555555));
#4489 = VECTOR('',#4490,1.);
#4490 = DIRECTION('',(1.,1.614869854E-16));
#4491 = ( GEOMETRIC_REPRESENTATION_CONTEXT(2) 
PARAMETRIC_REPRESENTATION_CONTEXT() REPRESENTATION_CONTEXT('2D SPACE',''
  ) );
#4492 = PCURVE('',#1614,#4493);
#4493 = DEFINITIONAL_REPRESENTATION('',(#4494),#4498);
#4494 = LINE('',#4495,#4496);
#4495 = CARTESIAN_POINT('',(0.,2.E-02));
#4496 = VECTOR('',#4497,1.);
#4497 = DIRECTION('',(1.,0.));
#4498 = ( GEOMETRIC_REPRESENTATION_CONTEXT(2) 
PARAMETRIC_REPRESENTATION_CONTEXT() REPRESENTATION_CONTEXT('2D SPACE',''
  ) );
#4499 = ORIENTED_EDGE('',*,*,#1626,.T.);
#4500 = ORIENTED_EDGE('',*,*,#4404,.T.);
#4501 = ORIENTED_EDGE('',*,*,#4502,.F.);
#4502 = EDGE_CURVE('',#4478,#4382,#4503,.T.);
#4503 = SURFACE_CURVE('',#4504,(#4508,#4515),.PCURVE_S1.);
#4504 = LINE('',#4505,#4506);
#4505 = CARTESIAN_POINT('',(60.565555555556,6.226388888889,11.));
#4506 = VECTOR('',#4507,1.);
#4507 = DIRECTION('',(-0.,1.,0.));
#4508 = PCURVE('',#1642,#4509);
#4509 = DEFINITIONAL_REPRESENTATION('',(#4510),#4514);
#4510 = LINE('',#4511,#4512);
#4511 = CARTESIAN_POINT('',(11.,-15.45277777777));
#4512 = VECTOR('',#4513,1.);
#4513 = DIRECTION('',(0.,-1.));
#4514 = ( GEOMETRIC_REPRESENTATION_CONTEXT(2) 
PARAMETRIC_REPRESENTATION_CONTEXT() REPRESENTATION_CONTEXT('2D SPACE',''
  ) );
#4515 = PCURVE('',#2713,#4516);
#4516 = DEFINITIONAL_REPRESENTATION('',(#4517),#4521);
#4517 = LINE('',#4518,#4519);
#4518 = CARTESIAN_POINT('',(60.575555555556,-3.575));
#4519 = VECTOR('',#4520,1.);
#4520 = DIRECTION('',(0.,1.));
#4521 = ( GEOMETRIC_REPRESENTATION_CONTEXT(2) 
PARAMETRIC_REPRESENTATION_CONTEXT() REPRESENTATION_CONTEXT('2D SPACE',''
  ) );
#4522 = ADVANCED_FACE('',(#4523),#549,.F.);
#4523 = FACE_BOUND('',#4524,.F.);
#4524 = EDGE_LOOP('',(#4525,#4526,#4527,#4550));
#4525 = ORIENTED_EDGE('',*,*,#533,.F.);
#4526 = ORIENTED_EDGE('',*,*,#4430,.T.);
#4527 = ORIENTED_EDGE('',*,*,#4528,.T.);
#4528 = EDGE_CURVE('',#4431,#4529,#4531,.T.);
#4529 = VERTEX_POINT('',#4530);
#4530 = CARTESIAN_POINT('',(42.398888888889,-10.41805555555,11.));
#4531 = SURFACE_CURVE('',#4532,(#4536,#4543),.PCURVE_S1.);
#4532 = LINE('',#4533,#4534);
#4533 = CARTESIAN_POINT('',(36.323333333333,-10.41805555555,11.));
#4534 = VECTOR('',#4535,1.);
#4535 = DIRECTION('',(1.,0.,-0.));
#4536 = PCURVE('',#549,#4537);
#4537 = DEFINITIONAL_REPRESENTATION('',(#4538),#4542);
#4538 = LINE('',#4539,#4540);
#4539 = CARTESIAN_POINT('',(11.,0.));
#4540 = VECTOR('',#4541,1.);
#4541 = DIRECTION('',(0.,1.));
#4542 = ( GEOMETRIC_REPRESENTATION_CONTEXT(2) 
PARAMETRIC_REPRESENTATION_CONTEXT() REPRESENTATION_CONTEXT('2D SPACE',''
  ) );
#4543 = PCURVE('',#3264,#4544);
#4544 = DEFINITIONAL_REPRESENTATION('',(#4545),#4549);
#4545 = LINE('',#4546,#4547);
#4546 = CARTESIAN_POINT('',(36.333333333333,2.383333333333));
#4547 = VECTOR('',#4548,1.);
#4548 = DIRECTION('',(1.,0.));
#4549 = ( GEOMETRIC_REPRESENTATION_CONTEXT(2) 
PARAMETRIC_REPRESENTATION_CONTEXT() REPRESENTATION_CONTEXT('2D SPACE',''
  ) );
#4550 = ORIENTED_EDGE('',*,*,#4551,.F.);
#4551 = EDGE_CURVE('',#534,#4529,#4552,.T.);
#4552 = SURFACE_CURVE('',#4553,(#4557,#4564),.PCURVE_S1.);
#4553 = LINE('',#4554,#4555);
#4554 = CARTESIAN_POINT('',(42.398888888889,-10.41805555555,0.));
#4555 = VECTOR('',#4556,1.);
#4556 = DIRECTION('',(0.,0.,1.));
#4557 = PCURVE('',#549,#4558);
#4558 = DEFINITIONAL_REPRESENTATION('',(#4559),#4563);
#4559 = LINE('',#4560,#4561);
#4560 = CARTESIAN_POINT('',(0.,6.075555555556));
#4561 = VECTOR('',#4562,1.);
#4562 = DIRECTION('',(1.,0.));
#4563 = ( GEOMETRIC_REPRESENTATION_CONTEXT(2) 
PARAMETRIC_REPRESENTATION_CONTEXT() REPRESENTATION_CONTEXT('2D SPACE',''
  ) );
#4564 = PCURVE('',#577,#4565);
#4565 = DEFINITIONAL_REPRESENTATION('',(#4566),#4570);
#4566 = LINE('',#4567,#4568);
#4567 = CARTESIAN_POINT('',(0.,0.));
#4568 = VECTOR('',#4569,1.);
#4569 = DIRECTION('',(1.,0.));
#4570 = ( GEOMETRIC_REPRESENTATION_CONTEXT(2) 
PARAMETRIC_REPRESENTATION_CONTEXT() REPRESENTATION_CONTEXT('2D SPACE',''
  ) );
#4571 = ADVANCED_FACE('',(#4572),#1614,.T.);
#4572 = FACE_BOUND('',#4573,.T.);
#4573 = EDGE_LOOP('',(#4574,#4575,#4576,#4599));
#4574 = ORIENTED_EDGE('',*,*,#1598,.F.);
#4575 = ORIENTED_EDGE('',*,*,#4477,.T.);
#4576 = ORIENTED_EDGE('',*,*,#4577,.T.);
#4577 = EDGE_CURVE('',#4478,#4578,#4580,.T.);
#4578 = VERTEX_POINT('',#4579);
#4579 = CARTESIAN_POINT('',(66.621111111111,8.829166666667,11.));
#4580 = SURFACE_CURVE('',#4581,(#4585,#4592),.PCURVE_S1.);
#4581 = LINE('',#4582,#4583);
#4582 = CARTESIAN_POINT('',(60.545555555556,8.829166666667,11.));
#4583 = VECTOR('',#4584,1.);
#4584 = DIRECTION('',(1.,0.,-0.));
#4585 = PCURVE('',#1614,#4586);
#4586 = DEFINITIONAL_REPRESENTATION('',(#4587),#4591);
#4587 = LINE('',#4588,#4589);
#4588 = CARTESIAN_POINT('',(11.,0.));
#4589 = VECTOR('',#4590,1.);
#4590 = DIRECTION('',(0.,1.));
#4591 = ( GEOMETRIC_REPRESENTATION_CONTEXT(2) 
PARAMETRIC_REPRESENTATION_CONTEXT() REPRESENTATION_CONTEXT('2D SPACE',''
  ) );
#4592 = PCURVE('',#2713,#4593);
#4593 = DEFINITIONAL_REPRESENTATION('',(#4594),#4598);
#4594 = LINE('',#4595,#4596);
#4595 = CARTESIAN_POINT('',(60.555555555556,-0.972222222222));
#4596 = VECTOR('',#4597,1.);
#4597 = DIRECTION('',(1.,0.));
#4598 = ( GEOMETRIC_REPRESENTATION_CONTEXT(2) 
PARAMETRIC_REPRESENTATION_CONTEXT() REPRESENTATION_CONTEXT('2D SPACE',''
  ) );
#4599 = ORIENTED_EDGE('',*,*,#4600,.F.);
#4600 = EDGE_CURVE('',#1571,#4578,#4601,.T.);
#4601 = SURFACE_CURVE('',#4602,(#4606,#4613),.PCURVE_S1.);
#4602 = LINE('',#4603,#4604);
#4603 = CARTESIAN_POINT('',(66.621111111111,8.829166666667,0.));
#4604 = VECTOR('',#4605,1.);
#4605 = DIRECTION('',(0.,0.,1.));
#4606 = PCURVE('',#1614,#4607);
#4607 = DEFINITIONAL_REPRESENTATION('',(#4608),#4612);
#4608 = LINE('',#4609,#4610);
#4609 = CARTESIAN_POINT('',(0.,6.075555555556));
#4610 = VECTOR('',#4611,1.);
#4611 = DIRECTION('',(1.,0.));
#4612 = ( GEOMETRIC_REPRESENTATION_CONTEXT(2) 
PARAMETRIC_REPRESENTATION_CONTEXT() REPRESENTATION_CONTEXT('2D SPACE',''
  ) );
#4613 = PCURVE('',#1586,#4614);
#4614 = DEFINITIONAL_REPRESENTATION('',(#4615),#4619);
#4615 = LINE('',#4616,#4617);
#4616 = CARTESIAN_POINT('',(0.,-17.65833333333));
#4617 = VECTOR('',#4618,1.);
#4618 = DIRECTION('',(1.,0.));
#4619 = ( GEOMETRIC_REPRESENTATION_CONTEXT(2) 
PARAMETRIC_REPRESENTATION_CONTEXT() REPRESENTATION_CONTEXT('2D SPACE',''
  ) );
#4620 = ADVANCED_FACE('',(#4621),#577,.T.);
#4621 = FACE_BOUND('',#4622,.T.);
#4622 = EDGE_LOOP('',(#4623,#4624,#4625,#4648));
#4623 = ORIENTED_EDGE('',*,*,#4551,.F.);
#4624 = ORIENTED_EDGE('',*,*,#561,.T.);
#4625 = ORIENTED_EDGE('',*,*,#4626,.T.);
#4626 = EDGE_CURVE('',#562,#4627,#4629,.T.);
#4627 = VERTEX_POINT('',#4628);
#4628 = CARTESIAN_POINT('',(42.398888888889,-10.02083333333,11.));
#4629 = SURFACE_CURVE('',#4630,(#4634,#4641),.PCURVE_S1.);
#4630 = LINE('',#4631,#4632);
#4631 = CARTESIAN_POINT('',(42.398888888889,-10.02083333333,0.));
#4632 = VECTOR('',#4633,1.);
#4633 = DIRECTION('',(0.,0.,1.));
#4634 = PCURVE('',#577,#4635);
#4635 = DEFINITIONAL_REPRESENTATION('',(#4636),#4640);
#4636 = LINE('',#4637,#4638);
#4637 = CARTESIAN_POINT('',(0.,-0.397222222222));
#4638 = VECTOR('',#4639,1.);
#4639 = DIRECTION('',(1.,0.));
#4640 = ( GEOMETRIC_REPRESENTATION_CONTEXT(2) 
PARAMETRIC_REPRESENTATION_CONTEXT() REPRESENTATION_CONTEXT('2D SPACE',''
  ) );
#4641 = PCURVE('',#605,#4642);
#4642 = DEFINITIONAL_REPRESENTATION('',(#4643),#4647);
#4643 = LINE('',#4644,#4645);
#4644 = CARTESIAN_POINT('',(0.,2.E-02));
#4645 = VECTOR('',#4646,1.);
#4646 = DIRECTION('',(1.,0.));
#4647 = ( GEOMETRIC_REPRESENTATION_CONTEXT(2) 
PARAMETRIC_REPRESENTATION_CONTEXT() REPRESENTATION_CONTEXT('2D SPACE',''
  ) );
#4648 = ORIENTED_EDGE('',*,*,#4649,.F.);
#4649 = EDGE_CURVE('',#4529,#4627,#4650,.T.);
#4650 = SURFACE_CURVE('',#4651,(#4655,#4662),.PCURVE_S1.);
#4651 = LINE('',#4652,#4653);
#4652 = CARTESIAN_POINT('',(42.398888888889,-10.41805555555,11.));
#4653 = VECTOR('',#4654,1.);
#4654 = DIRECTION('',(-0.,1.,0.));
#4655 = PCURVE('',#577,#4656);
#4656 = DEFINITIONAL_REPRESENTATION('',(#4657),#4661);
#4657 = LINE('',#4658,#4659);
#4658 = CARTESIAN_POINT('',(11.,0.));
#4659 = VECTOR('',#4660,1.);
#4660 = DIRECTION('',(0.,-1.));
#4661 = ( GEOMETRIC_REPRESENTATION_CONTEXT(2) 
PARAMETRIC_REPRESENTATION_CONTEXT() REPRESENTATION_CONTEXT('2D SPACE',''
  ) );
#4662 = PCURVE('',#3264,#4663);
#4663 = DEFINITIONAL_REPRESENTATION('',(#4664),#4668);
#4664 = LINE('',#4665,#4666);
#4665 = CARTESIAN_POINT('',(42.408888888889,2.383333333333));
#4666 = VECTOR('',#4667,1.);
#4667 = DIRECTION('',(0.,1.));
#4668 = ( GEOMETRIC_REPRESENTATION_CONTEXT(2) 
PARAMETRIC_REPRESENTATION_CONTEXT() REPRESENTATION_CONTEXT('2D SPACE',''
  ) );
#4669 = ADVANCED_FACE('',(#4670),#1586,.T.);
#4670 = FACE_BOUND('',#4671,.T.);
#4671 = EDGE_LOOP('',(#4672,#4695,#4696,#4697));
#4672 = ORIENTED_EDGE('',*,*,#4673,.F.);
#4673 = EDGE_CURVE('',#1543,#4674,#4676,.T.);
#4674 = VERTEX_POINT('',#4675);
#4675 = CARTESIAN_POINT('',(66.621111111111,8.431944444444,11.));
#4676 = SURFACE_CURVE('',#4677,(#4681,#4688),.PCURVE_S1.);
#4677 = LINE('',#4678,#4679);
#4678 = CARTESIAN_POINT('',(66.621111111111,8.431944444444,0.));
#4679 = VECTOR('',#4680,1.);
#4680 = DIRECTION('',(0.,0.,1.));
#4681 = PCURVE('',#1586,#4682);
#4682 = DEFINITIONAL_REPRESENTATION('',(#4683),#4687);
#4683 = LINE('',#4684,#4685);
#4684 = CARTESIAN_POINT('',(0.,-17.26111111111));
#4685 = VECTOR('',#4686,1.);
#4686 = DIRECTION('',(1.,0.));
#4687 = ( GEOMETRIC_REPRESENTATION_CONTEXT(2) 
PARAMETRIC_REPRESENTATION_CONTEXT() REPRESENTATION_CONTEXT('2D SPACE',''
  ) );
#4688 = PCURVE('',#1558,#4689);
#4689 = DEFINITIONAL_REPRESENTATION('',(#4690),#4694);
#4690 = LINE('',#4691,#4692);
#4691 = CARTESIAN_POINT('',(0.,2.000000000001E-02));
#4692 = VECTOR('',#4693,1.);
#4693 = DIRECTION('',(1.,0.));
#4694 = ( GEOMETRIC_REPRESENTATION_CONTEXT(2) 
PARAMETRIC_REPRESENTATION_CONTEXT() REPRESENTATION_CONTEXT('2D SPACE',''
  ) );
#4695 = ORIENTED_EDGE('',*,*,#1570,.T.);
#4696 = ORIENTED_EDGE('',*,*,#4600,.T.);
#4697 = ORIENTED_EDGE('',*,*,#4698,.F.);
#4698 = EDGE_CURVE('',#4674,#4578,#4699,.T.);
#4699 = SURFACE_CURVE('',#4700,(#4704,#4711),.PCURVE_S1.);
#4700 = LINE('',#4701,#4702);
#4701 = CARTESIAN_POINT('',(66.621111111111,5.829166666667,11.));
#4702 = VECTOR('',#4703,1.);
#4703 = DIRECTION('',(-0.,1.,0.));
#4704 = PCURVE('',#1586,#4705);
#4705 = DEFINITIONAL_REPRESENTATION('',(#4706),#4710);
#4706 = LINE('',#4707,#4708);
#4707 = CARTESIAN_POINT('',(11.,-14.65833333333));
#4708 = VECTOR('',#4709,1.);
#4709 = DIRECTION('',(0.,-1.));
#4710 = ( GEOMETRIC_REPRESENTATION_CONTEXT(2) 
PARAMETRIC_REPRESENTATION_CONTEXT() REPRESENTATION_CONTEXT('2D SPACE',''
  ) );
#4711 = PCURVE('',#2713,#4712);
#4712 = DEFINITIONAL_REPRESENTATION('',(#4713),#4717);
#4713 = LINE('',#4714,#4715);
#4714 = CARTESIAN_POINT('',(66.631111111111,-3.972222222222));
#4715 = VECTOR('',#4716,1.);
#4716 = DIRECTION('',(0.,1.));
#4717 = ( GEOMETRIC_REPRESENTATION_CONTEXT(2) 
PARAMETRIC_REPRESENTATION_CONTEXT() REPRESENTATION_CONTEXT('2D SPACE',''
  ) );
#4718 = ADVANCED_FACE('',(#4719),#605,.F.);
#4719 = FACE_BOUND('',#4720,.F.);
#4720 = EDGE_LOOP('',(#4721,#4722,#4723,#4746));
#4721 = ORIENTED_EDGE('',*,*,#589,.F.);
#4722 = ORIENTED_EDGE('',*,*,#4626,.T.);
#4723 = ORIENTED_EDGE('',*,*,#4724,.T.);
#4724 = EDGE_CURVE('',#4627,#4725,#4727,.T.);
#4725 = VERTEX_POINT('',#4726);
#4726 = CARTESIAN_POINT('',(48.454444444444,-10.02083333333,11.));
#4727 = SURFACE_CURVE('',#4728,(#4732,#4739),.PCURVE_S1.);
#4728 = LINE('',#4729,#4730);
#4729 = CARTESIAN_POINT('',(42.378888888889,-10.02083333333,11.));
#4730 = VECTOR('',#4731,1.);
#4731 = DIRECTION('',(1.,0.,-0.));
#4732 = PCURVE('',#605,#4733);
#4733 = DEFINITIONAL_REPRESENTATION('',(#4734),#4738);
#4734 = LINE('',#4735,#4736);
#4735 = CARTESIAN_POINT('',(11.,0.));
#4736 = VECTOR('',#4737,1.);
#4737 = DIRECTION('',(0.,1.));
#4738 = ( GEOMETRIC_REPRESENTATION_CONTEXT(2) 
PARAMETRIC_REPRESENTATION_CONTEXT() REPRESENTATION_CONTEXT('2D SPACE',''
  ) );
#4739 = PCURVE('',#3264,#4740);
#4740 = DEFINITIONAL_REPRESENTATION('',(#4741),#4745);
#4741 = LINE('',#4742,#4743);
#4742 = CARTESIAN_POINT('',(42.388888888889,2.780555555556));
#4743 = VECTOR('',#4744,1.);
#4744 = DIRECTION('',(1.,0.));
#4745 = ( GEOMETRIC_REPRESENTATION_CONTEXT(2) 
PARAMETRIC_REPRESENTATION_CONTEXT() REPRESENTATION_CONTEXT('2D SPACE',''
  ) );
#4746 = ORIENTED_EDGE('',*,*,#4747,.F.);
#4747 = EDGE_CURVE('',#590,#4725,#4748,.T.);
#4748 = SURFACE_CURVE('',#4749,(#4753,#4760),.PCURVE_S1.);
#4749 = LINE('',#4750,#4751);
#4750 = CARTESIAN_POINT('',(48.454444444444,-10.02083333333,0.));
#4751 = VECTOR('',#4752,1.);
#4752 = DIRECTION('',(0.,0.,1.));
#4753 = PCURVE('',#605,#4754);
#4754 = DEFINITIONAL_REPRESENTATION('',(#4755),#4759);
#4755 = LINE('',#4756,#4757);
#4756 = CARTESIAN_POINT('',(0.,6.075555555556));
#4757 = VECTOR('',#4758,1.);
#4758 = DIRECTION('',(1.,0.));
#4759 = ( GEOMETRIC_REPRESENTATION_CONTEXT(2) 
PARAMETRIC_REPRESENTATION_CONTEXT() REPRESENTATION_CONTEXT('2D SPACE',''
  ) );
#4760 = PCURVE('',#633,#4761);
#4761 = DEFINITIONAL_REPRESENTATION('',(#4762),#4766);
#4762 = LINE('',#4763,#4764);
#4763 = CARTESIAN_POINT('',(0.,0.));
#4764 = VECTOR('',#4765,1.);
#4765 = DIRECTION('',(1.,0.));
#4766 = ( GEOMETRIC_REPRESENTATION_CONTEXT(2) 
PARAMETRIC_REPRESENTATION_CONTEXT() REPRESENTATION_CONTEXT('2D SPACE',''
  ) );
#4767 = ADVANCED_FACE('',(#4768),#1558,.T.);
#4768 = FACE_BOUND('',#4769,.T.);
#4769 = EDGE_LOOP('',(#4770,#4771,#4772,#4795));
#4770 = ORIENTED_EDGE('',*,*,#1542,.F.);
#4771 = ORIENTED_EDGE('',*,*,#4673,.T.);
#4772 = ORIENTED_EDGE('',*,*,#4773,.T.);
#4773 = EDGE_CURVE('',#4674,#4774,#4776,.T.);
#4774 = VERTEX_POINT('',#4775);
#4775 = CARTESIAN_POINT('',(72.676666666667,8.431944444444,11.));
#4776 = SURFACE_CURVE('',#4777,(#4781,#4788),.PCURVE_S1.);
#4777 = LINE('',#4778,#4779);
#4778 = CARTESIAN_POINT('',(66.601111111111,8.431944444444,11.));
#4779 = VECTOR('',#4780,1.);
#4780 = DIRECTION('',(1.,0.,-0.));
#4781 = PCURVE('',#1558,#4782);
#4782 = DEFINITIONAL_REPRESENTATION('',(#4783),#4787);
#4783 = LINE('',#4784,#4785);
#4784 = CARTESIAN_POINT('',(11.,0.));
#4785 = VECTOR('',#4786,1.);
#4786 = DIRECTION('',(0.,1.));
#4787 = ( GEOMETRIC_REPRESENTATION_CONTEXT(2) 
PARAMETRIC_REPRESENTATION_CONTEXT() REPRESENTATION_CONTEXT('2D SPACE',''
  ) );
#4788 = PCURVE('',#2713,#4789);
#4789 = DEFINITIONAL_REPRESENTATION('',(#4790),#4794);
#4790 = LINE('',#4791,#4792);
#4791 = CARTESIAN_POINT('',(66.611111111111,-1.369444444444));
#4792 = VECTOR('',#4793,1.);
#4793 = DIRECTION('',(1.,0.));
#4794 = ( GEOMETRIC_REPRESENTATION_CONTEXT(2) 
PARAMETRIC_REPRESENTATION_CONTEXT() REPRESENTATION_CONTEXT('2D SPACE',''
  ) );
#4795 = ORIENTED_EDGE('',*,*,#4796,.F.);
#4796 = EDGE_CURVE('',#1515,#4774,#4797,.T.);
#4797 = SURFACE_CURVE('',#4798,(#4802,#4809),.PCURVE_S1.);
#4798 = LINE('',#4799,#4800);
#4799 = CARTESIAN_POINT('',(72.676666666667,8.431944444444,0.));
#4800 = VECTOR('',#4801,1.);
#4801 = DIRECTION('',(0.,0.,1.));
#4802 = PCURVE('',#1558,#4803);
#4803 = DEFINITIONAL_REPRESENTATION('',(#4804),#4808);
#4804 = LINE('',#4805,#4806);
#4805 = CARTESIAN_POINT('',(0.,6.075555555556));
#4806 = VECTOR('',#4807,1.);
#4807 = DIRECTION('',(1.,0.));
#4808 = ( GEOMETRIC_REPRESENTATION_CONTEXT(2) 
PARAMETRIC_REPRESENTATION_CONTEXT() REPRESENTATION_CONTEXT('2D SPACE',''
  ) );
#4809 = PCURVE('',#1530,#4810);
#4810 = DEFINITIONAL_REPRESENTATION('',(#4811),#4815);
#4811 = LINE('',#4812,#4813);
#4812 = CARTESIAN_POINT('',(0.,-16.86388888888));
#4813 = VECTOR('',#4814,1.);
#4814 = DIRECTION('',(1.,0.));
#4815 = ( GEOMETRIC_REPRESENTATION_CONTEXT(2) 
PARAMETRIC_REPRESENTATION_CONTEXT() REPRESENTATION_CONTEXT('2D SPACE',''
  ) );
#4816 = ADVANCED_FACE('',(#4817),#633,.T.);
#4817 = FACE_BOUND('',#4818,.T.);
#4818 = EDGE_LOOP('',(#4819,#4820,#4821,#4844));
#4819 = ORIENTED_EDGE('',*,*,#4747,.F.);
#4820 = ORIENTED_EDGE('',*,*,#617,.T.);
#4821 = ORIENTED_EDGE('',*,*,#4822,.T.);
#4822 = EDGE_CURVE('',#618,#4823,#4825,.T.);
#4823 = VERTEX_POINT('',#4824);
#4824 = CARTESIAN_POINT('',(48.454444444444,-9.623611111111,11.));
#4825 = SURFACE_CURVE('',#4826,(#4830,#4837),.PCURVE_S1.);
#4826 = LINE('',#4827,#4828);
#4827 = CARTESIAN_POINT('',(48.454444444444,-9.623611111111,0.));
#4828 = VECTOR('',#4829,1.);
#4829 = DIRECTION('',(0.,0.,1.));
#4830 = PCURVE('',#633,#4831);
#4831 = DEFINITIONAL_REPRESENTATION('',(#4832),#4836);
#4832 = LINE('',#4833,#4834);
#4833 = CARTESIAN_POINT('',(0.,-0.397222222222));
#4834 = VECTOR('',#4835,1.);
#4835 = DIRECTION('',(1.,0.));
#4836 = ( GEOMETRIC_REPRESENTATION_CONTEXT(2) 
PARAMETRIC_REPRESENTATION_CONTEXT() REPRESENTATION_CONTEXT('2D SPACE',''
  ) );
#4837 = PCURVE('',#661,#4838);
#4838 = DEFINITIONAL_REPRESENTATION('',(#4839),#4843);
#4839 = LINE('',#4840,#4841);
#4840 = CARTESIAN_POINT('',(0.,2.E-02));
#4841 = VECTOR('',#4842,1.);
#4842 = DIRECTION('',(1.,0.));
#4843 = ( GEOMETRIC_REPRESENTATION_CONTEXT(2) 
PARAMETRIC_REPRESENTATION_CONTEXT() REPRESENTATION_CONTEXT('2D SPACE',''
  ) );
#4844 = ORIENTED_EDGE('',*,*,#4845,.F.);
#4845 = EDGE_CURVE('',#4725,#4823,#4846,.T.);
#4846 = SURFACE_CURVE('',#4847,(#4851,#4858),.PCURVE_S1.);
#4847 = LINE('',#4848,#4849);
#4848 = CARTESIAN_POINT('',(48.454444444444,-10.02083333333,11.));
#4849 = VECTOR('',#4850,1.);
#4850 = DIRECTION('',(-0.,1.,0.));
#4851 = PCURVE('',#633,#4852);
#4852 = DEFINITIONAL_REPRESENTATION('',(#4853),#4857);
#4853 = LINE('',#4854,#4855);
#4854 = CARTESIAN_POINT('',(11.,0.));
#4855 = VECTOR('',#4856,1.);
#4856 = DIRECTION('',(0.,-1.));
#4857 = ( GEOMETRIC_REPRESENTATION_CONTEXT(2) 
PARAMETRIC_REPRESENTATION_CONTEXT() REPRESENTATION_CONTEXT('2D SPACE',''
  ) );
#4858 = PCURVE('',#3264,#4859);
#4859 = DEFINITIONAL_REPRESENTATION('',(#4860),#4864);
#4860 = LINE('',#4861,#4862);
#4861 = CARTESIAN_POINT('',(48.464444444444,2.780555555556));
#4862 = VECTOR('',#4863,1.);
#4863 = DIRECTION('',(0.,1.));
#4864 = ( GEOMETRIC_REPRESENTATION_CONTEXT(2) 
PARAMETRIC_REPRESENTATION_CONTEXT() REPRESENTATION_CONTEXT('2D SPACE',''
  ) );
#4865 = ADVANCED_FACE('',(#4866),#1530,.T.);
#4866 = FACE_BOUND('',#4867,.T.);
#4867 = EDGE_LOOP('',(#4868,#4891,#4892,#4893));
#4868 = ORIENTED_EDGE('',*,*,#4869,.F.);
#4869 = EDGE_CURVE('',#1487,#4870,#4872,.T.);
#4870 = VERTEX_POINT('',#4871);
#4871 = CARTESIAN_POINT('',(72.676666666667,8.034722222222,11.));
#4872 = SURFACE_CURVE('',#4873,(#4877,#4884),.PCURVE_S1.);
#4873 = LINE('',#4874,#4875);
#4874 = CARTESIAN_POINT('',(72.676666666667,8.034722222222,0.));
#4875 = VECTOR('',#4876,1.);
#4876 = DIRECTION('',(0.,0.,1.));
#4877 = PCURVE('',#1530,#4878);
#4878 = DEFINITIONAL_REPRESENTATION('',(#4879),#4883);
#4879 = LINE('',#4880,#4881);
#4880 = CARTESIAN_POINT('',(0.,-16.46666666666));
#4881 = VECTOR('',#4882,1.);
#4882 = DIRECTION('',(1.,0.));
#4883 = ( GEOMETRIC_REPRESENTATION_CONTEXT(2) 
PARAMETRIC_REPRESENTATION_CONTEXT() REPRESENTATION_CONTEXT('2D SPACE',''
  ) );
#4884 = PCURVE('',#1502,#4885);
#4885 = DEFINITIONAL_REPRESENTATION('',(#4886),#4890);
#4886 = LINE('',#4887,#4888);
#4887 = CARTESIAN_POINT('',(0.,1.999999999998E-02));
#4888 = VECTOR('',#4889,1.);
#4889 = DIRECTION('',(1.,0.));
#4890 = ( GEOMETRIC_REPRESENTATION_CONTEXT(2) 
PARAMETRIC_REPRESENTATION_CONTEXT() REPRESENTATION_CONTEXT('2D SPACE',''
  ) );
#4891 = ORIENTED_EDGE('',*,*,#1514,.T.);
#4892 = ORIENTED_EDGE('',*,*,#4796,.T.);
#4893 = ORIENTED_EDGE('',*,*,#4894,.F.);
#4894 = EDGE_CURVE('',#4870,#4774,#4895,.T.);
#4895 = SURFACE_CURVE('',#4896,(#4900,#4907),.PCURVE_S1.);
#4896 = LINE('',#4897,#4898);
#4897 = CARTESIAN_POINT('',(72.676666666667,5.431944444444,11.));
#4898 = VECTOR('',#4899,1.);
#4899 = DIRECTION('',(-0.,1.,0.));
#4900 = PCURVE('',#1530,#4901);
#4901 = DEFINITIONAL_REPRESENTATION('',(#4902),#4906);
#4902 = LINE('',#4903,#4904);
#4903 = CARTESIAN_POINT('',(11.,-13.86388888888));
#4904 = VECTOR('',#4905,1.);
#4905 = DIRECTION('',(0.,-1.));
#4906 = ( GEOMETRIC_REPRESENTATION_CONTEXT(2) 
PARAMETRIC_REPRESENTATION_CONTEXT() REPRESENTATION_CONTEXT('2D SPACE',''
  ) );
#4907 = PCURVE('',#2713,#4908);
#4908 = DEFINITIONAL_REPRESENTATION('',(#4909),#4913);
#4909 = LINE('',#4910,#4911);
#4910 = CARTESIAN_POINT('',(72.686666666667,-4.369444444444));
#4911 = VECTOR('',#4912,1.);
#4912 = DIRECTION('',(0.,1.));
#4913 = ( GEOMETRIC_REPRESENTATION_CONTEXT(2) 
PARAMETRIC_REPRESENTATION_CONTEXT() REPRESENTATION_CONTEXT('2D SPACE',''
  ) );
#4914 = ADVANCED_FACE('',(#4915),#661,.F.);
#4915 = FACE_BOUND('',#4916,.F.);
#4916 = EDGE_LOOP('',(#4917,#4918,#4919,#4942));
#4917 = ORIENTED_EDGE('',*,*,#645,.F.);
#4918 = ORIENTED_EDGE('',*,*,#4822,.T.);
#4919 = ORIENTED_EDGE('',*,*,#4920,.T.);
#4920 = EDGE_CURVE('',#4823,#4921,#4923,.T.);
#4921 = VERTEX_POINT('',#4922);
#4922 = CARTESIAN_POINT('',(54.51,-9.623611111111,11.));
#4923 = SURFACE_CURVE('',#4924,(#4928,#4935),.PCURVE_S1.);
#4924 = LINE('',#4925,#4926);
#4925 = CARTESIAN_POINT('',(48.434444444444,-9.623611111111,11.));
#4926 = VECTOR('',#4927,1.);
#4927 = DIRECTION('',(1.,0.,-0.));
#4928 = PCURVE('',#661,#4929);
#4929 = DEFINITIONAL_REPRESENTATION('',(#4930),#4934);
#4930 = LINE('',#4931,#4932);
#4931 = CARTESIAN_POINT('',(11.,0.));
#4932 = VECTOR('',#4933,1.);
#4933 = DIRECTION('',(0.,1.));
#4934 = ( GEOMETRIC_REPRESENTATION_CONTEXT(2) 
PARAMETRIC_REPRESENTATION_CONTEXT() REPRESENTATION_CONTEXT('2D SPACE',''
  ) );
#4935 = PCURVE('',#3264,#4936);
#4936 = DEFINITIONAL_REPRESENTATION('',(#4937),#4941);
#4937 = LINE('',#4938,#4939);
#4938 = CARTESIAN_POINT('',(48.444444444444,3.177777777778));
#4939 = VECTOR('',#4940,1.);
#4940 = DIRECTION('',(1.,0.));
#4941 = ( GEOMETRIC_REPRESENTATION_CONTEXT(2) 
PARAMETRIC_REPRESENTATION_CONTEXT() REPRESENTATION_CONTEXT('2D SPACE',''
  ) );
#4942 = ORIENTED_EDGE('',*,*,#4943,.F.);
#4943 = EDGE_CURVE('',#646,#4921,#4944,.T.);
#4944 = SURFACE_CURVE('',#4945,(#4949,#4956),.PCURVE_S1.);
#4945 = LINE('',#4946,#4947);
#4946 = CARTESIAN_POINT('',(54.51,-9.623611111111,0.));
#4947 = VECTOR('',#4948,1.);
#4948 = DIRECTION('',(0.,0.,1.));
#4949 = PCURVE('',#661,#4950);
#4950 = DEFINITIONAL_REPRESENTATION('',(#4951),#4955);
#4951 = LINE('',#4952,#4953);
#4952 = CARTESIAN_POINT('',(0.,6.075555555556));
#4953 = VECTOR('',#4954,1.);
#4954 = DIRECTION('',(1.,0.));
#4955 = ( GEOMETRIC_REPRESENTATION_CONTEXT(2) 
PARAMETRIC_REPRESENTATION_CONTEXT() REPRESENTATION_CONTEXT('2D SPACE',''
  ) );
#4956 = PCURVE('',#689,#4957);
#4957 = DEFINITIONAL_REPRESENTATION('',(#4958),#4962);
#4958 = LINE('',#4959,#4960);
#4959 = CARTESIAN_POINT('',(0.,0.));
#4960 = VECTOR('',#4961,1.);
#4961 = DIRECTION('',(1.,0.));
#4962 = ( GEOMETRIC_REPRESENTATION_CONTEXT(2) 
PARAMETRIC_REPRESENTATION_CONTEXT() REPRESENTATION_CONTEXT('2D SPACE',''
  ) );
#4963 = ADVANCED_FACE('',(#4964),#1502,.T.);
#4964 = FACE_BOUND('',#4965,.T.);
#4965 = EDGE_LOOP('',(#4966,#4967,#4968,#4991));
#4966 = ORIENTED_EDGE('',*,*,#1486,.F.);
#4967 = ORIENTED_EDGE('',*,*,#4869,.T.);
#4968 = ORIENTED_EDGE('',*,*,#4969,.T.);
#4969 = EDGE_CURVE('',#4870,#4970,#4972,.T.);
#4970 = VERTEX_POINT('',#4971);
#4971 = CARTESIAN_POINT('',(78.732222222222,8.034722222222,11.));
#4972 = SURFACE_CURVE('',#4973,(#4977,#4984),.PCURVE_S1.);
#4973 = LINE('',#4974,#4975);
#4974 = CARTESIAN_POINT('',(72.656666666667,8.034722222222,11.));
#4975 = VECTOR('',#4976,1.);
#4976 = DIRECTION('',(1.,0.,-0.));
#4977 = PCURVE('',#1502,#4978);
#4978 = DEFINITIONAL_REPRESENTATION('',(#4979),#4983);
#4979 = LINE('',#4980,#4981);
#4980 = CARTESIAN_POINT('',(11.,0.));
#4981 = VECTOR('',#4982,1.);
#4982 = DIRECTION('',(0.,1.));
#4983 = ( GEOMETRIC_REPRESENTATION_CONTEXT(2) 
PARAMETRIC_REPRESENTATION_CONTEXT() REPRESENTATION_CONTEXT('2D SPACE',''
  ) );
#4984 = PCURVE('',#2713,#4985);
#4985 = DEFINITIONAL_REPRESENTATION('',(#4986),#4990);
#4986 = LINE('',#4987,#4988);
#4987 = CARTESIAN_POINT('',(72.666666666667,-1.766666666667));
#4988 = VECTOR('',#4989,1.);
#4989 = DIRECTION('',(1.,0.));
#4990 = ( GEOMETRIC_REPRESENTATION_CONTEXT(2) 
PARAMETRIC_REPRESENTATION_CONTEXT() REPRESENTATION_CONTEXT('2D SPACE',''
  ) );
#4991 = ORIENTED_EDGE('',*,*,#4992,.F.);
#4992 = EDGE_CURVE('',#1459,#4970,#4993,.T.);
#4993 = SURFACE_CURVE('',#4994,(#4998,#5005),.PCURVE_S1.);
#4994 = LINE('',#4995,#4996);
#4995 = CARTESIAN_POINT('',(78.732222222222,8.034722222222,0.));
#4996 = VECTOR('',#4997,1.);
#4997 = DIRECTION('',(0.,0.,1.));
#4998 = PCURVE('',#1502,#4999);
#4999 = DEFINITIONAL_REPRESENTATION('',(#5000),#5004);
#5000 = LINE('',#5001,#5002);
#5001 = CARTESIAN_POINT('',(0.,6.075555555556));
#5002 = VECTOR('',#5003,1.);
#5003 = DIRECTION('',(1.,0.));
#5004 = ( GEOMETRIC_REPRESENTATION_CONTEXT(2) 
PARAMETRIC_REPRESENTATION_CONTEXT() REPRESENTATION_CONTEXT('2D SPACE',''
  ) );
#5005 = PCURVE('',#1474,#5006);
#5006 = DEFINITIONAL_REPRESENTATION('',(#5007),#5011);
#5007 = LINE('',#5008,#5009);
#5008 = CARTESIAN_POINT('',(0.,-16.06944444444));
#5009 = VECTOR('',#5010,1.);
#5010 = DIRECTION('',(1.,0.));
#5011 = ( GEOMETRIC_REPRESENTATION_CONTEXT(2) 
PARAMETRIC_REPRESENTATION_CONTEXT() REPRESENTATION_CONTEXT('2D SPACE',''
  ) );
#5012 = ADVANCED_FACE('',(#5013),#689,.T.);
#5013 = FACE_BOUND('',#5014,.T.);
#5014 = EDGE_LOOP('',(#5015,#5016,#5017,#5040));
#5015 = ORIENTED_EDGE('',*,*,#4943,.F.);
#5016 = ORIENTED_EDGE('',*,*,#673,.T.);
#5017 = ORIENTED_EDGE('',*,*,#5018,.T.);
#5018 = EDGE_CURVE('',#674,#5019,#5021,.T.);
#5019 = VERTEX_POINT('',#5020);
#5020 = CARTESIAN_POINT('',(54.51,-9.226388888889,11.));
#5021 = SURFACE_CURVE('',#5022,(#5026,#5033),.PCURVE_S1.);
#5022 = LINE('',#5023,#5024);
#5023 = CARTESIAN_POINT('',(54.51,-9.226388888889,0.));
#5024 = VECTOR('',#5025,1.);
#5025 = DIRECTION('',(0.,0.,1.));
#5026 = PCURVE('',#689,#5027);
#5027 = DEFINITIONAL_REPRESENTATION('',(#5028),#5032);
#5028 = LINE('',#5029,#5030);
#5029 = CARTESIAN_POINT('',(0.,-0.397222222222));
#5030 = VECTOR('',#5031,1.);
#5031 = DIRECTION('',(1.,0.));
#5032 = ( GEOMETRIC_REPRESENTATION_CONTEXT(2) 
PARAMETRIC_REPRESENTATION_CONTEXT() REPRESENTATION_CONTEXT('2D SPACE',''
  ) );
#5033 = PCURVE('',#717,#5034);
#5034 = DEFINITIONAL_REPRESENTATION('',(#5035),#5039);
#5035 = LINE('',#5036,#5037);
#5036 = CARTESIAN_POINT('',(0.,2.E-02));
#5037 = VECTOR('',#5038,1.);
#5038 = DIRECTION('',(1.,0.));
#5039 = ( GEOMETRIC_REPRESENTATION_CONTEXT(2) 
PARAMETRIC_REPRESENTATION_CONTEXT() REPRESENTATION_CONTEXT('2D SPACE',''
  ) );
#5040 = ORIENTED_EDGE('',*,*,#5041,.F.);
#5041 = EDGE_CURVE('',#4921,#5019,#5042,.T.);
#5042 = SURFACE_CURVE('',#5043,(#5047,#5054),.PCURVE_S1.);
#5043 = LINE('',#5044,#5045);
#5044 = CARTESIAN_POINT('',(54.51,-9.623611111111,11.));
#5045 = VECTOR('',#5046,1.);
#5046 = DIRECTION('',(-0.,1.,0.));
#5047 = PCURVE('',#689,#5048);
#5048 = DEFINITIONAL_REPRESENTATION('',(#5049),#5053);
#5049 = LINE('',#5050,#5051);
#5050 = CARTESIAN_POINT('',(11.,0.));
#5051 = VECTOR('',#5052,1.);
#5052 = DIRECTION('',(0.,-1.));
#5053 = ( GEOMETRIC_REPRESENTATION_CONTEXT(2) 
PARAMETRIC_REPRESENTATION_CONTEXT() REPRESENTATION_CONTEXT('2D SPACE',''
  ) );
#5054 = PCURVE('',#3264,#5055);
#5055 = DEFINITIONAL_REPRESENTATION('',(#5056),#5060);
#5056 = LINE('',#5057,#5058);
#5057 = CARTESIAN_POINT('',(54.52,3.177777777778));
#5058 = VECTOR('',#5059,1.);
#5059 = DIRECTION('',(0.,1.));
#5060 = ( GEOMETRIC_REPRESENTATION_CONTEXT(2) 
PARAMETRIC_REPRESENTATION_CONTEXT() REPRESENTATION_CONTEXT('2D SPACE',''
  ) );
#5061 = ADVANCED_FACE('',(#5062),#1474,.T.);
#5062 = FACE_BOUND('',#5063,.T.);
#5063 = EDGE_LOOP('',(#5064,#5087,#5088,#5089));
#5064 = ORIENTED_EDGE('',*,*,#5065,.F.);
#5065 = EDGE_CURVE('',#1431,#5066,#5068,.T.);
#5066 = VERTEX_POINT('',#5067);
#5067 = CARTESIAN_POINT('',(78.732222222222,7.664351851852,11.));
#5068 = SURFACE_CURVE('',#5069,(#5073,#5080),.PCURVE_S1.);
#5069 = LINE('',#5070,#5071);
#5070 = CARTESIAN_POINT('',(78.732222222222,7.664351851852,0.));
#5071 = VECTOR('',#5072,1.);
#5072 = DIRECTION('',(0.,0.,1.));
#5073 = PCURVE('',#1474,#5074);
#5074 = DEFINITIONAL_REPRESENTATION('',(#5075),#5079);
#5075 = LINE('',#5076,#5077);
#5076 = CARTESIAN_POINT('',(0.,-15.69907407407));
#5077 = VECTOR('',#5078,1.);
#5078 = DIRECTION('',(1.,0.));
#5079 = ( GEOMETRIC_REPRESENTATION_CONTEXT(2) 
PARAMETRIC_REPRESENTATION_CONTEXT() REPRESENTATION_CONTEXT('2D SPACE',''
  ) );
#5080 = PCURVE('',#1446,#5081);
#5081 = DEFINITIONAL_REPRESENTATION('',(#5082),#5086);
#5082 = LINE('',#5083,#5084);
#5083 = CARTESIAN_POINT('',(0.,2.000000000001E-02));
#5084 = VECTOR('',#5085,1.);
#5085 = DIRECTION('',(1.,0.));
#5086 = ( GEOMETRIC_REPRESENTATION_CONTEXT(2) 
PARAMETRIC_REPRESENTATION_CONTEXT() REPRESENTATION_CONTEXT('2D SPACE',''
  ) );
#5087 = ORIENTED_EDGE('',*,*,#1458,.T.);
#5088 = ORIENTED_EDGE('',*,*,#4992,.T.);
#5089 = ORIENTED_EDGE('',*,*,#5090,.F.);
#5090 = EDGE_CURVE('',#5066,#4970,#5091,.T.);
#5091 = SURFACE_CURVE('',#5092,(#5096,#5103),.PCURVE_S1.);
#5092 = LINE('',#5093,#5094);
#5093 = CARTESIAN_POINT('',(78.732222222222,5.034722222222,11.));
#5094 = VECTOR('',#5095,1.);
#5095 = DIRECTION('',(-0.,1.,0.));
#5096 = PCURVE('',#1474,#5097);
#5097 = DEFINITIONAL_REPRESENTATION('',(#5098),#5102);
#5098 = LINE('',#5099,#5100);
#5099 = CARTESIAN_POINT('',(11.,-13.06944444444));
#5100 = VECTOR('',#5101,1.);
#5101 = DIRECTION('',(0.,-1.));
#5102 = ( GEOMETRIC_REPRESENTATION_CONTEXT(2) 
PARAMETRIC_REPRESENTATION_CONTEXT() REPRESENTATION_CONTEXT('2D SPACE',''
  ) );
#5103 = PCURVE('',#2713,#5104);
#5104 = DEFINITIONAL_REPRESENTATION('',(#5105),#5109);
#5105 = LINE('',#5106,#5107);
#5106 = CARTESIAN_POINT('',(78.742222222222,-4.766666666667));
#5107 = VECTOR('',#5108,1.);
#5108 = DIRECTION('',(0.,1.));
#5109 = ( GEOMETRIC_REPRESENTATION_CONTEXT(2) 
PARAMETRIC_REPRESENTATION_CONTEXT() REPRESENTATION_CONTEXT('2D SPACE',''
  ) );
#5110 = ADVANCED_FACE('',(#5111),#717,.F.);
#5111 = FACE_BOUND('',#5112,.F.);
#5112 = EDGE_LOOP('',(#5113,#5114,#5115,#5138));
#5113 = ORIENTED_EDGE('',*,*,#701,.F.);
#5114 = ORIENTED_EDGE('',*,*,#5018,.T.);
#5115 = ORIENTED_EDGE('',*,*,#5116,.T.);
#5116 = EDGE_CURVE('',#5019,#5117,#5119,.T.);
#5117 = VERTEX_POINT('',#5118);
#5118 = CARTESIAN_POINT('',(60.565555555556,-9.226388888889,11.));
#5119 = SURFACE_CURVE('',#5120,(#5124,#5131),.PCURVE_S1.);
#5120 = LINE('',#5121,#5122);
#5121 = CARTESIAN_POINT('',(54.49,-9.226388888889,11.));
#5122 = VECTOR('',#5123,1.);
#5123 = DIRECTION('',(1.,0.,-0.));
#5124 = PCURVE('',#717,#5125);
#5125 = DEFINITIONAL_REPRESENTATION('',(#5126),#5130);
#5126 = LINE('',#5127,#5128);
#5127 = CARTESIAN_POINT('',(11.,0.));
#5128 = VECTOR('',#5129,1.);
#5129 = DIRECTION('',(0.,1.));
#5130 = ( GEOMETRIC_REPRESENTATION_CONTEXT(2) 
PARAMETRIC_REPRESENTATION_CONTEXT() REPRESENTATION_CONTEXT('2D SPACE',''
  ) );
#5131 = PCURVE('',#3264,#5132);
#5132 = DEFINITIONAL_REPRESENTATION('',(#5133),#5137);
#5133 = LINE('',#5134,#5135);
#5134 = CARTESIAN_POINT('',(54.5,3.575));
#5135 = VECTOR('',#5136,1.);
#5136 = DIRECTION('',(1.,0.));
#5137 = ( GEOMETRIC_REPRESENTATION_CONTEXT(2) 
PARAMETRIC_REPRESENTATION_CONTEXT() REPRESENTATION_CONTEXT('2D SPACE',''
  ) );
#5138 = ORIENTED_EDGE('',*,*,#5139,.F.);
#5139 = EDGE_CURVE('',#702,#5117,#5140,.T.);
#5140 = SURFACE_CURVE('',#5141,(#5145,#5152),.PCURVE_S1.);
#5141 = LINE('',#5142,#5143);
#5142 = CARTESIAN_POINT('',(60.565555555556,-9.226388888889,0.));
#5143 = VECTOR('',#5144,1.);
#5144 = DIRECTION('',(0.,0.,1.));
#5145 = PCURVE('',#717,#5146);
#5146 = DEFINITIONAL_REPRESENTATION('',(#5147),#5151);
#5147 = LINE('',#5148,#5149);
#5148 = CARTESIAN_POINT('',(0.,6.075555555556));
#5149 = VECTOR('',#5150,1.);
#5150 = DIRECTION('',(1.,0.));
#5151 = ( GEOMETRIC_REPRESENTATION_CONTEXT(2) 
PARAMETRIC_REPRESENTATION_CONTEXT() REPRESENTATION_CONTEXT('2D SPACE',''
  ) );
#5152 = PCURVE('',#745,#5153);
#5153 = DEFINITIONAL_REPRESENTATION('',(#5154),#5158);
#5154 = LINE('',#5155,#5156);
#5155 = CARTESIAN_POINT('',(0.,0.));
#5156 = VECTOR('',#5157,1.);
#5157 = DIRECTION('',(1.,0.));
#5158 = ( GEOMETRIC_REPRESENTATION_CONTEXT(2) 
PARAMETRIC_REPRESENTATION_CONTEXT() REPRESENTATION_CONTEXT('2D SPACE',''
  ) );
#5159 = ADVANCED_FACE('',(#5160),#1446,.T.);
#5160 = FACE_BOUND('',#5161,.T.);
#5161 = EDGE_LOOP('',(#5162,#5163,#5164,#5187));
#5162 = ORIENTED_EDGE('',*,*,#1430,.F.);
#5163 = ORIENTED_EDGE('',*,*,#5065,.T.);
#5164 = ORIENTED_EDGE('',*,*,#5165,.T.);
#5165 = EDGE_CURVE('',#5066,#5166,#5168,.T.);
#5166 = VERTEX_POINT('',#5167);
#5167 = CARTESIAN_POINT('',(84.787777777778,7.664351851852,11.));
#5168 = SURFACE_CURVE('',#5169,(#5173,#5180),.PCURVE_S1.);
#5169 = LINE('',#5170,#5171);
#5170 = CARTESIAN_POINT('',(78.712222222222,7.664351851852,11.));
#5171 = VECTOR('',#5172,1.);
#5172 = DIRECTION('',(1.,0.,-0.));
#5173 = PCURVE('',#1446,#5174);
#5174 = DEFINITIONAL_REPRESENTATION('',(#5175),#5179);
#5175 = LINE('',#5176,#5177);
#5176 = CARTESIAN_POINT('',(11.,0.));
#5177 = VECTOR('',#5178,1.);
#5178 = DIRECTION('',(0.,1.));
#5179 = ( GEOMETRIC_REPRESENTATION_CONTEXT(2) 
PARAMETRIC_REPRESENTATION_CONTEXT() REPRESENTATION_CONTEXT('2D SPACE',''
  ) );
#5180 = PCURVE('',#2713,#5181);
#5181 = DEFINITIONAL_REPRESENTATION('',(#5182),#5186);
#5182 = LINE('',#5183,#5184);
#5183 = CARTESIAN_POINT('',(78.722222222222,-2.137037037037));
#5184 = VECTOR('',#5185,1.);
#5185 = DIRECTION('',(1.,0.));
#5186 = ( GEOMETRIC_REPRESENTATION_CONTEXT(2) 
PARAMETRIC_REPRESENTATION_CONTEXT() REPRESENTATION_CONTEXT('2D SPACE',''
  ) );
#5187 = ORIENTED_EDGE('',*,*,#5188,.F.);
#5188 = EDGE_CURVE('',#1403,#5166,#5189,.T.);
#5189 = SURFACE_CURVE('',#5190,(#5194,#5201),.PCURVE_S1.);
#5190 = LINE('',#5191,#5192);
#5191 = CARTESIAN_POINT('',(84.787777777778,7.664351851852,0.));
#5192 = VECTOR('',#5193,1.);
#5193 = DIRECTION('',(0.,0.,1.));
#5194 = PCURVE('',#1446,#5195);
#5195 = DEFINITIONAL_REPRESENTATION('',(#5196),#5200);
#5196 = LINE('',#5197,#5198);
#5197 = CARTESIAN_POINT('',(0.,6.075555555556));
#5198 = VECTOR('',#5199,1.);
#5199 = DIRECTION('',(1.,0.));
#5200 = ( GEOMETRIC_REPRESENTATION_CONTEXT(2) 
PARAMETRIC_REPRESENTATION_CONTEXT() REPRESENTATION_CONTEXT('2D SPACE',''
  ) );
#5201 = PCURVE('',#1418,#5202);
#5202 = DEFINITIONAL_REPRESENTATION('',(#5203),#5207);
#5203 = LINE('',#5204,#5205);
#5204 = CARTESIAN_POINT('',(0.,-15.3287037037));
#5205 = VECTOR('',#5206,1.);
#5206 = DIRECTION('',(1.,0.));
#5207 = ( GEOMETRIC_REPRESENTATION_CONTEXT(2) 
PARAMETRIC_REPRESENTATION_CONTEXT() REPRESENTATION_CONTEXT('2D SPACE',''
  ) );
#5208 = ADVANCED_FACE('',(#5209),#745,.T.);
#5209 = FACE_BOUND('',#5210,.T.);
#5210 = EDGE_LOOP('',(#5211,#5212,#5213,#5236));
#5211 = ORIENTED_EDGE('',*,*,#5139,.F.);
#5212 = ORIENTED_EDGE('',*,*,#729,.T.);
#5213 = ORIENTED_EDGE('',*,*,#5214,.T.);
#5214 = EDGE_CURVE('',#730,#5215,#5217,.T.);
#5215 = VERTEX_POINT('',#5216);
#5216 = CARTESIAN_POINT('',(60.565555555556,-8.829166666667,11.));
#5217 = SURFACE_CURVE('',#5218,(#5222,#5229),.PCURVE_S1.);
#5218 = LINE('',#5219,#5220);
#5219 = CARTESIAN_POINT('',(60.565555555556,-8.829166666667,0.));
#5220 = VECTOR('',#5221,1.);
#5221 = DIRECTION('',(0.,0.,1.));
#5222 = PCURVE('',#745,#5223);
#5223 = DEFINITIONAL_REPRESENTATION('',(#5224),#5228);
#5224 = LINE('',#5225,#5226);
#5225 = CARTESIAN_POINT('',(0.,-0.397222222222));
#5226 = VECTOR('',#5227,1.);
#5227 = DIRECTION('',(1.,0.));
#5228 = ( GEOMETRIC_REPRESENTATION_CONTEXT(2) 
PARAMETRIC_REPRESENTATION_CONTEXT() REPRESENTATION_CONTEXT('2D SPACE',''
  ) );
#5229 = PCURVE('',#773,#5230);
#5230 = DEFINITIONAL_REPRESENTATION('',(#5231),#5235);
#5231 = LINE('',#5232,#5233);
#5232 = CARTESIAN_POINT('',(0.,2.E-02));
#5233 = VECTOR('',#5234,1.);
#5234 = DIRECTION('',(1.,0.));
#5235 = ( GEOMETRIC_REPRESENTATION_CONTEXT(2) 
PARAMETRIC_REPRESENTATION_CONTEXT() REPRESENTATION_CONTEXT('2D SPACE',''
  ) );
#5236 = ORIENTED_EDGE('',*,*,#5237,.F.);
#5237 = EDGE_CURVE('',#5117,#5215,#5238,.T.);
#5238 = SURFACE_CURVE('',#5239,(#5243,#5250),.PCURVE_S1.);
#5239 = LINE('',#5240,#5241);
#5240 = CARTESIAN_POINT('',(60.565555555556,-9.226388888889,11.));
#5241 = VECTOR('',#5242,1.);
#5242 = DIRECTION('',(-0.,1.,0.));
#5243 = PCURVE('',#745,#5244);
#5244 = DEFINITIONAL_REPRESENTATION('',(#5245),#5249);
#5245 = LINE('',#5246,#5247);
#5246 = CARTESIAN_POINT('',(11.,0.));
#5247 = VECTOR('',#5248,1.);
#5248 = DIRECTION('',(0.,-1.));
#5249 = ( GEOMETRIC_REPRESENTATION_CONTEXT(2) 
PARAMETRIC_REPRESENTATION_CONTEXT() REPRESENTATION_CONTEXT('2D SPACE',''
  ) );
#5250 = PCURVE('',#3264,#5251);
#5251 = DEFINITIONAL_REPRESENTATION('',(#5252),#5256);
#5252 = LINE('',#5253,#5254);
#5253 = CARTESIAN_POINT('',(60.575555555556,3.575));
#5254 = VECTOR('',#5255,1.);
#5255 = DIRECTION('',(0.,1.));
#5256 = ( GEOMETRIC_REPRESENTATION_CONTEXT(2) 
PARAMETRIC_REPRESENTATION_CONTEXT() REPRESENTATION_CONTEXT('2D SPACE',''
  ) );
#5257 = ADVANCED_FACE('',(#5258),#1418,.T.);
#5258 = FACE_BOUND('',#5259,.T.);
#5259 = EDGE_LOOP('',(#5260,#5283,#5284,#5285));
#5260 = ORIENTED_EDGE('',*,*,#5261,.F.);
#5261 = EDGE_CURVE('',#1375,#5262,#5264,.T.);
#5262 = VERTEX_POINT('',#5263);
#5263 = CARTESIAN_POINT('',(84.787777777778,7.456252258012,11.));
#5264 = SURFACE_CURVE('',#5265,(#5269,#5276),.PCURVE_S1.);
#5265 = LINE('',#5266,#5267);
#5266 = CARTESIAN_POINT('',(84.787777777778,7.456252258012,0.));
#5267 = VECTOR('',#5268,1.);
#5268 = DIRECTION('',(0.,-8.074349270001E-17,1.));
#5269 = PCURVE('',#1418,#5270);
#5270 = DEFINITIONAL_REPRESENTATION('',(#5271),#5275);
#5271 = LINE('',#5272,#5273);
#5272 = CARTESIAN_POINT('',(0.,-15.12060410986));
#5273 = VECTOR('',#5274,1.);
#5274 = DIRECTION('',(1.,8.074349270001E-17));
#5275 = ( GEOMETRIC_REPRESENTATION_CONTEXT(2) 
PARAMETRIC_REPRESENTATION_CONTEXT() REPRESENTATION_CONTEXT('2D SPACE',''
  ) );
#5276 = PCURVE('',#1390,#5277);
#5277 = DEFINITIONAL_REPRESENTATION('',(#5278),#5282);
#5278 = LINE('',#5279,#5280);
#5279 = CARTESIAN_POINT('',(0.,2.E-02));
#5280 = VECTOR('',#5281,1.);
#5281 = DIRECTION('',(1.,0.));
#5282 = ( GEOMETRIC_REPRESENTATION_CONTEXT(2) 
PARAMETRIC_REPRESENTATION_CONTEXT() REPRESENTATION_CONTEXT('2D SPACE',''
  ) );
#5283 = ORIENTED_EDGE('',*,*,#1402,.T.);
#5284 = ORIENTED_EDGE('',*,*,#5188,.T.);
#5285 = ORIENTED_EDGE('',*,*,#5286,.F.);
#5286 = EDGE_CURVE('',#5262,#5166,#5287,.T.);
#5287 = SURFACE_CURVE('',#5288,(#5292,#5299),.PCURVE_S1.);
#5288 = LINE('',#5289,#5290);
#5289 = CARTESIAN_POINT('',(84.787777777778,4.664351851852,11.));
#5290 = VECTOR('',#5291,1.);
#5291 = DIRECTION('',(-0.,1.,0.));
#5292 = PCURVE('',#1418,#5293);
#5293 = DEFINITIONAL_REPRESENTATION('',(#5294),#5298);
#5294 = LINE('',#5295,#5296);
#5295 = CARTESIAN_POINT('',(11.,-12.3287037037));
#5296 = VECTOR('',#5297,1.);
#5297 = DIRECTION('',(0.,-1.));
#5298 = ( GEOMETRIC_REPRESENTATION_CONTEXT(2) 
PARAMETRIC_REPRESENTATION_CONTEXT() REPRESENTATION_CONTEXT('2D SPACE',''
  ) );
#5299 = PCURVE('',#2713,#5300);
#5300 = DEFINITIONAL_REPRESENTATION('',(#5301),#5305);
#5301 = LINE('',#5302,#5303);
#5302 = CARTESIAN_POINT('',(84.797777777778,-5.137037037037));
#5303 = VECTOR('',#5304,1.);
#5304 = DIRECTION('',(0.,1.));
#5305 = ( GEOMETRIC_REPRESENTATION_CONTEXT(2) 
PARAMETRIC_REPRESENTATION_CONTEXT() REPRESENTATION_CONTEXT('2D SPACE',''
  ) );
#5306 = ADVANCED_FACE('',(#5307),#773,.F.);
#5307 = FACE_BOUND('',#5308,.F.);
#5308 = EDGE_LOOP('',(#5309,#5310,#5311,#5334));
#5309 = ORIENTED_EDGE('',*,*,#757,.F.);
#5310 = ORIENTED_EDGE('',*,*,#5214,.T.);
#5311 = ORIENTED_EDGE('',*,*,#5312,.T.);
#5312 = EDGE_CURVE('',#5215,#5313,#5315,.T.);
#5313 = VERTEX_POINT('',#5314);
#5314 = CARTESIAN_POINT('',(66.621111111111,-8.829166666667,11.));
#5315 = SURFACE_CURVE('',#5316,(#5320,#5327),.PCURVE_S1.);
#5316 = LINE('',#5317,#5318);
#5317 = CARTESIAN_POINT('',(60.545555555556,-8.829166666667,11.));
#5318 = VECTOR('',#5319,1.);
#5319 = DIRECTION('',(1.,0.,-0.));
#5320 = PCURVE('',#773,#5321);
#5321 = DEFINITIONAL_REPRESENTATION('',(#5322),#5326);
#5322 = LINE('',#5323,#5324);
#5323 = CARTESIAN_POINT('',(11.,0.));
#5324 = VECTOR('',#5325,1.);
#5325 = DIRECTION('',(0.,1.));
#5326 = ( GEOMETRIC_REPRESENTATION_CONTEXT(2) 
PARAMETRIC_REPRESENTATION_CONTEXT() REPRESENTATION_CONTEXT('2D SPACE',''
  ) );
#5327 = PCURVE('',#3264,#5328);
#5328 = DEFINITIONAL_REPRESENTATION('',(#5329),#5333);
#5329 = LINE('',#5330,#5331);
#5330 = CARTESIAN_POINT('',(60.555555555556,3.972222222222));
#5331 = VECTOR('',#5332,1.);
#5332 = DIRECTION('',(1.,0.));
#5333 = ( GEOMETRIC_REPRESENTATION_CONTEXT(2) 
PARAMETRIC_REPRESENTATION_CONTEXT() REPRESENTATION_CONTEXT('2D SPACE',''
  ) );
#5334 = ORIENTED_EDGE('',*,*,#5335,.F.);
#5335 = EDGE_CURVE('',#758,#5313,#5336,.T.);
#5336 = SURFACE_CURVE('',#5337,(#5341,#5348),.PCURVE_S1.);
#5337 = LINE('',#5338,#5339);
#5338 = CARTESIAN_POINT('',(66.621111111111,-8.829166666667,0.));
#5339 = VECTOR('',#5340,1.);
#5340 = DIRECTION('',(0.,0.,1.));
#5341 = PCURVE('',#773,#5342);
#5342 = DEFINITIONAL_REPRESENTATION('',(#5343),#5347);
#5343 = LINE('',#5344,#5345);
#5344 = CARTESIAN_POINT('',(0.,6.075555555556));
#5345 = VECTOR('',#5346,1.);
#5346 = DIRECTION('',(1.,0.));
#5347 = ( GEOMETRIC_REPRESENTATION_CONTEXT(2) 
PARAMETRIC_REPRESENTATION_CONTEXT() REPRESENTATION_CONTEXT('2D SPACE',''
  ) );
#5348 = PCURVE('',#801,#5349);
#5349 = DEFINITIONAL_REPRESENTATION('',(#5350),#5354);
#5350 = LINE('',#5351,#5352);
#5351 = CARTESIAN_POINT('',(0.,0.));
#5352 = VECTOR('',#5353,1.);
#5353 = DIRECTION('',(1.,0.));
#5354 = ( GEOMETRIC_REPRESENTATION_CONTEXT(2) 
PARAMETRIC_REPRESENTATION_CONTEXT() REPRESENTATION_CONTEXT('2D SPACE',''
  ) );
#5355 = ADVANCED_FACE('',(#5356),#1390,.T.);
#5356 = FACE_BOUND('',#5357,.T.);
#5357 = EDGE_LOOP('',(#5358,#5359,#5360,#5383));
#5358 = ORIENTED_EDGE('',*,*,#1374,.F.);
#5359 = ORIENTED_EDGE('',*,*,#5261,.T.);
#5360 = ORIENTED_EDGE('',*,*,#5361,.T.);
#5361 = EDGE_CURVE('',#5262,#5362,#5364,.T.);
#5362 = VERTEX_POINT('',#5363);
#5363 = CARTESIAN_POINT('',(90.823333333333,7.456252258012,11.));
#5364 = SURFACE_CURVE('',#5365,(#5369,#5376),.PCURVE_S1.);
#5365 = LINE('',#5366,#5367);
#5366 = CARTESIAN_POINT('',(84.767777777778,7.456252258012,11.));
#5367 = VECTOR('',#5368,1.);
#5368 = DIRECTION('',(1.,0.,-0.));
#5369 = PCURVE('',#1390,#5370);
#5370 = DEFINITIONAL_REPRESENTATION('',(#5371),#5375);
#5371 = LINE('',#5372,#5373);
#5372 = CARTESIAN_POINT('',(11.,0.));
#5373 = VECTOR('',#5374,1.);
#5374 = DIRECTION('',(0.,1.));
#5375 = ( GEOMETRIC_REPRESENTATION_CONTEXT(2) 
PARAMETRIC_REPRESENTATION_CONTEXT() REPRESENTATION_CONTEXT('2D SPACE',''
  ) );
#5376 = PCURVE('',#2713,#5377);
#5377 = DEFINITIONAL_REPRESENTATION('',(#5378),#5382);
#5378 = LINE('',#5379,#5380);
#5379 = CARTESIAN_POINT('',(84.777777777778,-2.345136630877));
#5380 = VECTOR('',#5381,1.);
#5381 = DIRECTION('',(1.,0.));
#5382 = ( GEOMETRIC_REPRESENTATION_CONTEXT(2) 
PARAMETRIC_REPRESENTATION_CONTEXT() REPRESENTATION_CONTEXT('2D SPACE',''
  ) );
#5383 = ORIENTED_EDGE('',*,*,#5384,.F.);
#5384 = EDGE_CURVE('',#1347,#5362,#5385,.T.);
#5385 = SURFACE_CURVE('',#5386,(#5390,#5397),.PCURVE_S1.);
#5386 = LINE('',#5387,#5388);
#5387 = CARTESIAN_POINT('',(90.823333333333,7.456252258012,0.));
#5388 = VECTOR('',#5389,1.);
#5389 = DIRECTION('',(0.,0.,1.));
#5390 = PCURVE('',#1390,#5391);
#5391 = DEFINITIONAL_REPRESENTATION('',(#5392),#5396);
#5392 = LINE('',#5393,#5394);
#5393 = CARTESIAN_POINT('',(0.,6.055555555556));
#5394 = VECTOR('',#5395,1.);
#5395 = DIRECTION('',(1.,0.));
#5396 = ( GEOMETRIC_REPRESENTATION_CONTEXT(2) 
PARAMETRIC_REPRESENTATION_CONTEXT() REPRESENTATION_CONTEXT('2D SPACE',''
  ) );
#5397 = PCURVE('',#1362,#5398);
#5398 = DEFINITIONAL_REPRESENTATION('',(#5399),#5403);
#5399 = LINE('',#5400,#5401);
#5400 = CARTESIAN_POINT('',(0.,-14.94193716941));
#5401 = VECTOR('',#5402,1.);
#5402 = DIRECTION('',(1.,0.));
#5403 = ( GEOMETRIC_REPRESENTATION_CONTEXT(2) 
PARAMETRIC_REPRESENTATION_CONTEXT() REPRESENTATION_CONTEXT('2D SPACE',''
  ) );
#5404 = ADVANCED_FACE('',(#5405),#801,.T.);
#5405 = FACE_BOUND('',#5406,.T.);
#5406 = EDGE_LOOP('',(#5407,#5408,#5409,#5432));
#5407 = ORIENTED_EDGE('',*,*,#5335,.F.);
#5408 = ORIENTED_EDGE('',*,*,#785,.T.);
#5409 = ORIENTED_EDGE('',*,*,#5410,.T.);
#5410 = EDGE_CURVE('',#786,#5411,#5413,.T.);
#5411 = VERTEX_POINT('',#5412);
#5412 = CARTESIAN_POINT('',(66.621111111111,-8.431944444444,11.));
#5413 = SURFACE_CURVE('',#5414,(#5418,#5425),.PCURVE_S1.);
#5414 = LINE('',#5415,#5416);
#5415 = CARTESIAN_POINT('',(66.621111111111,-8.431944444444,0.));
#5416 = VECTOR('',#5417,1.);
#5417 = DIRECTION('',(0.,0.,1.));
#5418 = PCURVE('',#801,#5419);
#5419 = DEFINITIONAL_REPRESENTATION('',(#5420),#5424);
#5420 = LINE('',#5421,#5422);
#5421 = CARTESIAN_POINT('',(0.,-0.397222222222));
#5422 = VECTOR('',#5423,1.);
#5423 = DIRECTION('',(1.,0.));
#5424 = ( GEOMETRIC_REPRESENTATION_CONTEXT(2) 
PARAMETRIC_REPRESENTATION_CONTEXT() REPRESENTATION_CONTEXT('2D SPACE',''
  ) );
#5425 = PCURVE('',#829,#5426);
#5426 = DEFINITIONAL_REPRESENTATION('',(#5427),#5431);
#5427 = LINE('',#5428,#5429);
#5428 = CARTESIAN_POINT('',(0.,2.000000000001E-02));
#5429 = VECTOR('',#5430,1.);
#5430 = DIRECTION('',(1.,0.));
#5431 = ( GEOMETRIC_REPRESENTATION_CONTEXT(2) 
PARAMETRIC_REPRESENTATION_CONTEXT() REPRESENTATION_CONTEXT('2D SPACE',''
  ) );
#5432 = ORIENTED_EDGE('',*,*,#5433,.F.);
#5433 = EDGE_CURVE('',#5313,#5411,#5434,.T.);
#5434 = SURFACE_CURVE('',#5435,(#5439,#5446),.PCURVE_S1.);
#5435 = LINE('',#5436,#5437);
#5436 = CARTESIAN_POINT('',(66.621111111111,-8.829166666667,11.));
#5437 = VECTOR('',#5438,1.);
#5438 = DIRECTION('',(-0.,1.,0.));
#5439 = PCURVE('',#801,#5440);
#5440 = DEFINITIONAL_REPRESENTATION('',(#5441),#5445);
#5441 = LINE('',#5442,#5443);
#5442 = CARTESIAN_POINT('',(11.,0.));
#5443 = VECTOR('',#5444,1.);
#5444 = DIRECTION('',(0.,-1.));
#5445 = ( GEOMETRIC_REPRESENTATION_CONTEXT(2) 
PARAMETRIC_REPRESENTATION_CONTEXT() REPRESENTATION_CONTEXT('2D SPACE',''
  ) );
#5446 = PCURVE('',#3264,#5447);
#5447 = DEFINITIONAL_REPRESENTATION('',(#5448),#5452);
#5448 = LINE('',#5449,#5450);
#5449 = CARTESIAN_POINT('',(66.631111111111,3.972222222222));
#5450 = VECTOR('',#5451,1.);
#5451 = DIRECTION('',(0.,1.));
#5452 = ( GEOMETRIC_REPRESENTATION_CONTEXT(2) 
PARAMETRIC_REPRESENTATION_CONTEXT() REPRESENTATION_CONTEXT('2D SPACE',''
  ) );
#5453 = ADVANCED_FACE('',(#5454),#1362,.F.);
#5454 = FACE_BOUND('',#5455,.F.);
#5455 = EDGE_LOOP('',(#5456,#5457,#5458,#5481));
#5456 = ORIENTED_EDGE('',*,*,#5384,.F.);
#5457 = ORIENTED_EDGE('',*,*,#1346,.T.);
#5458 = ORIENTED_EDGE('',*,*,#5459,.T.);
#5459 = EDGE_CURVE('',#1319,#5460,#5462,.T.);
#5460 = VERTEX_POINT('',#5461);
#5461 = CARTESIAN_POINT('',(90.823333333333,7.485684911401,11.));
#5462 = SURFACE_CURVE('',#5463,(#5467,#5474),.PCURVE_S1.);
#5463 = LINE('',#5464,#5465);
#5464 = CARTESIAN_POINT('',(90.823333333333,7.485684911401,0.));
#5465 = VECTOR('',#5466,1.);
#5466 = DIRECTION('',(0.,0.,1.));
#5467 = PCURVE('',#1362,#5468);
#5468 = DEFINITIONAL_REPRESENTATION('',(#5469),#5473);
#5469 = LINE('',#5470,#5471);
#5470 = CARTESIAN_POINT('',(0.,-14.9713698228));
#5471 = VECTOR('',#5472,1.);
#5472 = DIRECTION('',(1.,0.));
#5473 = ( GEOMETRIC_REPRESENTATION_CONTEXT(2) 
PARAMETRIC_REPRESENTATION_CONTEXT() REPRESENTATION_CONTEXT('2D SPACE',''
  ) );
#5474 = PCURVE('',#1334,#5475);
#5475 = DEFINITIONAL_REPRESENTATION('',(#5476),#5480);
#5476 = LINE('',#5477,#5478);
#5477 = CARTESIAN_POINT('',(0.,0.));
#5478 = VECTOR('',#5479,1.);
#5479 = DIRECTION('',(1.,0.));
#5480 = ( GEOMETRIC_REPRESENTATION_CONTEXT(2) 
PARAMETRIC_REPRESENTATION_CONTEXT() REPRESENTATION_CONTEXT('2D SPACE',''
  ) );
#5481 = ORIENTED_EDGE('',*,*,#5482,.F.);
#5482 = EDGE_CURVE('',#5362,#5460,#5483,.T.);
#5483 = SURFACE_CURVE('',#5484,(#5488,#5495),.PCURVE_S1.);
#5484 = LINE('',#5485,#5486);
#5485 = CARTESIAN_POINT('',(90.823333333333,4.485684911401,11.));
#5486 = VECTOR('',#5487,1.);
#5487 = DIRECTION('',(-0.,1.,0.));
#5488 = PCURVE('',#1362,#5489);
#5489 = DEFINITIONAL_REPRESENTATION('',(#5490),#5494);
#5490 = LINE('',#5491,#5492);
#5491 = CARTESIAN_POINT('',(11.,-11.9713698228));
#5492 = VECTOR('',#5493,1.);
#5493 = DIRECTION('',(0.,-1.));
#5494 = ( GEOMETRIC_REPRESENTATION_CONTEXT(2) 
PARAMETRIC_REPRESENTATION_CONTEXT() REPRESENTATION_CONTEXT('2D SPACE',''
  ) );
#5495 = PCURVE('',#2713,#5496);
#5496 = DEFINITIONAL_REPRESENTATION('',(#5497),#5501);
#5497 = LINE('',#5498,#5499);
#5498 = CARTESIAN_POINT('',(90.833333333333,-5.315703977488));
#5499 = VECTOR('',#5500,1.);
#5500 = DIRECTION('',(0.,1.));
#5501 = ( GEOMETRIC_REPRESENTATION_CONTEXT(2) 
PARAMETRIC_REPRESENTATION_CONTEXT() REPRESENTATION_CONTEXT('2D SPACE',''
  ) );
#5502 = ADVANCED_FACE('',(#5503),#829,.F.);
#5503 = FACE_BOUND('',#5504,.F.);
#5504 = EDGE_LOOP('',(#5505,#5506,#5507,#5530));
#5505 = ORIENTED_EDGE('',*,*,#813,.F.);
#5506 = ORIENTED_EDGE('',*,*,#5410,.T.);
#5507 = ORIENTED_EDGE('',*,*,#5508,.T.);
#5508 = EDGE_CURVE('',#5411,#5509,#5511,.T.);
#5509 = VERTEX_POINT('',#5510);
#5510 = CARTESIAN_POINT('',(72.676666666667,-8.431944444444,11.));
#5511 = SURFACE_CURVE('',#5512,(#5516,#5523),.PCURVE_S1.);
#5512 = LINE('',#5513,#5514);
#5513 = CARTESIAN_POINT('',(66.601111111111,-8.431944444444,11.));
#5514 = VECTOR('',#5515,1.);
#5515 = DIRECTION('',(1.,0.,-0.));
#5516 = PCURVE('',#829,#5517);
#5517 = DEFINITIONAL_REPRESENTATION('',(#5518),#5522);
#5518 = LINE('',#5519,#5520);
#5519 = CARTESIAN_POINT('',(11.,0.));
#5520 = VECTOR('',#5521,1.);
#5521 = DIRECTION('',(0.,1.));
#5522 = ( GEOMETRIC_REPRESENTATION_CONTEXT(2) 
PARAMETRIC_REPRESENTATION_CONTEXT() REPRESENTATION_CONTEXT('2D SPACE',''
  ) );
#5523 = PCURVE('',#3264,#5524);
#5524 = DEFINITIONAL_REPRESENTATION('',(#5525),#5529);
#5525 = LINE('',#5526,#5527);
#5526 = CARTESIAN_POINT('',(66.611111111111,4.369444444444));
#5527 = VECTOR('',#5528,1.);
#5528 = DIRECTION('',(1.,0.));
#5529 = ( GEOMETRIC_REPRESENTATION_CONTEXT(2) 
PARAMETRIC_REPRESENTATION_CONTEXT() REPRESENTATION_CONTEXT('2D SPACE',''
  ) );
#5530 = ORIENTED_EDGE('',*,*,#5531,.F.);
#5531 = EDGE_CURVE('',#814,#5509,#5532,.T.);
#5532 = SURFACE_CURVE('',#5533,(#5537,#5544),.PCURVE_S1.);
#5533 = LINE('',#5534,#5535);
#5534 = CARTESIAN_POINT('',(72.676666666667,-8.431944444444,0.));
#5535 = VECTOR('',#5536,1.);
#5536 = DIRECTION('',(0.,0.,1.));
#5537 = PCURVE('',#829,#5538);
#5538 = DEFINITIONAL_REPRESENTATION('',(#5539),#5543);
#5539 = LINE('',#5540,#5541);
#5540 = CARTESIAN_POINT('',(0.,6.075555555556));
#5541 = VECTOR('',#5542,1.);
#5542 = DIRECTION('',(1.,0.));
#5543 = ( GEOMETRIC_REPRESENTATION_CONTEXT(2) 
PARAMETRIC_REPRESENTATION_CONTEXT() REPRESENTATION_CONTEXT('2D SPACE',''
  ) );
#5544 = PCURVE('',#857,#5545);
#5545 = DEFINITIONAL_REPRESENTATION('',(#5546),#5550);
#5546 = LINE('',#5547,#5548);
#5547 = CARTESIAN_POINT('',(0.,0.));
#5548 = VECTOR('',#5549,1.);
#5549 = DIRECTION('',(1.,0.));
#5550 = ( GEOMETRIC_REPRESENTATION_CONTEXT(2) 
PARAMETRIC_REPRESENTATION_CONTEXT() REPRESENTATION_CONTEXT('2D SPACE',''
  ) );
#5551 = ADVANCED_FACE('',(#5552),#1334,.T.);
#5552 = FACE_BOUND('',#5553,.T.);
#5553 = EDGE_LOOP('',(#5554,#5555,#5556,#5579));
#5554 = ORIENTED_EDGE('',*,*,#1318,.F.);
#5555 = ORIENTED_EDGE('',*,*,#5459,.T.);
#5556 = ORIENTED_EDGE('',*,*,#5557,.T.);
#5557 = EDGE_CURVE('',#5460,#5558,#5560,.T.);
#5558 = VERTEX_POINT('',#5559);
#5559 = CARTESIAN_POINT('',(96.878888888889,7.485684911401,11.));
#5560 = SURFACE_CURVE('',#5561,(#5565,#5572),.PCURVE_S1.);
#5561 = LINE('',#5562,#5563);
#5562 = CARTESIAN_POINT('',(90.823333333333,7.485684911401,11.));
#5563 = VECTOR('',#5564,1.);
#5564 = DIRECTION('',(1.,0.,-0.));
#5565 = PCURVE('',#1334,#5566);
#5566 = DEFINITIONAL_REPRESENTATION('',(#5567),#5571);
#5567 = LINE('',#5568,#5569);
#5568 = CARTESIAN_POINT('',(11.,0.));
#5569 = VECTOR('',#5570,1.);
#5570 = DIRECTION('',(0.,1.));
#5571 = ( GEOMETRIC_REPRESENTATION_CONTEXT(2) 
PARAMETRIC_REPRESENTATION_CONTEXT() REPRESENTATION_CONTEXT('2D SPACE',''
  ) );
#5572 = PCURVE('',#2713,#5573);
#5573 = DEFINITIONAL_REPRESENTATION('',(#5574),#5578);
#5574 = LINE('',#5575,#5576);
#5575 = CARTESIAN_POINT('',(90.833333333333,-2.315703977488));
#5576 = VECTOR('',#5577,1.);
#5577 = DIRECTION('',(1.,0.));
#5578 = ( GEOMETRIC_REPRESENTATION_CONTEXT(2) 
PARAMETRIC_REPRESENTATION_CONTEXT() REPRESENTATION_CONTEXT('2D SPACE',''
  ) );
#5579 = ORIENTED_EDGE('',*,*,#5580,.F.);
#5580 = EDGE_CURVE('',#1291,#5558,#5581,.T.);
#5581 = SURFACE_CURVE('',#5582,(#5586,#5593),.PCURVE_S1.);
#5582 = LINE('',#5583,#5584);
#5583 = CARTESIAN_POINT('',(96.878888888889,7.485684911401,0.));
#5584 = VECTOR('',#5585,1.);
#5585 = DIRECTION('',(0.,-8.074349270001E-17,1.));
#5586 = PCURVE('',#1334,#5587);
#5587 = DEFINITIONAL_REPRESENTATION('',(#5588),#5592);
#5588 = LINE('',#5589,#5590);
#5589 = CARTESIAN_POINT('',(0.,6.055555555556));
#5590 = VECTOR('',#5591,1.);
#5591 = DIRECTION('',(1.,0.));
#5592 = ( GEOMETRIC_REPRESENTATION_CONTEXT(2) 
PARAMETRIC_REPRESENTATION_CONTEXT() REPRESENTATION_CONTEXT('2D SPACE',''
  ) );
#5593 = PCURVE('',#1306,#5594);
#5594 = DEFINITIONAL_REPRESENTATION('',(#5595),#5599);
#5595 = LINE('',#5596,#5597);
#5596 = CARTESIAN_POINT('',(0.,-15.19254647976));
#5597 = VECTOR('',#5598,1.);
#5598 = DIRECTION('',(1.,8.074349270001E-17));
#5599 = ( GEOMETRIC_REPRESENTATION_CONTEXT(2) 
PARAMETRIC_REPRESENTATION_CONTEXT() REPRESENTATION_CONTEXT('2D SPACE',''
  ) );
#5600 = ADVANCED_FACE('',(#5601),#857,.T.);
#5601 = FACE_BOUND('',#5602,.T.);
#5602 = EDGE_LOOP('',(#5603,#5604,#5605,#5628));
#5603 = ORIENTED_EDGE('',*,*,#5531,.F.);
#5604 = ORIENTED_EDGE('',*,*,#841,.T.);
#5605 = ORIENTED_EDGE('',*,*,#5606,.T.);
#5606 = EDGE_CURVE('',#842,#5607,#5609,.T.);
#5607 = VERTEX_POINT('',#5608);
#5608 = CARTESIAN_POINT('',(72.676666666667,-8.034722222222,11.));
#5609 = SURFACE_CURVE('',#5610,(#5614,#5621),.PCURVE_S1.);
#5610 = LINE('',#5611,#5612);
#5611 = CARTESIAN_POINT('',(72.676666666667,-8.034722222222,0.));
#5612 = VECTOR('',#5613,1.);
#5613 = DIRECTION('',(0.,0.,1.));
#5614 = PCURVE('',#857,#5615);
#5615 = DEFINITIONAL_REPRESENTATION('',(#5616),#5620);
#5616 = LINE('',#5617,#5618);
#5617 = CARTESIAN_POINT('',(0.,-0.397222222222));
#5618 = VECTOR('',#5619,1.);
#5619 = DIRECTION('',(1.,0.));
#5620 = ( GEOMETRIC_REPRESENTATION_CONTEXT(2) 
PARAMETRIC_REPRESENTATION_CONTEXT() REPRESENTATION_CONTEXT('2D SPACE',''
  ) );
#5621 = PCURVE('',#885,#5622);
#5622 = DEFINITIONAL_REPRESENTATION('',(#5623),#5627);
#5623 = LINE('',#5624,#5625);
#5624 = CARTESIAN_POINT('',(0.,1.999999999998E-02));
#5625 = VECTOR('',#5626,1.);
#5626 = DIRECTION('',(1.,0.));
#5627 = ( GEOMETRIC_REPRESENTATION_CONTEXT(2) 
PARAMETRIC_REPRESENTATION_CONTEXT() REPRESENTATION_CONTEXT('2D SPACE',''
  ) );
#5628 = ORIENTED_EDGE('',*,*,#5629,.F.);
#5629 = EDGE_CURVE('',#5509,#5607,#5630,.T.);
#5630 = SURFACE_CURVE('',#5631,(#5635,#5642),.PCURVE_S1.);
#5631 = LINE('',#5632,#5633);
#5632 = CARTESIAN_POINT('',(72.676666666667,-8.431944444444,11.));
#5633 = VECTOR('',#5634,1.);
#5634 = DIRECTION('',(-0.,1.,0.));
#5635 = PCURVE('',#857,#5636);
#5636 = DEFINITIONAL_REPRESENTATION('',(#5637),#5641);
#5637 = LINE('',#5638,#5639);
#5638 = CARTESIAN_POINT('',(11.,0.));
#5639 = VECTOR('',#5640,1.);
#5640 = DIRECTION('',(0.,-1.));
#5641 = ( GEOMETRIC_REPRESENTATION_CONTEXT(2) 
PARAMETRIC_REPRESENTATION_CONTEXT() REPRESENTATION_CONTEXT('2D SPACE',''
  ) );
#5642 = PCURVE('',#3264,#5643);
#5643 = DEFINITIONAL_REPRESENTATION('',(#5644),#5648);
#5644 = LINE('',#5645,#5646);
#5645 = CARTESIAN_POINT('',(72.686666666667,4.369444444444));
#5646 = VECTOR('',#5647,1.);
#5647 = DIRECTION('',(0.,1.));
#5648 = ( GEOMETRIC_REPRESENTATION_CONTEXT(2) 
PARAMETRIC_REPRESENTATION_CONTEXT() REPRESENTATION_CONTEXT('2D SPACE',''
  ) );
#5649 = ADVANCED_FACE('',(#5650),#1306,.F.);
#5650 = FACE_BOUND('',#5651,.F.);
#5651 = EDGE_LOOP('',(#5652,#5653,#5654,#5677));
#5652 = ORIENTED_EDGE('',*,*,#5580,.F.);
#5653 = ORIENTED_EDGE('',*,*,#1290,.T.);
#5654 = ORIENTED_EDGE('',*,*,#5655,.T.);
#5655 = EDGE_CURVE('',#1263,#5656,#5658,.T.);
#5656 = VERTEX_POINT('',#5657);
#5657 = CARTESIAN_POINT('',(96.878888888889,7.706861568358,11.));
#5658 = SURFACE_CURVE('',#5659,(#5663,#5670),.PCURVE_S1.);
#5659 = LINE('',#5660,#5661);
#5660 = CARTESIAN_POINT('',(96.878888888889,7.706861568358,0.));
#5661 = VECTOR('',#5662,1.);
#5662 = DIRECTION('',(0.,0.,1.));
#5663 = PCURVE('',#1306,#5664);
#5664 = DEFINITIONAL_REPRESENTATION('',(#5665),#5669);
#5665 = LINE('',#5666,#5667);
#5666 = CARTESIAN_POINT('',(0.,-15.41372313671));
#5667 = VECTOR('',#5668,1.);
#5668 = DIRECTION('',(1.,0.));
#5669 = ( GEOMETRIC_REPRESENTATION_CONTEXT(2) 
PARAMETRIC_REPRESENTATION_CONTEXT() REPRESENTATION_CONTEXT('2D SPACE',''
  ) );
#5670 = PCURVE('',#1278,#5671);
#5671 = DEFINITIONAL_REPRESENTATION('',(#5672),#5676);
#5672 = LINE('',#5673,#5674);
#5673 = CARTESIAN_POINT('',(0.,0.));
#5674 = VECTOR('',#5675,1.);
#5675 = DIRECTION('',(1.,0.));
#5676 = ( GEOMETRIC_REPRESENTATION_CONTEXT(2) 
PARAMETRIC_REPRESENTATION_CONTEXT() REPRESENTATION_CONTEXT('2D SPACE',''
  ) );
#5677 = ORIENTED_EDGE('',*,*,#5678,.F.);
#5678 = EDGE_CURVE('',#5558,#5656,#5679,.T.);
#5679 = SURFACE_CURVE('',#5680,(#5684,#5691),.PCURVE_S1.);
#5680 = LINE('',#5681,#5682);
#5681 = CARTESIAN_POINT('',(96.878888888889,4.706861568358,11.));
#5682 = VECTOR('',#5683,1.);
#5683 = DIRECTION('',(-0.,1.,0.));
#5684 = PCURVE('',#1306,#5685);
#5685 = DEFINITIONAL_REPRESENTATION('',(#5686),#5690);
#5686 = LINE('',#5687,#5688);
#5687 = CARTESIAN_POINT('',(11.,-12.41372313671));
#5688 = VECTOR('',#5689,1.);
#5689 = DIRECTION('',(0.,-1.));
#5690 = ( GEOMETRIC_REPRESENTATION_CONTEXT(2) 
PARAMETRIC_REPRESENTATION_CONTEXT() REPRESENTATION_CONTEXT('2D SPACE',''
  ) );
#5691 = PCURVE('',#2713,#5692);
#5692 = DEFINITIONAL_REPRESENTATION('',(#5693),#5697);
#5693 = LINE('',#5694,#5695);
#5694 = CARTESIAN_POINT('',(96.888888888889,-5.09452732053));
#5695 = VECTOR('',#5696,1.);
#5696 = DIRECTION('',(0.,1.));
#5697 = ( GEOMETRIC_REPRESENTATION_CONTEXT(2) 
PARAMETRIC_REPRESENTATION_CONTEXT() REPRESENTATION_CONTEXT('2D SPACE',''
  ) );
#5698 = ADVANCED_FACE('',(#5699),#885,.F.);
#5699 = FACE_BOUND('',#5700,.F.);
#5700 = EDGE_LOOP('',(#5701,#5702,#5703,#5726));
#5701 = ORIENTED_EDGE('',*,*,#869,.F.);
#5702 = ORIENTED_EDGE('',*,*,#5606,.T.);
#5703 = ORIENTED_EDGE('',*,*,#5704,.T.);
#5704 = EDGE_CURVE('',#5607,#5705,#5707,.T.);
#5705 = VERTEX_POINT('',#5706);
#5706 = CARTESIAN_POINT('',(78.732222222222,-8.034722222222,11.));
#5707 = SURFACE_CURVE('',#5708,(#5712,#5719),.PCURVE_S1.);
#5708 = LINE('',#5709,#5710);
#5709 = CARTESIAN_POINT('',(72.656666666667,-8.034722222222,11.));
#5710 = VECTOR('',#5711,1.);
#5711 = DIRECTION('',(1.,0.,-0.));
#5712 = PCURVE('',#885,#5713);
#5713 = DEFINITIONAL_REPRESENTATION('',(#5714),#5718);
#5714 = LINE('',#5715,#5716);
#5715 = CARTESIAN_POINT('',(11.,0.));
#5716 = VECTOR('',#5717,1.);
#5717 = DIRECTION('',(0.,1.));
#5718 = ( GEOMETRIC_REPRESENTATION_CONTEXT(2) 
PARAMETRIC_REPRESENTATION_CONTEXT() REPRESENTATION_CONTEXT('2D SPACE',''
  ) );
#5719 = PCURVE('',#3264,#5720);
#5720 = DEFINITIONAL_REPRESENTATION('',(#5721),#5725);
#5721 = LINE('',#5722,#5723);
#5722 = CARTESIAN_POINT('',(72.666666666667,4.766666666667));
#5723 = VECTOR('',#5724,1.);
#5724 = DIRECTION('',(1.,0.));
#5725 = ( GEOMETRIC_REPRESENTATION_CONTEXT(2) 
PARAMETRIC_REPRESENTATION_CONTEXT() REPRESENTATION_CONTEXT('2D SPACE',''
  ) );
#5726 = ORIENTED_EDGE('',*,*,#5727,.F.);
#5727 = EDGE_CURVE('',#870,#5705,#5728,.T.);
#5728 = SURFACE_CURVE('',#5729,(#5733,#5740),.PCURVE_S1.);
#5729 = LINE('',#5730,#5731);
#5730 = CARTESIAN_POINT('',(78.732222222222,-8.034722222222,0.));
#5731 = VECTOR('',#5732,1.);
#5732 = DIRECTION('',(0.,0.,1.));
#5733 = PCURVE('',#885,#5734);
#5734 = DEFINITIONAL_REPRESENTATION('',(#5735),#5739);
#5735 = LINE('',#5736,#5737);
#5736 = CARTESIAN_POINT('',(0.,6.075555555556));
#5737 = VECTOR('',#5738,1.);
#5738 = DIRECTION('',(1.,0.));
#5739 = ( GEOMETRIC_REPRESENTATION_CONTEXT(2) 
PARAMETRIC_REPRESENTATION_CONTEXT() REPRESENTATION_CONTEXT('2D SPACE',''
  ) );
#5740 = PCURVE('',#913,#5741);
#5741 = DEFINITIONAL_REPRESENTATION('',(#5742),#5746);
#5742 = LINE('',#5743,#5744);
#5743 = CARTESIAN_POINT('',(0.,0.));
#5744 = VECTOR('',#5745,1.);
#5745 = DIRECTION('',(1.,0.));
#5746 = ( GEOMETRIC_REPRESENTATION_CONTEXT(2) 
PARAMETRIC_REPRESENTATION_CONTEXT() REPRESENTATION_CONTEXT('2D SPACE',''
  ) );
#5747 = ADVANCED_FACE('',(#5748),#1278,.T.);
#5748 = FACE_BOUND('',#5749,.T.);
#5749 = EDGE_LOOP('',(#5750,#5751,#5752,#5775));
#5750 = ORIENTED_EDGE('',*,*,#1262,.F.);
#5751 = ORIENTED_EDGE('',*,*,#5655,.T.);
#5752 = ORIENTED_EDGE('',*,*,#5753,.T.);
#5753 = EDGE_CURVE('',#5656,#5754,#5756,.T.);
#5754 = VERTEX_POINT('',#5755);
#5755 = CARTESIAN_POINT('',(102.93444444444,7.706861568358,11.));
#5756 = SURFACE_CURVE('',#5757,(#5761,#5768),.PCURVE_S1.);
#5757 = LINE('',#5758,#5759);
#5758 = CARTESIAN_POINT('',(96.878888888889,7.706861568358,11.));
#5759 = VECTOR('',#5760,1.);
#5760 = DIRECTION('',(1.,0.,-0.));
#5761 = PCURVE('',#1278,#5762);
#5762 = DEFINITIONAL_REPRESENTATION('',(#5763),#5767);
#5763 = LINE('',#5764,#5765);
#5764 = CARTESIAN_POINT('',(11.,0.));
#5765 = VECTOR('',#5766,1.);
#5766 = DIRECTION('',(0.,1.));
#5767 = ( GEOMETRIC_REPRESENTATION_CONTEXT(2) 
PARAMETRIC_REPRESENTATION_CONTEXT() REPRESENTATION_CONTEXT('2D SPACE',''
  ) );
#5768 = PCURVE('',#2713,#5769);
#5769 = DEFINITIONAL_REPRESENTATION('',(#5770),#5774);
#5770 = LINE('',#5771,#5772);
#5771 = CARTESIAN_POINT('',(96.888888888889,-2.09452732053));
#5772 = VECTOR('',#5773,1.);
#5773 = DIRECTION('',(1.,0.));
#5774 = ( GEOMETRIC_REPRESENTATION_CONTEXT(2) 
PARAMETRIC_REPRESENTATION_CONTEXT() REPRESENTATION_CONTEXT('2D SPACE',''
  ) );
#5775 = ORIENTED_EDGE('',*,*,#5776,.F.);
#5776 = EDGE_CURVE('',#1235,#5754,#5777,.T.);
#5777 = SURFACE_CURVE('',#5778,(#5782,#5789),.PCURVE_S1.);
#5778 = LINE('',#5779,#5780);
#5779 = CARTESIAN_POINT('',(102.93444444444,7.706861568358,0.));
#5780 = VECTOR('',#5781,1.);
#5781 = DIRECTION('',(0.,0.,1.));
#5782 = PCURVE('',#1278,#5783);
#5783 = DEFINITIONAL_REPRESENTATION('',(#5784),#5788);
#5784 = LINE('',#5785,#5786);
#5785 = CARTESIAN_POINT('',(0.,6.055555555556));
#5786 = VECTOR('',#5787,1.);
#5787 = DIRECTION('',(1.,0.));
#5788 = ( GEOMETRIC_REPRESENTATION_CONTEXT(2) 
PARAMETRIC_REPRESENTATION_CONTEXT() REPRESENTATION_CONTEXT('2D SPACE',''
  ) );
#5789 = PCURVE('',#1250,#5790);
#5790 = DEFINITIONAL_REPRESENTATION('',(#5791),#5795);
#5791 = LINE('',#5792,#5793);
#5792 = CARTESIAN_POINT('',(0.,-15.65976967575));
#5793 = VECTOR('',#5794,1.);
#5794 = DIRECTION('',(1.,0.));
#5795 = ( GEOMETRIC_REPRESENTATION_CONTEXT(2) 
PARAMETRIC_REPRESENTATION_CONTEXT() REPRESENTATION_CONTEXT('2D SPACE',''
  ) );
#5796 = ADVANCED_FACE('',(#5797),#913,.T.);
#5797 = FACE_BOUND('',#5798,.T.);
#5798 = EDGE_LOOP('',(#5799,#5800,#5801,#5824));
#5799 = ORIENTED_EDGE('',*,*,#5727,.F.);
#5800 = ORIENTED_EDGE('',*,*,#897,.T.);
#5801 = ORIENTED_EDGE('',*,*,#5802,.T.);
#5802 = EDGE_CURVE('',#898,#5803,#5805,.T.);
#5803 = VERTEX_POINT('',#5804);
#5804 = CARTESIAN_POINT('',(78.732222222222,-7.664351851852,11.));
#5805 = SURFACE_CURVE('',#5806,(#5810,#5817),.PCURVE_S1.);
#5806 = LINE('',#5807,#5808);
#5807 = CARTESIAN_POINT('',(78.732222222222,-7.664351851852,0.));
#5808 = VECTOR('',#5809,1.);
#5809 = DIRECTION('',(0.,0.,1.));
#5810 = PCURVE('',#913,#5811);
#5811 = DEFINITIONAL_REPRESENTATION('',(#5812),#5816);
#5812 = LINE('',#5813,#5814);
#5813 = CARTESIAN_POINT('',(0.,-0.37037037037));
#5814 = VECTOR('',#5815,1.);
#5815 = DIRECTION('',(1.,0.));
#5816 = ( GEOMETRIC_REPRESENTATION_CONTEXT(2) 
PARAMETRIC_REPRESENTATION_CONTEXT() REPRESENTATION_CONTEXT('2D SPACE',''
  ) );
#5817 = PCURVE('',#941,#5818);
#5818 = DEFINITIONAL_REPRESENTATION('',(#5819),#5823);
#5819 = LINE('',#5820,#5821);
#5820 = CARTESIAN_POINT('',(0.,2.000000000001E-02));
#5821 = VECTOR('',#5822,1.);
#5822 = DIRECTION('',(1.,0.));
#5823 = ( GEOMETRIC_REPRESENTATION_CONTEXT(2) 
PARAMETRIC_REPRESENTATION_CONTEXT() REPRESENTATION_CONTEXT('2D SPACE',''
  ) );
#5824 = ORIENTED_EDGE('',*,*,#5825,.F.);
#5825 = EDGE_CURVE('',#5705,#5803,#5826,.T.);
#5826 = SURFACE_CURVE('',#5827,(#5831,#5838),.PCURVE_S1.);
#5827 = LINE('',#5828,#5829);
#5828 = CARTESIAN_POINT('',(78.732222222222,-8.034722222222,11.));
#5829 = VECTOR('',#5830,1.);
#5830 = DIRECTION('',(-0.,1.,0.));
#5831 = PCURVE('',#913,#5832);
#5832 = DEFINITIONAL_REPRESENTATION('',(#5833),#5837);
#5833 = LINE('',#5834,#5835);
#5834 = CARTESIAN_POINT('',(11.,0.));
#5835 = VECTOR('',#5836,1.);
#5836 = DIRECTION('',(0.,-1.));
#5837 = ( GEOMETRIC_REPRESENTATION_CONTEXT(2) 
PARAMETRIC_REPRESENTATION_CONTEXT() REPRESENTATION_CONTEXT('2D SPACE',''
  ) );
#5838 = PCURVE('',#3264,#5839);
#5839 = DEFINITIONAL_REPRESENTATION('',(#5840),#5844);
#5840 = LINE('',#5841,#5842);
#5841 = CARTESIAN_POINT('',(78.742222222222,4.766666666667));
#5842 = VECTOR('',#5843,1.);
#5843 = DIRECTION('',(0.,1.));
#5844 = ( GEOMETRIC_REPRESENTATION_CONTEXT(2) 
PARAMETRIC_REPRESENTATION_CONTEXT() REPRESENTATION_CONTEXT('2D SPACE',''
  ) );
#5845 = ADVANCED_FACE('',(#5846),#1250,.F.);
#5846 = FACE_BOUND('',#5847,.F.);
#5847 = EDGE_LOOP('',(#5848,#5849,#5850,#5873));
#5848 = ORIENTED_EDGE('',*,*,#5776,.F.);
#5849 = ORIENTED_EDGE('',*,*,#1234,.T.);
#5850 = ORIENTED_EDGE('',*,*,#5851,.T.);
#5851 = EDGE_CURVE('',#1207,#5852,#5854,.T.);
#5852 = VERTEX_POINT('',#5853);
#5853 = CARTESIAN_POINT('',(102.93444444444,7.952908107391,11.));
#5854 = SURFACE_CURVE('',#5855,(#5859,#5866),.PCURVE_S1.);
#5855 = LINE('',#5856,#5857);
#5856 = CARTESIAN_POINT('',(102.93444444444,7.952908107391,0.));
#5857 = VECTOR('',#5858,1.);
#5858 = DIRECTION('',(0.,0.,1.));
#5859 = PCURVE('',#1250,#5860);
#5860 = DEFINITIONAL_REPRESENTATION('',(#5861),#5865);
#5861 = LINE('',#5862,#5863);
#5862 = CARTESIAN_POINT('',(0.,-15.90581621478));
#5863 = VECTOR('',#5864,1.);
#5864 = DIRECTION('',(1.,0.));
#5865 = ( GEOMETRIC_REPRESENTATION_CONTEXT(2) 
PARAMETRIC_REPRESENTATION_CONTEXT() REPRESENTATION_CONTEXT('2D SPACE',''
  ) );
#5866 = PCURVE('',#1222,#5867);
#5867 = DEFINITIONAL_REPRESENTATION('',(#5868),#5872);
#5868 = LINE('',#5869,#5870);
#5869 = CARTESIAN_POINT('',(0.,0.));
#5870 = VECTOR('',#5871,1.);
#5871 = DIRECTION('',(1.,0.));
#5872 = ( GEOMETRIC_REPRESENTATION_CONTEXT(2) 
PARAMETRIC_REPRESENTATION_CONTEXT() REPRESENTATION_CONTEXT('2D SPACE',''
  ) );
#5873 = ORIENTED_EDGE('',*,*,#5874,.F.);
#5874 = EDGE_CURVE('',#5754,#5852,#5875,.T.);
#5875 = SURFACE_CURVE('',#5876,(#5880,#5887),.PCURVE_S1.);
#5876 = LINE('',#5877,#5878);
#5877 = CARTESIAN_POINT('',(102.93444444444,4.952908107391,11.));
#5878 = VECTOR('',#5879,1.);
#5879 = DIRECTION('',(-0.,1.,0.));
#5880 = PCURVE('',#1250,#5881);
#5881 = DEFINITIONAL_REPRESENTATION('',(#5882),#5886);
#5882 = LINE('',#5883,#5884);
#5883 = CARTESIAN_POINT('',(11.,-12.90581621478));
#5884 = VECTOR('',#5885,1.);
#5885 = DIRECTION('',(0.,-1.));
#5886 = ( GEOMETRIC_REPRESENTATION_CONTEXT(2) 
PARAMETRIC_REPRESENTATION_CONTEXT() REPRESENTATION_CONTEXT('2D SPACE',''
  ) );
#5887 = PCURVE('',#2713,#5888);
#5888 = DEFINITIONAL_REPRESENTATION('',(#5889),#5893);
#5889 = LINE('',#5890,#5891);
#5890 = CARTESIAN_POINT('',(102.94444444444,-4.848480781498));
#5891 = VECTOR('',#5892,1.);
#5892 = DIRECTION('',(0.,1.));
#5893 = ( GEOMETRIC_REPRESENTATION_CONTEXT(2) 
PARAMETRIC_REPRESENTATION_CONTEXT() REPRESENTATION_CONTEXT('2D SPACE',''
  ) );
#5894 = ADVANCED_FACE('',(#5895),#941,.F.);
#5895 = FACE_BOUND('',#5896,.F.);
#5896 = EDGE_LOOP('',(#5897,#5898,#5899,#5922));
#5897 = ORIENTED_EDGE('',*,*,#925,.F.);
#5898 = ORIENTED_EDGE('',*,*,#5802,.T.);
#5899 = ORIENTED_EDGE('',*,*,#5900,.T.);
#5900 = EDGE_CURVE('',#5803,#5901,#5903,.T.);
#5901 = VERTEX_POINT('',#5902);
#5902 = CARTESIAN_POINT('',(84.787777777778,-7.664351851852,11.));
#5903 = SURFACE_CURVE('',#5904,(#5908,#5915),.PCURVE_S1.);
#5904 = LINE('',#5905,#5906);
#5905 = CARTESIAN_POINT('',(78.712222222222,-7.664351851852,11.));
#5906 = VECTOR('',#5907,1.);
#5907 = DIRECTION('',(1.,0.,-0.));
#5908 = PCURVE('',#941,#5909);
#5909 = DEFINITIONAL_REPRESENTATION('',(#5910),#5914);
#5910 = LINE('',#5911,#5912);
#5911 = CARTESIAN_POINT('',(11.,0.));
#5912 = VECTOR('',#5913,1.);
#5913 = DIRECTION('',(0.,1.));
#5914 = ( GEOMETRIC_REPRESENTATION_CONTEXT(2) 
PARAMETRIC_REPRESENTATION_CONTEXT() REPRESENTATION_CONTEXT('2D SPACE',''
  ) );
#5915 = PCURVE('',#3264,#5916);
#5916 = DEFINITIONAL_REPRESENTATION('',(#5917),#5921);
#5917 = LINE('',#5918,#5919);
#5918 = CARTESIAN_POINT('',(78.722222222222,5.137037037037));
#5919 = VECTOR('',#5920,1.);
#5920 = DIRECTION('',(1.,0.));
#5921 = ( GEOMETRIC_REPRESENTATION_CONTEXT(2) 
PARAMETRIC_REPRESENTATION_CONTEXT() REPRESENTATION_CONTEXT('2D SPACE',''
  ) );
#5922 = ORIENTED_EDGE('',*,*,#5923,.F.);
#5923 = EDGE_CURVE('',#926,#5901,#5924,.T.);
#5924 = SURFACE_CURVE('',#5925,(#5929,#5936),.PCURVE_S1.);
#5925 = LINE('',#5926,#5927);
#5926 = CARTESIAN_POINT('',(84.787777777778,-7.664351851852,0.));
#5927 = VECTOR('',#5928,1.);
#5928 = DIRECTION('',(0.,0.,1.));
#5929 = PCURVE('',#941,#5930);
#5930 = DEFINITIONAL_REPRESENTATION('',(#5931),#5935);
#5931 = LINE('',#5932,#5933);
#5932 = CARTESIAN_POINT('',(0.,6.075555555556));
#5933 = VECTOR('',#5934,1.);
#5934 = DIRECTION('',(1.,0.));
#5935 = ( GEOMETRIC_REPRESENTATION_CONTEXT(2) 
PARAMETRIC_REPRESENTATION_CONTEXT() REPRESENTATION_CONTEXT('2D SPACE',''
  ) );
#5936 = PCURVE('',#969,#5937);
#5937 = DEFINITIONAL_REPRESENTATION('',(#5938),#5942);
#5938 = LINE('',#5939,#5940);
#5939 = CARTESIAN_POINT('',(0.,0.));
#5940 = VECTOR('',#5941,1.);
#5941 = DIRECTION('',(1.,0.));
#5942 = ( GEOMETRIC_REPRESENTATION_CONTEXT(2) 
PARAMETRIC_REPRESENTATION_CONTEXT() REPRESENTATION_CONTEXT('2D SPACE',''
  ) );
#5943 = ADVANCED_FACE('',(#5944),#1222,.T.);
#5944 = FACE_BOUND('',#5945,.T.);
#5945 = EDGE_LOOP('',(#5946,#5947,#5948,#5971,#5999,#6021));
#5946 = ORIENTED_EDGE('',*,*,#1206,.F.);
#5947 = ORIENTED_EDGE('',*,*,#5851,.T.);
#5948 = ORIENTED_EDGE('',*,*,#5949,.T.);
#5949 = EDGE_CURVE('',#5852,#5950,#5952,.T.);
#5950 = VERTEX_POINT('',#5951);
#5951 = CARTESIAN_POINT('',(109.01,7.952908107391,11.));
#5952 = SURFACE_CURVE('',#5953,(#5957,#5964),.PCURVE_S1.);
#5953 = LINE('',#5954,#5955);
#5954 = CARTESIAN_POINT('',(102.93444444444,7.952908107391,11.));
#5955 = VECTOR('',#5956,1.);
#5956 = DIRECTION('',(1.,0.,-0.));
#5957 = PCURVE('',#1222,#5958);
#5958 = DEFINITIONAL_REPRESENTATION('',(#5959),#5963);
#5959 = LINE('',#5960,#5961);
#5960 = CARTESIAN_POINT('',(11.,0.));
#5961 = VECTOR('',#5962,1.);
#5962 = DIRECTION('',(0.,1.));
#5963 = ( GEOMETRIC_REPRESENTATION_CONTEXT(2) 
PARAMETRIC_REPRESENTATION_CONTEXT() REPRESENTATION_CONTEXT('2D SPACE',''
  ) );
#5964 = PCURVE('',#2713,#5965);
#5965 = DEFINITIONAL_REPRESENTATION('',(#5966),#5970);
#5966 = LINE('',#5967,#5968);
#5967 = CARTESIAN_POINT('',(102.94444444444,-1.848480781498));
#5968 = VECTOR('',#5969,1.);
#5969 = DIRECTION('',(1.,0.));
#5970 = ( GEOMETRIC_REPRESENTATION_CONTEXT(2) 
PARAMETRIC_REPRESENTATION_CONTEXT() REPRESENTATION_CONTEXT('2D SPACE',''
  ) );
#5971 = ORIENTED_EDGE('',*,*,#5972,.F.);
#5972 = EDGE_CURVE('',#5973,#5950,#5975,.T.);
#5973 = VERTEX_POINT('',#5974);
#5974 = CARTESIAN_POINT('',(109.01,7.952908107391,5.));
#5975 = SURFACE_CURVE('',#5976,(#5980,#5987),.PCURVE_S1.);
#5976 = LINE('',#5977,#5978);
#5977 = CARTESIAN_POINT('',(109.01,7.952908107391,0.));
#5978 = VECTOR('',#5979,1.);
#5979 = DIRECTION('',(0.,0.,1.));
#5980 = PCURVE('',#1222,#5981);
#5981 = DEFINITIONAL_REPRESENTATION('',(#5982),#5986);
#5982 = LINE('',#5983,#5984);
#5983 = CARTESIAN_POINT('',(0.,6.075555555556));
#5984 = VECTOR('',#5985,1.);
#5985 = DIRECTION('',(1.,0.));
#5986 = ( GEOMETRIC_REPRESENTATION_CONTEXT(2) 
PARAMETRIC_REPRESENTATION_CONTEXT() REPRESENTATION_CONTEXT('2D SPACE',''
  ) );
#5987 = PCURVE('',#5988,#5993);
#5988 = PLANE('',#5989);
#5989 = AXIS2_PLACEMENT_3D('',#5990,#5991,#5992);
#5990 = CARTESIAN_POINT('',(109.01,-7.952908107391,0.));
#5991 = DIRECTION('',(1.,0.,-0.));
#5992 = DIRECTION('',(0.,0.,1.));
#5993 = DEFINITIONAL_REPRESENTATION('',(#5994),#5998);
#5994 = LINE('',#5995,#5996);
#5995 = CARTESIAN_POINT('',(0.,-15.90581621478));
#5996 = VECTOR('',#5997,1.);
#5997 = DIRECTION('',(1.,0.));
#5998 = ( GEOMETRIC_REPRESENTATION_CONTEXT(2) 
PARAMETRIC_REPRESENTATION_CONTEXT() REPRESENTATION_CONTEXT('2D SPACE',''
  ) );
#5999 = ORIENTED_EDGE('',*,*,#6000,.F.);
#6000 = EDGE_CURVE('',#6001,#5973,#6003,.T.);
#6001 = VERTEX_POINT('',#6002);
#6002 = CARTESIAN_POINT('',(108.13325168855,7.952908107391,5.));
#6003 = SURFACE_CURVE('',#6004,(#6008,#6014),.PCURVE_S1.);
#6004 = LINE('',#6005,#6006);
#6005 = CARTESIAN_POINT('',(105.96722222222,7.952908107391,5.));
#6006 = VECTOR('',#6007,1.);
#6007 = DIRECTION('',(1.,0.,-0.));
#6008 = PCURVE('',#1222,#6009);
#6009 = DEFINITIONAL_REPRESENTATION('',(#6010),#6013);
#6010 = B_SPLINE_CURVE_WITH_KNOTS('',1,(#6011,#6012),.UNSPECIFIED.,.F.,
  .F.,(2,2),(-3.032777777778,3.042777777778),.PIECEWISE_BEZIER_KNOTS.);
#6011 = CARTESIAN_POINT('',(5.,0.));
#6012 = CARTESIAN_POINT('',(5.,6.075555555556));
#6013 = ( GEOMETRIC_REPRESENTATION_CONTEXT(2) 
PARAMETRIC_REPRESENTATION_CONTEXT() REPRESENTATION_CONTEXT('2D SPACE',''
  ) );
#6014 = PCURVE('',#3013,#6015);
#6015 = DEFINITIONAL_REPRESENTATION('',(#6016),#6020);
#6016 = LINE('',#6017,#6018);
#6017 = CARTESIAN_POINT('',(-3.032777777778,7.952908107391));
#6018 = VECTOR('',#6019,1.);
#6019 = DIRECTION('',(1.,0.));
#6020 = ( GEOMETRIC_REPRESENTATION_CONTEXT(2) 
PARAMETRIC_REPRESENTATION_CONTEXT() REPRESENTATION_CONTEXT('2D SPACE',''
  ) );
#6021 = ORIENTED_EDGE('',*,*,#6022,.F.);
#6022 = EDGE_CURVE('',#1178,#6001,#6023,.T.);
#6023 = SURFACE_CURVE('',#6024,(#6028,#6034),.PCURVE_S1.);
#6024 = LINE('',#6025,#6026);
#6025 = CARTESIAN_POINT('',(108.13325168855,7.952908107391,0.));
#6026 = VECTOR('',#6027,1.);
#6027 = DIRECTION('',(0.,0.,1.));
#6028 = PCURVE('',#1222,#6029);
#6029 = DEFINITIONAL_REPRESENTATION('',(#6030),#6033);
#6030 = B_SPLINE_CURVE_WITH_KNOTS('',1,(#6031,#6032),.UNSPECIFIED.,.F.,
  .F.,(2,2),(-2.4E-06,5.0000024),.PIECEWISE_BEZIER_KNOTS.);
#6031 = CARTESIAN_POINT('',(-2.4E-06,5.19880724411));
#6032 = CARTESIAN_POINT('',(5.0000024,5.19880724411));
#6033 = ( GEOMETRIC_REPRESENTATION_CONTEXT(2) 
PARAMETRIC_REPRESENTATION_CONTEXT() REPRESENTATION_CONTEXT('2D SPACE',''
  ) );
#6034 = PCURVE('',#6035,#6040);
#6035 = CYLINDRICAL_SURFACE('',#6036,8.);
#6036 = AXIS2_PLACEMENT_3D('',#6037,#6038,#6039);
#6037 = CARTESIAN_POINT('',(109.,0.,0.));
#6038 = DIRECTION('',(0.,0.,1.));
#6039 = DIRECTION('',(1.,0.,-0.));
#6040 = DEFINITIONAL_REPRESENTATION('',(#6041),#6044);
#6041 = B_SPLINE_CURVE_WITH_KNOTS('',1,(#6042,#6043),.UNSPECIFIED.,.F.,
  .F.,(2,2),(0.,5.),.PIECEWISE_BEZIER_KNOTS.);
#6042 = CARTESIAN_POINT('',(7.962538262325,0.));
#6043 = CARTESIAN_POINT('',(7.962538262325,5.));
#6044 = ( GEOMETRIC_REPRESENTATION_CONTEXT(2) 
PARAMETRIC_REPRESENTATION_CONTEXT() REPRESENTATION_CONTEXT('2D SPACE',''
  ) );
#6045 = ADVANCED_FACE('',(#6046),#969,.T.);
#6046 = FACE_BOUND('',#6047,.T.);
#6047 = EDGE_LOOP('',(#6048,#6049,#6050,#6073));
#6048 = ORIENTED_EDGE('',*,*,#5923,.F.);
#6049 = ORIENTED_EDGE('',*,*,#953,.T.);
#6050 = ORIENTED_EDGE('',*,*,#6051,.T.);
#6051 = EDGE_CURVE('',#954,#6052,#6054,.T.);
#6052 = VERTEX_POINT('',#6053);
#6053 = CARTESIAN_POINT('',(84.787777777778,-7.456252258012,11.));
#6054 = SURFACE_CURVE('',#6055,(#6059,#6066),.PCURVE_S1.);
#6055 = LINE('',#6056,#6057);
#6056 = CARTESIAN_POINT('',(84.787777777778,-7.456252258012,0.));
#6057 = VECTOR('',#6058,1.);
#6058 = DIRECTION('',(0.,0.,1.));
#6059 = PCURVE('',#969,#6060);
#6060 = DEFINITIONAL_REPRESENTATION('',(#6061),#6065);
#6061 = LINE('',#6062,#6063);
#6062 = CARTESIAN_POINT('',(0.,-0.20809959384));
#6063 = VECTOR('',#6064,1.);
#6064 = DIRECTION('',(1.,0.));
#6065 = ( GEOMETRIC_REPRESENTATION_CONTEXT(2) 
PARAMETRIC_REPRESENTATION_CONTEXT() REPRESENTATION_CONTEXT('2D SPACE',''
  ) );
#6066 = PCURVE('',#997,#6067);
#6067 = DEFINITIONAL_REPRESENTATION('',(#6068),#6072);
#6068 = LINE('',#6069,#6070);
#6069 = CARTESIAN_POINT('',(0.,2.E-02));
#6070 = VECTOR('',#6071,1.);
#6071 = DIRECTION('',(1.,0.));
#6072 = ( GEOMETRIC_REPRESENTATION_CONTEXT(2) 
PARAMETRIC_REPRESENTATION_CONTEXT() REPRESENTATION_CONTEXT('2D SPACE',''
  ) );
#6073 = ORIENTED_EDGE('',*,*,#6074,.F.);
#6074 = EDGE_CURVE('',#5901,#6052,#6075,.T.);
#6075 = SURFACE_CURVE('',#6076,(#6080,#6087),.PCURVE_S1.);
#6076 = LINE('',#6077,#6078);
#6077 = CARTESIAN_POINT('',(84.787777777778,-7.664351851852,11.));
#6078 = VECTOR('',#6079,1.);
#6079 = DIRECTION('',(-0.,1.,0.));
#6080 = PCURVE('',#969,#6081);
#6081 = DEFINITIONAL_REPRESENTATION('',(#6082),#6086);
#6082 = LINE('',#6083,#6084);
#6083 = CARTESIAN_POINT('',(11.,0.));
#6084 = VECTOR('',#6085,1.);
#6085 = DIRECTION('',(0.,-1.));
#6086 = ( GEOMETRIC_REPRESENTATION_CONTEXT(2) 
PARAMETRIC_REPRESENTATION_CONTEXT() REPRESENTATION_CONTEXT('2D SPACE',''
  ) );
#6087 = PCURVE('',#3264,#6088);
#6088 = DEFINITIONAL_REPRESENTATION('',(#6089),#6093);
#6089 = LINE('',#6090,#6091);
#6090 = CARTESIAN_POINT('',(84.797777777778,5.137037037037));
#6091 = VECTOR('',#6092,1.);
#6092 = DIRECTION('',(0.,1.));
#6093 = ( GEOMETRIC_REPRESENTATION_CONTEXT(2) 
PARAMETRIC_REPRESENTATION_CONTEXT() REPRESENTATION_CONTEXT('2D SPACE',''
  ) );
#6094 = ADVANCED_FACE('',(#6095),#1194,.T.);
#6095 = FACE_BOUND('',#6096,.T.);
#6096 = EDGE_LOOP('',(#6097,#6098,#6121,#6144,#6171,#6172));
#6097 = ORIENTED_EDGE('',*,*,#1177,.F.);
#6098 = ORIENTED_EDGE('',*,*,#6099,.T.);
#6099 = EDGE_CURVE('',#1178,#6100,#6102,.T.);
#6100 = VERTEX_POINT('',#6101);
#6101 = CARTESIAN_POINT('',(117.,-1.959434878636E-15,0.));
#6102 = SURFACE_CURVE('',#6103,(#6108,#6114),.PCURVE_S1.);
#6103 = CIRCLE('',#6104,8.);
#6104 = AXIS2_PLACEMENT_3D('',#6105,#6106,#6107);
#6105 = CARTESIAN_POINT('',(109.,0.,0.));
#6106 = DIRECTION('',(0.,0.,-1.));
#6107 = DIRECTION('',(-0.108343538931,0.994113513424,0.));
#6108 = PCURVE('',#1194,#6109);
#6109 = DEFINITIONAL_REPRESENTATION('',(#6110),#6113);
#6110 = B_SPLINE_CURVE_WITH_KNOTS('',1,(#6111,#6112),.UNSPECIFIED.,.F.,
  .F.,(2,2),(0.,1.679352955145),.PIECEWISE_BEZIER_KNOTS.);
#6111 = CARTESIAN_POINT('',(1.679352955145,6.));
#6112 = CARTESIAN_POINT('',(-2.22044604925E-16,6.));
#6113 = ( GEOMETRIC_REPRESENTATION_CONTEXT(2) 
PARAMETRIC_REPRESENTATION_CONTEXT() REPRESENTATION_CONTEXT('2D SPACE',''
  ) );
#6114 = PCURVE('',#6035,#6115);
#6115 = DEFINITIONAL_REPRESENTATION('',(#6116),#6120);
#6116 = LINE('',#6117,#6118);
#6117 = CARTESIAN_POINT('',(7.962538262325,0.));
#6118 = VECTOR('',#6119,1.);
#6119 = DIRECTION('',(-1.,-0.));
#6120 = ( GEOMETRIC_REPRESENTATION_CONTEXT(2) 
PARAMETRIC_REPRESENTATION_CONTEXT() REPRESENTATION_CONTEXT('2D SPACE',''
  ) );
#6121 = ORIENTED_EDGE('',*,*,#6122,.F.);
#6122 = EDGE_CURVE('',#6123,#6100,#6125,.T.);
#6123 = VERTEX_POINT('',#6124);
#6124 = CARTESIAN_POINT('',(113.96,-1.214849624754E-15,-6.));
#6125 = SEAM_CURVE('',#6126,(#6130,#6137),.PCURVE_S1.);
#6126 = LINE('',#6127,#6128);
#6127 = CARTESIAN_POINT('',(113.96,-1.214849624754E-15,-6.));
#6128 = VECTOR('',#6129,1.);
#6129 = DIRECTION('',(0.451964793189,-1.106994474612E-16,0.89203577603)
  );
#6130 = PCURVE('',#1194,#6131);
#6131 = DEFINITIONAL_REPRESENTATION('',(#6132),#6136);
#6132 = LINE('',#6133,#6134);
#6133 = CARTESIAN_POINT('',(6.28318530718,-0.));
#6134 = VECTOR('',#6135,1.);
#6135 = DIRECTION('',(0.,1.));
#6136 = ( GEOMETRIC_REPRESENTATION_CONTEXT(2) 
PARAMETRIC_REPRESENTATION_CONTEXT() REPRESENTATION_CONTEXT('2D SPACE',''
  ) );
#6137 = PCURVE('',#1194,#6138);
#6138 = DEFINITIONAL_REPRESENTATION('',(#6139),#6143);
#6139 = LINE('',#6140,#6141);
#6140 = CARTESIAN_POINT('',(0.,-0.));
#6141 = VECTOR('',#6142,1.);
#6142 = DIRECTION('',(0.,1.));
#6143 = ( GEOMETRIC_REPRESENTATION_CONTEXT(2) 
PARAMETRIC_REPRESENTATION_CONTEXT() REPRESENTATION_CONTEXT('2D SPACE',''
  ) );
#6144 = ORIENTED_EDGE('',*,*,#6145,.T.);
#6145 = EDGE_CURVE('',#6123,#6123,#6146,.T.);
#6146 = SURFACE_CURVE('',#6147,(#6152,#6159),.PCURVE_S1.);
#6147 = CIRCLE('',#6148,4.96);
#6148 = AXIS2_PLACEMENT_3D('',#6149,#6150,#6151);
#6149 = CARTESIAN_POINT('',(109.,0.,-6.));
#6150 = DIRECTION('',(0.,0.,1.));
#6151 = DIRECTION('',(1.,0.,-0.));
#6152 = PCURVE('',#1194,#6153);
#6153 = DEFINITIONAL_REPRESENTATION('',(#6154),#6158);
#6154 = LINE('',#6155,#6156);
#6155 = CARTESIAN_POINT('',(0.,0.));
#6156 = VECTOR('',#6157,1.);
#6157 = DIRECTION('',(1.,0.));
#6158 = ( GEOMETRIC_REPRESENTATION_CONTEXT(2) 
PARAMETRIC_REPRESENTATION_CONTEXT() REPRESENTATION_CONTEXT('2D SPACE',''
  ) );
#6159 = PCURVE('',#6160,#6165);
#6160 = PLANE('',#6161);
#6161 = AXIS2_PLACEMENT_3D('',#6162,#6163,#6164);
#6162 = CARTESIAN_POINT('',(109.,0.,-6.));
#6163 = DIRECTION('',(0.,0.,1.));
#6164 = DIRECTION('',(1.,0.,-0.));
#6165 = DEFINITIONAL_REPRESENTATION('',(#6166),#6170);
#6166 = CIRCLE('',#6167,4.96);
#6167 = AXIS2_PLACEMENT_2D('',#6168,#6169);
#6168 = CARTESIAN_POINT('',(0.,0.));
#6169 = DIRECTION('',(1.,0.));
#6170 = ( GEOMETRIC_REPRESENTATION_CONTEXT(2) 
PARAMETRIC_REPRESENTATION_CONTEXT() REPRESENTATION_CONTEXT('2D SPACE',''
  ) );
#6171 = ORIENTED_EDGE('',*,*,#6122,.T.);
#6172 = ORIENTED_EDGE('',*,*,#6173,.T.);
#6173 = EDGE_CURVE('',#6100,#1150,#6174,.T.);
#6174 = SURFACE_CURVE('',#6175,(#6180,#6186),.PCURVE_S1.);
#6175 = CIRCLE('',#6176,8.);
#6176 = AXIS2_PLACEMENT_3D('',#6177,#6178,#6179);
#6177 = CARTESIAN_POINT('',(109.,0.,0.));
#6178 = DIRECTION('',(0.,0.,-1.));
#6179 = DIRECTION('',(-0.108343538931,0.994113513424,0.));
#6180 = PCURVE('',#1194,#6181);
#6181 = DEFINITIONAL_REPRESENTATION('',(#6182),#6185);
#6182 = B_SPLINE_CURVE_WITH_KNOTS('',1,(#6183,#6184),.UNSPECIFIED.,.F.,
  .F.,(2,2),(1.679352955145,3.35870591029),.PIECEWISE_BEZIER_KNOTS.);
#6183 = CARTESIAN_POINT('',(6.28318530718,6.));
#6184 = CARTESIAN_POINT('',(4.603832352034,6.));
#6185 = ( GEOMETRIC_REPRESENTATION_CONTEXT(2) 
PARAMETRIC_REPRESENTATION_CONTEXT() REPRESENTATION_CONTEXT('2D SPACE',''
  ) );
#6186 = PCURVE('',#6035,#6187);
#6187 = DEFINITIONAL_REPRESENTATION('',(#6188),#6192);
#6188 = LINE('',#6189,#6190);
#6189 = CARTESIAN_POINT('',(7.962538262325,0.));
#6190 = VECTOR('',#6191,1.);
#6191 = DIRECTION('',(-1.,-0.));
#6192 = ( GEOMETRIC_REPRESENTATION_CONTEXT(2) 
PARAMETRIC_REPRESENTATION_CONTEXT() REPRESENTATION_CONTEXT('2D SPACE',''
  ) );
#6193 = ADVANCED_FACE('',(#6194),#997,.F.);
#6194 = FACE_BOUND('',#6195,.F.);
#6195 = EDGE_LOOP('',(#6196,#6197,#6198,#6221));
#6196 = ORIENTED_EDGE('',*,*,#981,.F.);
#6197 = ORIENTED_EDGE('',*,*,#6051,.T.);
#6198 = ORIENTED_EDGE('',*,*,#6199,.T.);
#6199 = EDGE_CURVE('',#6052,#6200,#6202,.T.);
#6200 = VERTEX_POINT('',#6201);
#6201 = CARTESIAN_POINT('',(90.823333333333,-7.456252258012,11.));
#6202 = SURFACE_CURVE('',#6203,(#6207,#6214),.PCURVE_S1.);
#6203 = LINE('',#6204,#6205);
#6204 = CARTESIAN_POINT('',(84.767777777778,-7.456252258012,11.));
#6205 = VECTOR('',#6206,1.);
#6206 = DIRECTION('',(1.,0.,-0.));
#6207 = PCURVE('',#997,#6208);
#6208 = DEFINITIONAL_REPRESENTATION('',(#6209),#6213);
#6209 = LINE('',#6210,#6211);
#6210 = CARTESIAN_POINT('',(11.,0.));
#6211 = VECTOR('',#6212,1.);
#6212 = DIRECTION('',(0.,1.));
#6213 = ( GEOMETRIC_REPRESENTATION_CONTEXT(2) 
PARAMETRIC_REPRESENTATION_CONTEXT() REPRESENTATION_CONTEXT('2D SPACE',''
  ) );
#6214 = PCURVE('',#3264,#6215);
#6215 = DEFINITIONAL_REPRESENTATION('',(#6216),#6220);
#6216 = LINE('',#6217,#6218);
#6217 = CARTESIAN_POINT('',(84.777777777778,5.345136630877));
#6218 = VECTOR('',#6219,1.);
#6219 = DIRECTION('',(1.,0.));
#6220 = ( GEOMETRIC_REPRESENTATION_CONTEXT(2) 
PARAMETRIC_REPRESENTATION_CONTEXT() REPRESENTATION_CONTEXT('2D SPACE',''
  ) );
#6221 = ORIENTED_EDGE('',*,*,#6222,.F.);
#6222 = EDGE_CURVE('',#982,#6200,#6223,.T.);
#6223 = SURFACE_CURVE('',#6224,(#6228,#6235),.PCURVE_S1.);
#6224 = LINE('',#6225,#6226);
#6225 = CARTESIAN_POINT('',(90.823333333333,-7.456252258012,0.));
#6226 = VECTOR('',#6227,1.);
#6227 = DIRECTION('',(0.,0.,1.));
#6228 = PCURVE('',#997,#6229);
#6229 = DEFINITIONAL_REPRESENTATION('',(#6230),#6234);
#6230 = LINE('',#6231,#6232);
#6231 = CARTESIAN_POINT('',(0.,6.055555555556));
#6232 = VECTOR('',#6233,1.);
#6233 = DIRECTION('',(1.,0.));
#6234 = ( GEOMETRIC_REPRESENTATION_CONTEXT(2) 
PARAMETRIC_REPRESENTATION_CONTEXT() REPRESENTATION_CONTEXT('2D SPACE',''
  ) );
#6235 = PCURVE('',#1025,#6236);
#6236 = DEFINITIONAL_REPRESENTATION('',(#6237),#6241);
#6237 = LINE('',#6238,#6239);
#6238 = CARTESIAN_POINT('',(0.,-2.943265338956E-02));
#6239 = VECTOR('',#6240,1.);
#6240 = DIRECTION('',(1.,0.));
#6241 = ( GEOMETRIC_REPRESENTATION_CONTEXT(2) 
PARAMETRIC_REPRESENTATION_CONTEXT() REPRESENTATION_CONTEXT('2D SPACE',''
  ) );
#6242 = ADVANCED_FACE('',(#6243),#1165,.F.);
#6243 = FACE_BOUND('',#6244,.F.);
#6244 = EDGE_LOOP('',(#6245,#6246,#6269,#6292,#6320,#6342));
#6245 = ORIENTED_EDGE('',*,*,#1149,.F.);
#6246 = ORIENTED_EDGE('',*,*,#6247,.T.);
#6247 = EDGE_CURVE('',#1122,#6248,#6250,.T.);
#6248 = VERTEX_POINT('',#6249);
#6249 = CARTESIAN_POINT('',(102.93444444444,-7.952908107391,11.));
#6250 = SURFACE_CURVE('',#6251,(#6255,#6262),.PCURVE_S1.);
#6251 = LINE('',#6252,#6253);
#6252 = CARTESIAN_POINT('',(102.93444444444,-7.952908107391,0.));
#6253 = VECTOR('',#6254,1.);
#6254 = DIRECTION('',(0.,0.,1.));
#6255 = PCURVE('',#1165,#6256);
#6256 = DEFINITIONAL_REPRESENTATION('',(#6257),#6261);
#6257 = LINE('',#6258,#6259);
#6258 = CARTESIAN_POINT('',(0.,0.));
#6259 = VECTOR('',#6260,1.);
#6260 = DIRECTION('',(1.,0.));
#6261 = ( GEOMETRIC_REPRESENTATION_CONTEXT(2) 
PARAMETRIC_REPRESENTATION_CONTEXT() REPRESENTATION_CONTEXT('2D SPACE',''
  ) );
#6262 = PCURVE('',#1137,#6263);
#6263 = DEFINITIONAL_REPRESENTATION('',(#6264),#6268);
#6264 = LINE('',#6265,#6266);
#6265 = CARTESIAN_POINT('',(0.,0.));
#6266 = VECTOR('',#6267,1.);
#6267 = DIRECTION('',(1.,0.));
#6268 = ( GEOMETRIC_REPRESENTATION_CONTEXT(2) 
PARAMETRIC_REPRESENTATION_CONTEXT() REPRESENTATION_CONTEXT('2D SPACE',''
  ) );
#6269 = ORIENTED_EDGE('',*,*,#6270,.T.);
#6270 = EDGE_CURVE('',#6248,#6271,#6273,.T.);
#6271 = VERTEX_POINT('',#6272);
#6272 = CARTESIAN_POINT('',(109.01,-7.952908107391,11.));
#6273 = SURFACE_CURVE('',#6274,(#6278,#6285),.PCURVE_S1.);
#6274 = LINE('',#6275,#6276);
#6275 = CARTESIAN_POINT('',(102.93444444444,-7.952908107391,11.));
#6276 = VECTOR('',#6277,1.);
#6277 = DIRECTION('',(1.,0.,-0.));
#6278 = PCURVE('',#1165,#6279);
#6279 = DEFINITIONAL_REPRESENTATION('',(#6280),#6284);
#6280 = LINE('',#6281,#6282);
#6281 = CARTESIAN_POINT('',(11.,0.));
#6282 = VECTOR('',#6283,1.);
#6283 = DIRECTION('',(0.,1.));
#6284 = ( GEOMETRIC_REPRESENTATION_CONTEXT(2) 
PARAMETRIC_REPRESENTATION_CONTEXT() REPRESENTATION_CONTEXT('2D SPACE',''
  ) );
#6285 = PCURVE('',#3264,#6286);
#6286 = DEFINITIONAL_REPRESENTATION('',(#6287),#6291);
#6287 = LINE('',#6288,#6289);
#6288 = CARTESIAN_POINT('',(102.94444444444,4.848480781498));
#6289 = VECTOR('',#6290,1.);
#6290 = DIRECTION('',(1.,0.));
#6291 = ( GEOMETRIC_REPRESENTATION_CONTEXT(2) 
PARAMETRIC_REPRESENTATION_CONTEXT() REPRESENTATION_CONTEXT('2D SPACE',''
  ) );
#6292 = ORIENTED_EDGE('',*,*,#6293,.F.);
#6293 = EDGE_CURVE('',#6294,#6271,#6296,.T.);
#6294 = VERTEX_POINT('',#6295);
#6295 = CARTESIAN_POINT('',(109.01,-7.952908107391,5.));
#6296 = SURFACE_CURVE('',#6297,(#6301,#6308),.PCURVE_S1.);
#6297 = LINE('',#6298,#6299);
#6298 = CARTESIAN_POINT('',(109.01,-7.952908107391,0.));
#6299 = VECTOR('',#6300,1.);
#6300 = DIRECTION('',(0.,0.,1.));
#6301 = PCURVE('',#1165,#6302);
#6302 = DEFINITIONAL_REPRESENTATION('',(#6303),#6307);
#6303 = LINE('',#6304,#6305);
#6304 = CARTESIAN_POINT('',(0.,6.075555555556));
#6305 = VECTOR('',#6306,1.);
#6306 = DIRECTION('',(1.,0.));
#6307 = ( GEOMETRIC_REPRESENTATION_CONTEXT(2) 
PARAMETRIC_REPRESENTATION_CONTEXT() REPRESENTATION_CONTEXT('2D SPACE',''
  ) );
#6308 = PCURVE('',#6309,#6314);
#6309 = PLANE('',#6310);
#6310 = AXIS2_PLACEMENT_3D('',#6311,#6312,#6313);
#6311 = CARTESIAN_POINT('',(109.01,-7.952908107391,0.));
#6312 = DIRECTION('',(1.,0.,-0.));
#6313 = DIRECTION('',(0.,0.,1.));
#6314 = DEFINITIONAL_REPRESENTATION('',(#6315),#6319);
#6315 = LINE('',#6316,#6317);
#6316 = CARTESIAN_POINT('',(0.,0.));
#6317 = VECTOR('',#6318,1.);
#6318 = DIRECTION('',(1.,0.));
#6319 = ( GEOMETRIC_REPRESENTATION_CONTEXT(2) 
PARAMETRIC_REPRESENTATION_CONTEXT() REPRESENTATION_CONTEXT('2D SPACE',''
  ) );
#6320 = ORIENTED_EDGE('',*,*,#6321,.F.);
#6321 = EDGE_CURVE('',#6322,#6294,#6324,.T.);
#6322 = VERTEX_POINT('',#6323);
#6323 = CARTESIAN_POINT('',(108.13325168855,-7.952908107391,5.));
#6324 = SURFACE_CURVE('',#6325,(#6329,#6335),.PCURVE_S1.);
#6325 = LINE('',#6326,#6327);
#6326 = CARTESIAN_POINT('',(105.96722222222,-7.952908107391,5.));
#6327 = VECTOR('',#6328,1.);
#6328 = DIRECTION('',(1.,0.,-0.));
#6329 = PCURVE('',#1165,#6330);
#6330 = DEFINITIONAL_REPRESENTATION('',(#6331),#6334);
#6331 = B_SPLINE_CURVE_WITH_KNOTS('',1,(#6332,#6333),.UNSPECIFIED.,.F.,
  .F.,(2,2),(-3.032777777778,3.042777777778),.PIECEWISE_BEZIER_KNOTS.);
#6332 = CARTESIAN_POINT('',(5.,0.));
#6333 = CARTESIAN_POINT('',(5.,6.075555555556));
#6334 = ( GEOMETRIC_REPRESENTATION_CONTEXT(2) 
PARAMETRIC_REPRESENTATION_CONTEXT() REPRESENTATION_CONTEXT('2D SPACE',''
  ) );
#6335 = PCURVE('',#3013,#6336);
#6336 = DEFINITIONAL_REPRESENTATION('',(#6337),#6341);
#6337 = LINE('',#6338,#6339);
#6338 = CARTESIAN_POINT('',(-3.032777777778,-7.952908107391));
#6339 = VECTOR('',#6340,1.);
#6340 = DIRECTION('',(1.,0.));
#6341 = ( GEOMETRIC_REPRESENTATION_CONTEXT(2) 
PARAMETRIC_REPRESENTATION_CONTEXT() REPRESENTATION_CONTEXT('2D SPACE',''
  ) );
#6342 = ORIENTED_EDGE('',*,*,#6343,.F.);
#6343 = EDGE_CURVE('',#1150,#6322,#6344,.T.);
#6344 = SURFACE_CURVE('',#6345,(#6349,#6355),.PCURVE_S1.);
#6345 = LINE('',#6346,#6347);
#6346 = CARTESIAN_POINT('',(108.13325168855,-7.952908107391,0.));
#6347 = VECTOR('',#6348,1.);
#6348 = DIRECTION('',(0.,0.,1.));
#6349 = PCURVE('',#1165,#6350);
#6350 = DEFINITIONAL_REPRESENTATION('',(#6351),#6354);
#6351 = B_SPLINE_CURVE_WITH_KNOTS('',1,(#6352,#6353),.UNSPECIFIED.,.F.,
  .F.,(2,2),(-2.4E-06,5.0000024),.PIECEWISE_BEZIER_KNOTS.);
#6352 = CARTESIAN_POINT('',(-2.4E-06,5.19880724411));
#6353 = CARTESIAN_POINT('',(5.0000024,5.19880724411));
#6354 = ( GEOMETRIC_REPRESENTATION_CONTEXT(2) 
PARAMETRIC_REPRESENTATION_CONTEXT() REPRESENTATION_CONTEXT('2D SPACE',''
  ) );
#6355 = PCURVE('',#6035,#6356);
#6356 = DEFINITIONAL_REPRESENTATION('',(#6357),#6360);
#6357 = B_SPLINE_CURVE_WITH_KNOTS('',1,(#6358,#6359),.UNSPECIFIED.,.F.,
  .F.,(2,2),(0.,5.),.PIECEWISE_BEZIER_KNOTS.);
#6358 = CARTESIAN_POINT('',(4.603832352034,0.));
#6359 = CARTESIAN_POINT('',(4.603832352034,5.));
#6360 = ( GEOMETRIC_REPRESENTATION_CONTEXT(2) 
PARAMETRIC_REPRESENTATION_CONTEXT() REPRESENTATION_CONTEXT('2D SPACE',''
  ) );
#6361 = ADVANCED_FACE('',(#6362),#1025,.F.);
#6362 = FACE_BOUND('',#6363,.F.);
#6363 = EDGE_LOOP('',(#6364,#6365,#6388,#6409));
#6364 = ORIENTED_EDGE('',*,*,#6222,.T.);
#6365 = ORIENTED_EDGE('',*,*,#6366,.F.);
#6366 = EDGE_CURVE('',#6367,#6200,#6369,.T.);
#6367 = VERTEX_POINT('',#6368);
#6368 = CARTESIAN_POINT('',(90.823333333333,-7.485684911401,11.));
#6369 = SURFACE_CURVE('',#6370,(#6374,#6381),.PCURVE_S1.);
#6370 = LINE('',#6371,#6372);
#6371 = CARTESIAN_POINT('',(90.823333333333,-7.485684911401,11.));
#6372 = VECTOR('',#6373,1.);
#6373 = DIRECTION('',(-0.,1.,0.));
#6374 = PCURVE('',#1025,#6375);
#6375 = DEFINITIONAL_REPRESENTATION('',(#6376),#6380);
#6376 = LINE('',#6377,#6378);
#6377 = CARTESIAN_POINT('',(11.,0.));
#6378 = VECTOR('',#6379,1.);
#6379 = DIRECTION('',(0.,-1.));
#6380 = ( GEOMETRIC_REPRESENTATION_CONTEXT(2) 
PARAMETRIC_REPRESENTATION_CONTEXT() REPRESENTATION_CONTEXT('2D SPACE',''
  ) );
#6381 = PCURVE('',#3264,#6382);
#6382 = DEFINITIONAL_REPRESENTATION('',(#6383),#6387);
#6383 = LINE('',#6384,#6385);
#6384 = CARTESIAN_POINT('',(90.833333333333,5.315703977488));
#6385 = VECTOR('',#6386,1.);
#6386 = DIRECTION('',(0.,1.));
#6387 = ( GEOMETRIC_REPRESENTATION_CONTEXT(2) 
PARAMETRIC_REPRESENTATION_CONTEXT() REPRESENTATION_CONTEXT('2D SPACE',''
  ) );
#6388 = ORIENTED_EDGE('',*,*,#6389,.F.);
#6389 = EDGE_CURVE('',#1010,#6367,#6390,.T.);
#6390 = SURFACE_CURVE('',#6391,(#6395,#6402),.PCURVE_S1.);
#6391 = LINE('',#6392,#6393);
#6392 = CARTESIAN_POINT('',(90.823333333333,-7.485684911401,0.));
#6393 = VECTOR('',#6394,1.);
#6394 = DIRECTION('',(0.,0.,1.));
#6395 = PCURVE('',#1025,#6396);
#6396 = DEFINITIONAL_REPRESENTATION('',(#6397),#6401);
#6397 = LINE('',#6398,#6399);
#6398 = CARTESIAN_POINT('',(0.,0.));
#6399 = VECTOR('',#6400,1.);
#6400 = DIRECTION('',(1.,0.));
#6401 = ( GEOMETRIC_REPRESENTATION_CONTEXT(2) 
PARAMETRIC_REPRESENTATION_CONTEXT() REPRESENTATION_CONTEXT('2D SPACE',''
  ) );
#6402 = PCURVE('',#1053,#6403);
#6403 = DEFINITIONAL_REPRESENTATION('',(#6404),#6408);
#6404 = LINE('',#6405,#6406);
#6405 = CARTESIAN_POINT('',(0.,0.));
#6406 = VECTOR('',#6407,1.);
#6407 = DIRECTION('',(1.,0.));
#6408 = ( GEOMETRIC_REPRESENTATION_CONTEXT(2) 
PARAMETRIC_REPRESENTATION_CONTEXT() REPRESENTATION_CONTEXT('2D SPACE',''
  ) );
#6409 = ORIENTED_EDGE('',*,*,#1009,.T.);
#6410 = ADVANCED_FACE('',(#6411),#1137,.F.);
#6411 = FACE_BOUND('',#6412,.F.);
#6412 = EDGE_LOOP('',(#6413,#6436,#6457,#6458));
#6413 = ORIENTED_EDGE('',*,*,#6414,.T.);
#6414 = EDGE_CURVE('',#1094,#6415,#6417,.T.);
#6415 = VERTEX_POINT('',#6416);
#6416 = CARTESIAN_POINT('',(102.93444444444,-7.706861568358,11.));
#6417 = SURFACE_CURVE('',#6418,(#6422,#6429),.PCURVE_S1.);
#6418 = LINE('',#6419,#6420);
#6419 = CARTESIAN_POINT('',(102.93444444444,-7.706861568358,0.));
#6420 = VECTOR('',#6421,1.);
#6421 = DIRECTION('',(0.,0.,1.));
#6422 = PCURVE('',#1137,#6423);
#6423 = DEFINITIONAL_REPRESENTATION('',(#6424),#6428);
#6424 = LINE('',#6425,#6426);
#6425 = CARTESIAN_POINT('',(0.,-0.246046539033));
#6426 = VECTOR('',#6427,1.);
#6427 = DIRECTION('',(1.,0.));
#6428 = ( GEOMETRIC_REPRESENTATION_CONTEXT(2) 
PARAMETRIC_REPRESENTATION_CONTEXT() REPRESENTATION_CONTEXT('2D SPACE',''
  ) );
#6429 = PCURVE('',#1109,#6430);
#6430 = DEFINITIONAL_REPRESENTATION('',(#6431),#6435);
#6431 = LINE('',#6432,#6433);
#6432 = CARTESIAN_POINT('',(0.,6.055555555556));
#6433 = VECTOR('',#6434,1.);
#6434 = DIRECTION('',(1.,0.));
#6435 = ( GEOMETRIC_REPRESENTATION_CONTEXT(2) 
PARAMETRIC_REPRESENTATION_CONTEXT() REPRESENTATION_CONTEXT('2D SPACE',''
  ) );
#6436 = ORIENTED_EDGE('',*,*,#6437,.F.);
#6437 = EDGE_CURVE('',#6248,#6415,#6438,.T.);
#6438 = SURFACE_CURVE('',#6439,(#6443,#6450),.PCURVE_S1.);
#6439 = LINE('',#6440,#6441);
#6440 = CARTESIAN_POINT('',(102.93444444444,-7.952908107391,11.));
#6441 = VECTOR('',#6442,1.);
#6442 = DIRECTION('',(-0.,1.,0.));
#6443 = PCURVE('',#1137,#6444);
#6444 = DEFINITIONAL_REPRESENTATION('',(#6445),#6449);
#6445 = LINE('',#6446,#6447);
#6446 = CARTESIAN_POINT('',(11.,0.));
#6447 = VECTOR('',#6448,1.);
#6448 = DIRECTION('',(0.,-1.));
#6449 = ( GEOMETRIC_REPRESENTATION_CONTEXT(2) 
PARAMETRIC_REPRESENTATION_CONTEXT() REPRESENTATION_CONTEXT('2D SPACE',''
  ) );
#6450 = PCURVE('',#3264,#6451);
#6451 = DEFINITIONAL_REPRESENTATION('',(#6452),#6456);
#6452 = LINE('',#6453,#6454);
#6453 = CARTESIAN_POINT('',(102.94444444444,4.848480781498));
#6454 = VECTOR('',#6455,1.);
#6455 = DIRECTION('',(0.,1.));
#6456 = ( GEOMETRIC_REPRESENTATION_CONTEXT(2) 
PARAMETRIC_REPRESENTATION_CONTEXT() REPRESENTATION_CONTEXT('2D SPACE',''
  ) );
#6457 = ORIENTED_EDGE('',*,*,#6247,.F.);
#6458 = ORIENTED_EDGE('',*,*,#1121,.T.);
#6459 = ADVANCED_FACE('',(#6460),#1053,.F.);
#6460 = FACE_BOUND('',#6461,.F.);
#6461 = EDGE_LOOP('',(#6462,#6463,#6464,#6487));
#6462 = ORIENTED_EDGE('',*,*,#1037,.F.);
#6463 = ORIENTED_EDGE('',*,*,#6389,.T.);
#6464 = ORIENTED_EDGE('',*,*,#6465,.T.);
#6465 = EDGE_CURVE('',#6367,#6466,#6468,.T.);
#6466 = VERTEX_POINT('',#6467);
#6467 = CARTESIAN_POINT('',(96.878888888889,-7.485684911401,11.));
#6468 = SURFACE_CURVE('',#6469,(#6473,#6480),.PCURVE_S1.);
#6469 = LINE('',#6470,#6471);
#6470 = CARTESIAN_POINT('',(90.823333333333,-7.485684911401,11.));
#6471 = VECTOR('',#6472,1.);
#6472 = DIRECTION('',(1.,0.,-0.));
#6473 = PCURVE('',#1053,#6474);
#6474 = DEFINITIONAL_REPRESENTATION('',(#6475),#6479);
#6475 = LINE('',#6476,#6477);
#6476 = CARTESIAN_POINT('',(11.,0.));
#6477 = VECTOR('',#6478,1.);
#6478 = DIRECTION('',(0.,1.));
#6479 = ( GEOMETRIC_REPRESENTATION_CONTEXT(2) 
PARAMETRIC_REPRESENTATION_CONTEXT() REPRESENTATION_CONTEXT('2D SPACE',''
  ) );
#6480 = PCURVE('',#3264,#6481);
#6481 = DEFINITIONAL_REPRESENTATION('',(#6482),#6486);
#6482 = LINE('',#6483,#6484);
#6483 = CARTESIAN_POINT('',(90.833333333333,5.315703977488));
#6484 = VECTOR('',#6485,1.);
#6485 = DIRECTION('',(1.,0.));
#6486 = ( GEOMETRIC_REPRESENTATION_CONTEXT(2) 
PARAMETRIC_REPRESENTATION_CONTEXT() REPRESENTATION_CONTEXT('2D SPACE',''
  ) );
#6487 = ORIENTED_EDGE('',*,*,#6488,.F.);
#6488 = EDGE_CURVE('',#1038,#6466,#6489,.T.);
#6489 = SURFACE_CURVE('',#6490,(#6494,#6501),.PCURVE_S1.);
#6490 = LINE('',#6491,#6492);
#6491 = CARTESIAN_POINT('',(96.878888888889,-7.485684911401,0.));
#6492 = VECTOR('',#6493,1.);
#6493 = DIRECTION('',(0.,0.,1.));
#6494 = PCURVE('',#1053,#6495);
#6495 = DEFINITIONAL_REPRESENTATION('',(#6496),#6500);
#6496 = LINE('',#6497,#6498);
#6497 = CARTESIAN_POINT('',(0.,6.055555555556));
#6498 = VECTOR('',#6499,1.);
#6499 = DIRECTION('',(1.,0.));
#6500 = ( GEOMETRIC_REPRESENTATION_CONTEXT(2) 
PARAMETRIC_REPRESENTATION_CONTEXT() REPRESENTATION_CONTEXT('2D SPACE',''
  ) );
#6501 = PCURVE('',#1081,#6502);
#6502 = DEFINITIONAL_REPRESENTATION('',(#6503),#6507);
#6503 = LINE('',#6504,#6505);
#6504 = CARTESIAN_POINT('',(0.,-0.221176656957));
#6505 = VECTOR('',#6506,1.);
#6506 = DIRECTION('',(1.,0.));
#6507 = ( GEOMETRIC_REPRESENTATION_CONTEXT(2) 
PARAMETRIC_REPRESENTATION_CONTEXT() REPRESENTATION_CONTEXT('2D SPACE',''
  ) );
#6508 = ADVANCED_FACE('',(#6509),#1109,.F.);
#6509 = FACE_BOUND('',#6510,.F.);
#6510 = EDGE_LOOP('',(#6511,#6512,#6535,#6556));
#6511 = ORIENTED_EDGE('',*,*,#1093,.F.);
#6512 = ORIENTED_EDGE('',*,*,#6513,.T.);
#6513 = EDGE_CURVE('',#1066,#6514,#6516,.T.);
#6514 = VERTEX_POINT('',#6515);
#6515 = CARTESIAN_POINT('',(96.878888888889,-7.706861568358,11.));
#6516 = SURFACE_CURVE('',#6517,(#6521,#6528),.PCURVE_S1.);
#6517 = LINE('',#6518,#6519);
#6518 = CARTESIAN_POINT('',(96.878888888889,-7.706861568358,0.));
#6519 = VECTOR('',#6520,1.);
#6520 = DIRECTION('',(0.,0.,1.));
#6521 = PCURVE('',#1109,#6522);
#6522 = DEFINITIONAL_REPRESENTATION('',(#6523),#6527);
#6523 = LINE('',#6524,#6525);
#6524 = CARTESIAN_POINT('',(0.,0.));
#6525 = VECTOR('',#6526,1.);
#6526 = DIRECTION('',(1.,0.));
#6527 = ( GEOMETRIC_REPRESENTATION_CONTEXT(2) 
PARAMETRIC_REPRESENTATION_CONTEXT() REPRESENTATION_CONTEXT('2D SPACE',''
  ) );
#6528 = PCURVE('',#1081,#6529);
#6529 = DEFINITIONAL_REPRESENTATION('',(#6530),#6534);
#6530 = LINE('',#6531,#6532);
#6531 = CARTESIAN_POINT('',(0.,0.));
#6532 = VECTOR('',#6533,1.);
#6533 = DIRECTION('',(1.,0.));
#6534 = ( GEOMETRIC_REPRESENTATION_CONTEXT(2) 
PARAMETRIC_REPRESENTATION_CONTEXT() REPRESENTATION_CONTEXT('2D SPACE',''
  ) );
#6535 = ORIENTED_EDGE('',*,*,#6536,.T.);
#6536 = EDGE_CURVE('',#6514,#6415,#6537,.T.);
#6537 = SURFACE_CURVE('',#6538,(#6542,#6549),.PCURVE_S1.);
#6538 = LINE('',#6539,#6540);
#6539 = CARTESIAN_POINT('',(96.878888888889,-7.706861568358,11.));
#6540 = VECTOR('',#6541,1.);
#6541 = DIRECTION('',(1.,0.,-0.));
#6542 = PCURVE('',#1109,#6543);
#6543 = DEFINITIONAL_REPRESENTATION('',(#6544),#6548);
#6544 = LINE('',#6545,#6546);
#6545 = CARTESIAN_POINT('',(11.,0.));
#6546 = VECTOR('',#6547,1.);
#6547 = DIRECTION('',(0.,1.));
#6548 = ( GEOMETRIC_REPRESENTATION_CONTEXT(2) 
PARAMETRIC_REPRESENTATION_CONTEXT() REPRESENTATION_CONTEXT('2D SPACE',''
  ) );
#6549 = PCURVE('',#3264,#6550);
#6550 = DEFINITIONAL_REPRESENTATION('',(#6551),#6555);
#6551 = LINE('',#6552,#6553);
#6552 = CARTESIAN_POINT('',(96.888888888889,5.09452732053));
#6553 = VECTOR('',#6554,1.);
#6554 = DIRECTION('',(1.,0.));
#6555 = ( GEOMETRIC_REPRESENTATION_CONTEXT(2) 
PARAMETRIC_REPRESENTATION_CONTEXT() REPRESENTATION_CONTEXT('2D SPACE',''
  ) );
#6556 = ORIENTED_EDGE('',*,*,#6414,.F.);
#6557 = ADVANCED_FACE('',(#6558),#1081,.F.);
#6558 = FACE_BOUND('',#6559,.F.);
#6559 = EDGE_LOOP('',(#6560,#6561,#6582,#6583));
#6560 = ORIENTED_EDGE('',*,*,#6488,.T.);
#6561 = ORIENTED_EDGE('',*,*,#6562,.F.);
#6562 = EDGE_CURVE('',#6514,#6466,#6563,.T.);
#6563 = SURFACE_CURVE('',#6564,(#6568,#6575),.PCURVE_S1.);
#6564 = LINE('',#6565,#6566);
#6565 = CARTESIAN_POINT('',(96.878888888889,-7.706861568358,11.));
#6566 = VECTOR('',#6567,1.);
#6567 = DIRECTION('',(-0.,1.,0.));
#6568 = PCURVE('',#1081,#6569);
#6569 = DEFINITIONAL_REPRESENTATION('',(#6570),#6574);
#6570 = LINE('',#6571,#6572);
#6571 = CARTESIAN_POINT('',(11.,0.));
#6572 = VECTOR('',#6573,1.);
#6573 = DIRECTION('',(0.,-1.));
#6574 = ( GEOMETRIC_REPRESENTATION_CONTEXT(2) 
PARAMETRIC_REPRESENTATION_CONTEXT() REPRESENTATION_CONTEXT('2D SPACE',''
  ) );
#6575 = PCURVE('',#3264,#6576);
#6576 = DEFINITIONAL_REPRESENTATION('',(#6577),#6581);
#6577 = LINE('',#6578,#6579);
#6578 = CARTESIAN_POINT('',(96.888888888889,5.09452732053));
#6579 = VECTOR('',#6580,1.);
#6580 = DIRECTION('',(0.,1.));
#6581 = ( GEOMETRIC_REPRESENTATION_CONTEXT(2) 
PARAMETRIC_REPRESENTATION_CONTEXT() REPRESENTATION_CONTEXT('2D SPACE',''
  ) );
#6582 = ORIENTED_EDGE('',*,*,#6513,.F.);
#6583 = ORIENTED_EDGE('',*,*,#1065,.T.);
#6584 = ADVANCED_FACE('',(#6585),#2119,.F.);
#6585 = FACE_BOUND('',#6586,.F.);
#6586 = EDGE_LOOP('',(#6587,#6611,#6632,#6633));
#6587 = ORIENTED_EDGE('',*,*,#6588,.F.);
#6588 = EDGE_CURVE('',#6589,#6589,#6591,.T.);
#6589 = VERTEX_POINT('',#6590);
#6590 = CARTESIAN_POINT('',(1.1,-7.,5.));
#6591 = SURFACE_CURVE('',#6592,(#6597,#6604),.PCURVE_S1.);
#6592 = CIRCLE('',#6593,1.1);
#6593 = AXIS2_PLACEMENT_3D('',#6594,#6595,#6596);
#6594 = CARTESIAN_POINT('',(-1.285879139105E-15,-7.,5.));
#6595 = DIRECTION('',(0.,0.,1.));
#6596 = DIRECTION('',(1.,0.,-0.));
#6597 = PCURVE('',#2119,#6598);
#6598 = DEFINITIONAL_REPRESENTATION('',(#6599),#6603);
#6599 = LINE('',#6600,#6601);
#6600 = CARTESIAN_POINT('',(0.,65.));
#6601 = VECTOR('',#6602,1.);
#6602 = DIRECTION('',(1.,0.));
#6603 = ( GEOMETRIC_REPRESENTATION_CONTEXT(2) 
PARAMETRIC_REPRESENTATION_CONTEXT() REPRESENTATION_CONTEXT('2D SPACE',''
  ) );
#6604 = PCURVE('',#3013,#6605);
#6605 = DEFINITIONAL_REPRESENTATION('',(#6606),#6610);
#6606 = CIRCLE('',#6607,1.1);
#6607 = AXIS2_PLACEMENT_2D('',#6608,#6609);
#6608 = CARTESIAN_POINT('',(-109.,-7.));
#6609 = DIRECTION('',(1.,0.));
#6610 = ( GEOMETRIC_REPRESENTATION_CONTEXT(2) 
PARAMETRIC_REPRESENTATION_CONTEXT() REPRESENTATION_CONTEXT('2D SPACE',''
  ) );
#6611 = ORIENTED_EDGE('',*,*,#6612,.F.);
#6612 = EDGE_CURVE('',#2103,#6589,#6613,.T.);
#6613 = SEAM_CURVE('',#6614,(#6618,#6625),.PCURVE_S1.);
#6614 = LINE('',#6615,#6616);
#6615 = CARTESIAN_POINT('',(1.1,-7.,-60.));
#6616 = VECTOR('',#6617,1.);
#6617 = DIRECTION('',(0.,0.,1.));
#6618 = PCURVE('',#2119,#6619);
#6619 = DEFINITIONAL_REPRESENTATION('',(#6620),#6624);
#6620 = LINE('',#6621,#6622);
#6621 = CARTESIAN_POINT('',(6.28318530718,-0.));
#6622 = VECTOR('',#6623,1.);
#6623 = DIRECTION('',(0.,1.));
#6624 = ( GEOMETRIC_REPRESENTATION_CONTEXT(2) 
PARAMETRIC_REPRESENTATION_CONTEXT() REPRESENTATION_CONTEXT('2D SPACE',''
  ) );
#6625 = PCURVE('',#2119,#6626);
#6626 = DEFINITIONAL_REPRESENTATION('',(#6627),#6631);
#6627 = LINE('',#6628,#6629);
#6628 = CARTESIAN_POINT('',(0.,-0.));
#6629 = VECTOR('',#6630,1.);
#6630 = DIRECTION('',(0.,1.));
#6631 = ( GEOMETRIC_REPRESENTATION_CONTEXT(2) 
PARAMETRIC_REPRESENTATION_CONTEXT() REPRESENTATION_CONTEXT('2D SPACE',''
  ) );
#6632 = ORIENTED_EDGE('',*,*,#2102,.T.);
#6633 = ORIENTED_EDGE('',*,*,#6612,.T.);
#6634 = ADVANCED_FACE('',(#6635),#2151,.T.);
#6635 = FACE_BOUND('',#6636,.T.);
#6636 = EDGE_LOOP('',(#6637,#6638,#6661,#6683));
#6637 = ORIENTED_EDGE('',*,*,#2133,.T.);
#6638 = ORIENTED_EDGE('',*,*,#6639,.T.);
#6639 = EDGE_CURVE('',#2136,#6640,#6642,.T.);
#6640 = VERTEX_POINT('',#6641);
#6641 = CARTESIAN_POINT('',(40.113333333333,-6.368712538226,5.));
#6642 = SURFACE_CURVE('',#6643,(#6647,#6654),.PCURVE_S1.);
#6643 = LINE('',#6644,#6645);
#6644 = CARTESIAN_POINT('',(40.113333333333,-6.368712538226,-60.));
#6645 = VECTOR('',#6646,1.);
#6646 = DIRECTION('',(0.,0.,1.));
#6647 = PCURVE('',#2151,#6648);
#6648 = DEFINITIONAL_REPRESENTATION('',(#6649),#6653);
#6649 = LINE('',#6650,#6651);
#6650 = CARTESIAN_POINT('',(0.,0.));
#6651 = VECTOR('',#6652,1.);
#6652 = DIRECTION('',(0.,-1.));
#6653 = ( GEOMETRIC_REPRESENTATION_CONTEXT(2) 
PARAMETRIC_REPRESENTATION_CONTEXT() REPRESENTATION_CONTEXT('2D SPACE',''
  ) );
#6654 = PCURVE('',#2178,#6655);
#6655 = DEFINITIONAL_REPRESENTATION('',(#6656),#6660);
#6656 = LINE('',#6657,#6658);
#6657 = CARTESIAN_POINT('',(9.3767753587,0.));
#6658 = VECTOR('',#6659,1.);
#6659 = DIRECTION('',(0.,-1.));
#6660 = ( GEOMETRIC_REPRESENTATION_CONTEXT(2) 
PARAMETRIC_REPRESENTATION_CONTEXT() REPRESENTATION_CONTEXT('2D SPACE',''
  ) );
#6661 = ORIENTED_EDGE('',*,*,#6662,.F.);
#6662 = EDGE_CURVE('',#6663,#6640,#6665,.T.);
#6663 = VERTEX_POINT('',#6664);
#6664 = CARTESIAN_POINT('',(35.435,6.675594036697,5.));
#6665 = SURFACE_CURVE('',#6666,(#6670,#6676),.PCURVE_S1.);
#6666 = LINE('',#6667,#6668);
#6667 = CARTESIAN_POINT('',(43.944889599519,-17.05200315351,5.));
#6668 = VECTOR('',#6669,1.);
#6669 = DIRECTION('',(0.33759381429,-0.941291887011,0.));
#6670 = PCURVE('',#2151,#6671);
#6671 = DEFINITIONAL_REPRESENTATION('',(#6672),#6675);
#6672 = B_SPLINE_CURVE_WITH_KNOTS('',1,(#6673,#6674),.UNSPECIFIED.,.F.,
  .F.,(2,2),(-25.2074808225,-11.34960447732),.PIECEWISE_BEZIER_KNOTS.);
#6673 = CARTESIAN_POINT('',(13.857876345183,-65.));
#6674 = CARTESIAN_POINT('',(0.,-65.));
#6675 = ( GEOMETRIC_REPRESENTATION_CONTEXT(2) 
PARAMETRIC_REPRESENTATION_CONTEXT() REPRESENTATION_CONTEXT('2D SPACE',''
  ) );
#6676 = PCURVE('',#3013,#6677);
#6677 = DEFINITIONAL_REPRESENTATION('',(#6678),#6682);
#6678 = LINE('',#6679,#6680);
#6679 = CARTESIAN_POINT('',(-65.05511040048,-17.05200315351));
#6680 = VECTOR('',#6681,1.);
#6681 = DIRECTION('',(0.33759381429,-0.941291887011));
#6682 = ( GEOMETRIC_REPRESENTATION_CONTEXT(2) 
PARAMETRIC_REPRESENTATION_CONTEXT() REPRESENTATION_CONTEXT('2D SPACE',''
  ) );
#6683 = ORIENTED_EDGE('',*,*,#6684,.F.);
#6684 = EDGE_CURVE('',#2134,#6663,#6685,.T.);
#6685 = SURFACE_CURVE('',#6686,(#6690,#6697),.PCURVE_S1.);
#6686 = LINE('',#6687,#6688);
#6687 = CARTESIAN_POINT('',(35.435,6.675594036697,-60.));
#6688 = VECTOR('',#6689,1.);
#6689 = DIRECTION('',(0.,0.,1.));
#6690 = PCURVE('',#2151,#6691);
#6691 = DEFINITIONAL_REPRESENTATION('',(#6692),#6696);
#6692 = LINE('',#6693,#6694);
#6693 = CARTESIAN_POINT('',(13.857876345183,0.));
#6694 = VECTOR('',#6695,1.);
#6695 = DIRECTION('',(0.,-1.));
#6696 = ( GEOMETRIC_REPRESENTATION_CONTEXT(2) 
PARAMETRIC_REPRESENTATION_CONTEXT() REPRESENTATION_CONTEXT('2D SPACE',''
  ) );
#6697 = PCURVE('',#2203,#6698);
#6698 = DEFINITIONAL_REPRESENTATION('',(#6699),#6703);
#6699 = LINE('',#6700,#6701);
#6700 = CARTESIAN_POINT('',(0.,0.));
#6701 = VECTOR('',#6702,1.);
#6702 = DIRECTION('',(0.,-1.));
#6703 = ( GEOMETRIC_REPRESENTATION_CONTEXT(2) 
PARAMETRIC_REPRESENTATION_CONTEXT() REPRESENTATION_CONTEXT('2D SPACE',''
  ) );
#6704 = ADVANCED_FACE('',(#6705),#2203,.T.);
#6705 = FACE_BOUND('',#6706,.T.);
#6706 = EDGE_LOOP('',(#6707,#6708,#6709,#6731));
#6707 = ORIENTED_EDGE('',*,*,#2189,.T.);
#6708 = ORIENTED_EDGE('',*,*,#6684,.T.);
#6709 = ORIENTED_EDGE('',*,*,#6710,.F.);
#6710 = EDGE_CURVE('',#6711,#6663,#6713,.T.);
#6711 = VERTEX_POINT('',#6712);
#6712 = CARTESIAN_POINT('',(30.756666666667,-6.982475535168,5.));
#6713 = SURFACE_CURVE('',#6714,(#6718,#6724),.PCURVE_S1.);
#6714 = LINE('',#6715,#6716);
#6715 = CARTESIAN_POINT('',(36.73670911494,10.475843481837,5.));
#6716 = VECTOR('',#6717,1.);
#6717 = DIRECTION('',(0.32404952911,0.946040116847,-0.));
#6718 = PCURVE('',#2203,#6719);
#6719 = DEFINITIONAL_REPRESENTATION('',(#6720),#6723);
#6720 = B_SPLINE_CURVE_WITH_KNOTS('',1,(#6721,#6722),.UNSPECIFIED.,.F.,
  .F.,(2,2),(-18.45410010221,-4.017006654862),.PIECEWISE_BEZIER_KNOTS.);
#6721 = CARTESIAN_POINT('',(14.437093447356,-65.));
#6722 = CARTESIAN_POINT('',(0.,-65.));
#6723 = ( GEOMETRIC_REPRESENTATION_CONTEXT(2) 
PARAMETRIC_REPRESENTATION_CONTEXT() REPRESENTATION_CONTEXT('2D SPACE',''
  ) );
#6724 = PCURVE('',#3013,#6725);
#6725 = DEFINITIONAL_REPRESENTATION('',(#6726),#6730);
#6726 = LINE('',#6727,#6728);
#6727 = CARTESIAN_POINT('',(-72.26329088506,10.475843481837));
#6728 = VECTOR('',#6729,1.);
#6729 = DIRECTION('',(0.32404952911,0.946040116847));
#6730 = ( GEOMETRIC_REPRESENTATION_CONTEXT(2) 
PARAMETRIC_REPRESENTATION_CONTEXT() REPRESENTATION_CONTEXT('2D SPACE',''
  ) );
#6731 = ORIENTED_EDGE('',*,*,#6732,.F.);
#6732 = EDGE_CURVE('',#2163,#6711,#6733,.T.);
#6733 = SURFACE_CURVE('',#6734,(#6738,#6745),.PCURVE_S1.);
#6734 = LINE('',#6735,#6736);
#6735 = CARTESIAN_POINT('',(30.756666666667,-6.982475535168,-60.));
#6736 = VECTOR('',#6737,1.);
#6737 = DIRECTION('',(0.,0.,1.));
#6738 = PCURVE('',#2203,#6739);
#6739 = DEFINITIONAL_REPRESENTATION('',(#6740),#6744);
#6740 = LINE('',#6741,#6742);
#6741 = CARTESIAN_POINT('',(14.437093447356,0.));
#6742 = VECTOR('',#6743,1.);
#6743 = DIRECTION('',(0.,-1.));
#6744 = ( GEOMETRIC_REPRESENTATION_CONTEXT(2) 
PARAMETRIC_REPRESENTATION_CONTEXT() REPRESENTATION_CONTEXT('2D SPACE',''
  ) );
#6745 = PCURVE('',#2178,#6746);
#6746 = DEFINITIONAL_REPRESENTATION('',(#6747),#6751);
#6747 = LINE('',#6748,#6749);
#6748 = CARTESIAN_POINT('',(0.,0.));
#6749 = VECTOR('',#6750,1.);
#6750 = DIRECTION('',(0.,-1.));
#6751 = ( GEOMETRIC_REPRESENTATION_CONTEXT(2) 
PARAMETRIC_REPRESENTATION_CONTEXT() REPRESENTATION_CONTEXT('2D SPACE',''
  ) );
#6752 = ADVANCED_FACE('',(#6753),#2178,.T.);
#6753 = FACE_BOUND('',#6754,.T.);
#6754 = EDGE_LOOP('',(#6755,#6756,#6757,#6777));
#6755 = ORIENTED_EDGE('',*,*,#2162,.T.);
#6756 = ORIENTED_EDGE('',*,*,#6732,.T.);
#6757 = ORIENTED_EDGE('',*,*,#6758,.F.);
#6758 = EDGE_CURVE('',#6640,#6711,#6759,.T.);
#6759 = SURFACE_CURVE('',#6760,(#6764,#6770),.PCURVE_S1.);
#6760 = LINE('',#6761,#6762);
#6761 = CARTESIAN_POINT('',(66.659242723551,-4.627398298409,5.));
#6762 = VECTOR('',#6763,1.);
#6763 = DIRECTION('',(-0.997855478961,-6.545565756488E-02,0.));
#6764 = PCURVE('',#2178,#6765);
#6765 = DEFINITIONAL_REPRESENTATION('',(#6766),#6769);
#6766 = B_SPLINE_CURVE_WITH_KNOTS('',1,(#6767,#6768),.UNSPECIFIED.,.F.,
  .F.,(2,2),(26.602959997629,35.979735356329),.PIECEWISE_BEZIER_KNOTS.);
#6767 = CARTESIAN_POINT('',(9.3767753587,-65.));
#6768 = CARTESIAN_POINT('',(0.,-65.));
#6769 = ( GEOMETRIC_REPRESENTATION_CONTEXT(2) 
PARAMETRIC_REPRESENTATION_CONTEXT() REPRESENTATION_CONTEXT('2D SPACE',''
  ) );
#6770 = PCURVE('',#3013,#6771);
#6771 = DEFINITIONAL_REPRESENTATION('',(#6772),#6776);
#6772 = LINE('',#6773,#6774);
#6773 = CARTESIAN_POINT('',(-42.34075727644,-4.627398298409));
#6774 = VECTOR('',#6775,1.);
#6775 = DIRECTION('',(-0.997855478961,-6.545565756488E-02));
#6776 = ( GEOMETRIC_REPRESENTATION_CONTEXT(2) 
PARAMETRIC_REPRESENTATION_CONTEXT() REPRESENTATION_CONTEXT('2D SPACE',''
  ) );
#6777 = ORIENTED_EDGE('',*,*,#6639,.F.);
#6778 = ADVANCED_FACE('',(#6779),#2234,.T.);
#6779 = FACE_BOUND('',#6780,.T.);
#6780 = EDGE_LOOP('',(#6781,#6782,#6805,#6827));
#6781 = ORIENTED_EDGE('',*,*,#2216,.T.);
#6782 = ORIENTED_EDGE('',*,*,#6783,.T.);
#6783 = EDGE_CURVE('',#2219,#6784,#6786,.T.);
#6784 = VERTEX_POINT('',#6785);
#6785 = CARTESIAN_POINT('',(66.026666666667,-4.668892966361,5.));
#6786 = SURFACE_CURVE('',#6787,(#6791,#6798),.PCURVE_S1.);
#6787 = LINE('',#6788,#6789);
#6788 = CARTESIAN_POINT('',(66.026666666667,-4.668892966361,-60.));
#6789 = VECTOR('',#6790,1.);
#6790 = DIRECTION('',(0.,0.,1.));
#6791 = PCURVE('',#2234,#6792);
#6792 = DEFINITIONAL_REPRESENTATION('',(#6793),#6797);
#6793 = LINE('',#6794,#6795);
#6794 = CARTESIAN_POINT('',(0.,0.));
#6795 = VECTOR('',#6796,1.);
#6796 = DIRECTION('',(0.,-1.));
#6797 = ( GEOMETRIC_REPRESENTATION_CONTEXT(2) 
PARAMETRIC_REPRESENTATION_CONTEXT() REPRESENTATION_CONTEXT('2D SPACE',''
  ) );
#6798 = PCURVE('',#2261,#6799);
#6799 = DEFINITIONAL_REPRESENTATION('',(#6800),#6804);
#6800 = LINE('',#6801,#6802);
#6801 = CARTESIAN_POINT('',(9.3767753587,0.));
#6802 = VECTOR('',#6803,1.);
#6803 = DIRECTION('',(0.,-1.));
#6804 = ( GEOMETRIC_REPRESENTATION_CONTEXT(2) 
PARAMETRIC_REPRESENTATION_CONTEXT() REPRESENTATION_CONTEXT('2D SPACE',''
  ) );
#6805 = ORIENTED_EDGE('',*,*,#6806,.F.);
#6806 = EDGE_CURVE('',#6807,#6784,#6809,.T.);
#6807 = VERTEX_POINT('',#6808);
#6808 = CARTESIAN_POINT('',(61.348333333333,4.975774464832,5.));
#6809 = SURFACE_CURVE('',#6810,(#6814,#6820),.PCURVE_S1.);
#6810 = LINE('',#6811,#6812);
#6811 = CARTESIAN_POINT('',(70.186448427604,-13.2445349337,5.));
#6812 = VECTOR('',#6813,1.);
#6813 = DIRECTION('',(0.436434454803,-0.899736053885,0.));
#6814 = PCURVE('',#2234,#6815);
#6815 = DEFINITIONAL_REPRESENTATION('',(#6816),#6819);
#6816 = B_SPLINE_CURVE_WITH_KNOTS('',1,(#6817,#6818),.UNSPECIFIED.,.F.,
  .F.,(2,2),(-20.25072722146,-9.531286348168),.PIECEWISE_BEZIER_KNOTS.);
#6817 = CARTESIAN_POINT('',(10.719440873296,-65.));
#6818 = CARTESIAN_POINT('',(0.,-65.));
#6819 = ( GEOMETRIC_REPRESENTATION_CONTEXT(2) 
PARAMETRIC_REPRESENTATION_CONTEXT() REPRESENTATION_CONTEXT('2D SPACE',''
  ) );
#6820 = PCURVE('',#3013,#6821);
#6821 = DEFINITIONAL_REPRESENTATION('',(#6822),#6826);
#6822 = LINE('',#6823,#6824);
#6823 = CARTESIAN_POINT('',(-38.81355157239,-13.2445349337));
#6824 = VECTOR('',#6825,1.);
#6825 = DIRECTION('',(0.436434454803,-0.899736053885));
#6826 = ( GEOMETRIC_REPRESENTATION_CONTEXT(2) 
PARAMETRIC_REPRESENTATION_CONTEXT() REPRESENTATION_CONTEXT('2D SPACE',''
  ) );
#6827 = ORIENTED_EDGE('',*,*,#6828,.F.);
#6828 = EDGE_CURVE('',#2217,#6807,#6829,.T.);
#6829 = SURFACE_CURVE('',#6830,(#6834,#6841),.PCURVE_S1.);
#6830 = LINE('',#6831,#6832);
#6831 = CARTESIAN_POINT('',(61.348333333333,4.975774464832,-60.));
#6832 = VECTOR('',#6833,1.);
#6833 = DIRECTION('',(0.,0.,1.));
#6834 = PCURVE('',#2234,#6835);
#6835 = DEFINITIONAL_REPRESENTATION('',(#6836),#6840);
#6836 = LINE('',#6837,#6838);
#6837 = CARTESIAN_POINT('',(10.719440873296,0.));
#6838 = VECTOR('',#6839,1.);
#6839 = DIRECTION('',(0.,-1.));
#6840 = ( GEOMETRIC_REPRESENTATION_CONTEXT(2) 
PARAMETRIC_REPRESENTATION_CONTEXT() REPRESENTATION_CONTEXT('2D SPACE',''
  ) );
#6841 = PCURVE('',#2286,#6842);
#6842 = DEFINITIONAL_REPRESENTATION('',(#6843),#6847);
#6843 = LINE('',#6844,#6845);
#6844 = CARTESIAN_POINT('',(0.,0.));
#6845 = VECTOR('',#6846,1.);
#6846 = DIRECTION('',(0.,-1.));
#6847 = ( GEOMETRIC_REPRESENTATION_CONTEXT(2) 
PARAMETRIC_REPRESENTATION_CONTEXT() REPRESENTATION_CONTEXT('2D SPACE',''
  ) );
#6848 = ADVANCED_FACE('',(#6849),#2286,.T.);
#6849 = FACE_BOUND('',#6850,.T.);
#6850 = EDGE_LOOP('',(#6851,#6852,#6853,#6875));
#6851 = ORIENTED_EDGE('',*,*,#2272,.T.);
#6852 = ORIENTED_EDGE('',*,*,#6828,.T.);
#6853 = ORIENTED_EDGE('',*,*,#6854,.F.);
#6854 = EDGE_CURVE('',#6855,#6807,#6857,.T.);
#6855 = VERTEX_POINT('',#6856);
#6856 = CARTESIAN_POINT('',(56.67,-5.282655963303,5.));
#6857 = SURFACE_CURVE('',#6858,(#6862,#6868),.PCURVE_S1.);
#6858 = LINE('',#6859,#6860);
#6859 = CARTESIAN_POINT('',(62.487823791306,7.474395822858,5.));
#6860 = VECTOR('',#6861,1.);
#6861 = DIRECTION('',(0.414935379137,0.909850884014,-0.));
#6862 = PCURVE('',#2286,#6863);
#6863 = DEFINITIONAL_REPRESENTATION('',(#6864),#6867);
#6864 = B_SPLINE_CURVE_WITH_KNOTS('',1,(#6865,#6866),.UNSPECIFIED.,.F.,
  .F.,(2,2),(-14.02103576564,-2.746187756618),.PIECEWISE_BEZIER_KNOTS.);
#6865 = CARTESIAN_POINT('',(11.274848009027,-65.));
#6866 = CARTESIAN_POINT('',(0.,-65.));
#6867 = ( GEOMETRIC_REPRESENTATION_CONTEXT(2) 
PARAMETRIC_REPRESENTATION_CONTEXT() REPRESENTATION_CONTEXT('2D SPACE',''
  ) );
#6868 = PCURVE('',#3013,#6869);
#6869 = DEFINITIONAL_REPRESENTATION('',(#6870),#6874);
#6870 = LINE('',#6871,#6872);
#6871 = CARTESIAN_POINT('',(-46.51217620869,7.474395822858));
#6872 = VECTOR('',#6873,1.);
#6873 = DIRECTION('',(0.414935379137,0.909850884014));
#6874 = ( GEOMETRIC_REPRESENTATION_CONTEXT(2) 
PARAMETRIC_REPRESENTATION_CONTEXT() REPRESENTATION_CONTEXT('2D SPACE',''
  ) );
#6875 = ORIENTED_EDGE('',*,*,#6876,.F.);
#6876 = EDGE_CURVE('',#2246,#6855,#6877,.T.);
#6877 = SURFACE_CURVE('',#6878,(#6882,#6889),.PCURVE_S1.);
#6878 = LINE('',#6879,#6880);
#6879 = CARTESIAN_POINT('',(56.67,-5.282655963303,-60.));
#6880 = VECTOR('',#6881,1.);
#6881 = DIRECTION('',(0.,0.,1.));
#6882 = PCURVE('',#2286,#6883);
#6883 = DEFINITIONAL_REPRESENTATION('',(#6884),#6888);
#6884 = LINE('',#6885,#6886);
#6885 = CARTESIAN_POINT('',(11.274848009027,0.));
#6886 = VECTOR('',#6887,1.);
#6887 = DIRECTION('',(0.,-1.));
#6888 = ( GEOMETRIC_REPRESENTATION_CONTEXT(2) 
PARAMETRIC_REPRESENTATION_CONTEXT() REPRESENTATION_CONTEXT('2D SPACE',''
  ) );
#6889 = PCURVE('',#2261,#6890);
#6890 = DEFINITIONAL_REPRESENTATION('',(#6891),#6895);
#6891 = LINE('',#6892,#6893);
#6892 = CARTESIAN_POINT('',(0.,0.));
#6893 = VECTOR('',#6894,1.);
#6894 = DIRECTION('',(0.,-1.));
#6895 = ( GEOMETRIC_REPRESENTATION_CONTEXT(2) 
PARAMETRIC_REPRESENTATION_CONTEXT() REPRESENTATION_CONTEXT('2D SPACE',''
  ) );
#6896 = ADVANCED_FACE('',(#6897),#2261,.T.);
#6897 = FACE_BOUND('',#6898,.T.);
#6898 = EDGE_LOOP('',(#6899,#6900,#6901,#6921));
#6899 = ORIENTED_EDGE('',*,*,#2245,.T.);
#6900 = ORIENTED_EDGE('',*,*,#6876,.T.);
#6901 = ORIENTED_EDGE('',*,*,#6902,.F.);
#6902 = EDGE_CURVE('',#6784,#6855,#6903,.T.);
#6903 = SURFACE_CURVE('',#6904,(#6908,#6914),.PCURVE_S1.);
#6904 = LINE('',#6905,#6906);
#6905 = CARTESIAN_POINT('',(79.615909390217,-3.777488512477,5.));
#6906 = VECTOR('',#6907,1.);
#6907 = DIRECTION('',(-0.997855478961,-6.545565756488E-02,0.));
#6908 = PCURVE('',#2261,#6909);
#6909 = DEFINITIONAL_REPRESENTATION('',(#6910),#6913);
#6910 = B_SPLINE_CURVE_WITH_KNOTS('',1,(#6911,#6912),.UNSPECIFIED.,.F.,
  .F.,(2,2),(13.618447771313,22.995223130013),.PIECEWISE_BEZIER_KNOTS.);
#6911 = CARTESIAN_POINT('',(9.3767753587,-65.));
#6912 = CARTESIAN_POINT('',(0.,-65.));
#6913 = ( GEOMETRIC_REPRESENTATION_CONTEXT(2) 
PARAMETRIC_REPRESENTATION_CONTEXT() REPRESENTATION_CONTEXT('2D SPACE',''
  ) );
#6914 = PCURVE('',#3013,#6915);
#6915 = DEFINITIONAL_REPRESENTATION('',(#6916),#6920);
#6916 = LINE('',#6917,#6918);
#6917 = CARTESIAN_POINT('',(-29.38409060978,-3.777488512477));
#6918 = VECTOR('',#6919,1.);
#6919 = DIRECTION('',(-0.997855478961,-6.545565756488E-02));
#6920 = ( GEOMETRIC_REPRESENTATION_CONTEXT(2) 
PARAMETRIC_REPRESENTATION_CONTEXT() REPRESENTATION_CONTEXT('2D SPACE',''
  ) );
#6921 = ORIENTED_EDGE('',*,*,#6783,.F.);
#6922 = ADVANCED_FACE('',(#6923),#2316,.F.);
#6923 = FACE_BOUND('',#6924,.F.);
#6924 = EDGE_LOOP('',(#6925,#6949,#6970,#6971));
#6925 = ORIENTED_EDGE('',*,*,#6926,.F.);
#6926 = EDGE_CURVE('',#6927,#6927,#6929,.T.);
#6927 = VERTEX_POINT('',#6928);
#6928 = CARTESIAN_POINT('',(-5.9,5.878304635907E-16,5.));
#6929 = SURFACE_CURVE('',#6930,(#6935,#6942),.PCURVE_S1.);
#6930 = CIRCLE('',#6931,1.1);
#6931 = AXIS2_PLACEMENT_3D('',#6932,#6933,#6934);
#6932 = CARTESIAN_POINT('',(-7.,8.572527594031E-16,5.));
#6933 = DIRECTION('',(0.,0.,1.));
#6934 = DIRECTION('',(1.,0.,-0.));
#6935 = PCURVE('',#2316,#6936);
#6936 = DEFINITIONAL_REPRESENTATION('',(#6937),#6941);
#6937 = LINE('',#6938,#6939);
#6938 = CARTESIAN_POINT('',(0.,65.));
#6939 = VECTOR('',#6940,1.);
#6940 = DIRECTION('',(1.,0.));
#6941 = ( GEOMETRIC_REPRESENTATION_CONTEXT(2) 
PARAMETRIC_REPRESENTATION_CONTEXT() REPRESENTATION_CONTEXT('2D SPACE',''
  ) );
#6942 = PCURVE('',#3013,#6943);
#6943 = DEFINITIONAL_REPRESENTATION('',(#6944),#6948);
#6944 = CIRCLE('',#6945,1.1);
#6945 = AXIS2_PLACEMENT_2D('',#6946,#6947);
#6946 = CARTESIAN_POINT('',(-116.,8.572527594031E-16));
#6947 = DIRECTION('',(1.,0.));
#6948 = ( GEOMETRIC_REPRESENTATION_CONTEXT(2) 
PARAMETRIC_REPRESENTATION_CONTEXT() REPRESENTATION_CONTEXT('2D SPACE',''
  ) );
#6949 = ORIENTED_EDGE('',*,*,#6950,.F.);
#6950 = EDGE_CURVE('',#2300,#6927,#6951,.T.);
#6951 = SEAM_CURVE('',#6952,(#6956,#6963),.PCURVE_S1.);
#6952 = LINE('',#6953,#6954);
#6953 = CARTESIAN_POINT('',(-5.9,5.878304635907E-16,-60.));
#6954 = VECTOR('',#6955,1.);
#6955 = DIRECTION('',(0.,0.,1.));
#6956 = PCURVE('',#2316,#6957);
#6957 = DEFINITIONAL_REPRESENTATION('',(#6958),#6962);
#6958 = LINE('',#6959,#6960);
#6959 = CARTESIAN_POINT('',(6.28318530718,-0.));
#6960 = VECTOR('',#6961,1.);
#6961 = DIRECTION('',(0.,1.));
#6962 = ( GEOMETRIC_REPRESENTATION_CONTEXT(2) 
PARAMETRIC_REPRESENTATION_CONTEXT() REPRESENTATION_CONTEXT('2D SPACE',''
  ) );
#6963 = PCURVE('',#2316,#6964);
#6964 = DEFINITIONAL_REPRESENTATION('',(#6965),#6969);
#6965 = LINE('',#6966,#6967);
#6966 = CARTESIAN_POINT('',(0.,-0.));
#6967 = VECTOR('',#6968,1.);
#6968 = DIRECTION('',(0.,1.));
#6969 = ( GEOMETRIC_REPRESENTATION_CONTEXT(2) 
PARAMETRIC_REPRESENTATION_CONTEXT() REPRESENTATION_CONTEXT('2D SPACE',''
  ) );
#6970 = ORIENTED_EDGE('',*,*,#2299,.T.);
#6971 = ORIENTED_EDGE('',*,*,#6950,.T.);
#6972 = ADVANCED_FACE('',(#6973),#2347,.F.);
#6973 = FACE_BOUND('',#6974,.F.);
#6974 = EDGE_LOOP('',(#6975,#6999,#7020,#7021));
#6975 = ORIENTED_EDGE('',*,*,#6976,.F.);
#6976 = EDGE_CURVE('',#6977,#6977,#6979,.T.);
#6977 = VERTEX_POINT('',#6978);
#6978 = CARTESIAN_POINT('',(4.5,-1.102182119233E-15,5.));
#6979 = SURFACE_CURVE('',#6980,(#6985,#6992),.PCURVE_S1.);
#6980 = CIRCLE('',#6981,4.5);
#6981 = AXIS2_PLACEMENT_3D('',#6982,#6983,#6984);
#6982 = CARTESIAN_POINT('',(0.,0.,5.));
#6983 = DIRECTION('',(0.,0.,1.));
#6984 = DIRECTION('',(1.,0.,-0.));
#6985 = PCURVE('',#2347,#6986);
#6986 = DEFINITIONAL_REPRESENTATION('',(#6987),#6991);
#6987 = LINE('',#6988,#6989);
#6988 = CARTESIAN_POINT('',(0.,65.));
#6989 = VECTOR('',#6990,1.);
#6990 = DIRECTION('',(1.,0.));
#6991 = ( GEOMETRIC_REPRESENTATION_CONTEXT(2) 
PARAMETRIC_REPRESENTATION_CONTEXT() REPRESENTATION_CONTEXT('2D SPACE',''
  ) );
#6992 = PCURVE('',#3013,#6993);
#6993 = DEFINITIONAL_REPRESENTATION('',(#6994),#6998);
#6994 = CIRCLE('',#6995,4.5);
#6995 = AXIS2_PLACEMENT_2D('',#6996,#6997);
#6996 = CARTESIAN_POINT('',(-109.,0.));
#6997 = DIRECTION('',(1.,0.));
#6998 = ( GEOMETRIC_REPRESENTATION_CONTEXT(2) 
PARAMETRIC_REPRESENTATION_CONTEXT() REPRESENTATION_CONTEXT('2D SPACE',''
  ) );
#6999 = ORIENTED_EDGE('',*,*,#7000,.F.);
#7000 = EDGE_CURVE('',#2331,#6977,#7001,.T.);
#7001 = SEAM_CURVE('',#7002,(#7006,#7013),.PCURVE_S1.);
#7002 = LINE('',#7003,#7004);
#7003 = CARTESIAN_POINT('',(4.5,-1.102182119233E-15,-60.));
#7004 = VECTOR('',#7005,1.);
#7005 = DIRECTION('',(0.,0.,1.));
#7006 = PCURVE('',#2347,#7007);
#7007 = DEFINITIONAL_REPRESENTATION('',(#7008),#7012);
#7008 = LINE('',#7009,#7010);
#7009 = CARTESIAN_POINT('',(6.28318530718,-0.));
#7010 = VECTOR('',#7011,1.);
#7011 = DIRECTION('',(0.,1.));
#7012 = ( GEOMETRIC_REPRESENTATION_CONTEXT(2) 
PARAMETRIC_REPRESENTATION_CONTEXT() REPRESENTATION_CONTEXT('2D SPACE',''
  ) );
#7013 = PCURVE('',#2347,#7014);
#7014 = DEFINITIONAL_REPRESENTATION('',(#7015),#7019);
#7015 = LINE('',#7016,#7017);
#7016 = CARTESIAN_POINT('',(0.,-0.));
#7017 = VECTOR('',#7018,1.);
#7018 = DIRECTION('',(0.,1.));
#7019 = ( GEOMETRIC_REPRESENTATION_CONTEXT(2) 
PARAMETRIC_REPRESENTATION_CONTEXT() REPRESENTATION_CONTEXT('2D SPACE',''
  ) );
#7020 = ORIENTED_EDGE('',*,*,#2330,.T.);
#7021 = ORIENTED_EDGE('',*,*,#7000,.T.);
#7022 = ADVANCED_FACE('',(#7023),#2378,.F.);
#7023 = FACE_BOUND('',#7024,.F.);
#7024 = EDGE_LOOP('',(#7025,#7049,#7070,#7071));
#7025 = ORIENTED_EDGE('',*,*,#7026,.F.);
#7026 = EDGE_CURVE('',#7027,#7027,#7029,.T.);
#7027 = VERTEX_POINT('',#7028);
#7028 = CARTESIAN_POINT('',(8.1,-2.694222958124E-16,5.));
#7029 = SURFACE_CURVE('',#7030,(#7035,#7042),.PCURVE_S1.);
#7030 = CIRCLE('',#7031,1.1);
#7031 = AXIS2_PLACEMENT_3D('',#7032,#7033,#7034);
#7032 = CARTESIAN_POINT('',(7.,0.,5.));
#7033 = DIRECTION('',(0.,0.,1.));
#7034 = DIRECTION('',(1.,0.,-0.));
#7035 = PCURVE('',#2378,#7036);
#7036 = DEFINITIONAL_REPRESENTATION('',(#7037),#7041);
#7037 = LINE('',#7038,#7039);
#7038 = CARTESIAN_POINT('',(0.,65.));
#7039 = VECTOR('',#7040,1.);
#7040 = DIRECTION('',(1.,0.));
#7041 = ( GEOMETRIC_REPRESENTATION_CONTEXT(2) 
PARAMETRIC_REPRESENTATION_CONTEXT() REPRESENTATION_CONTEXT('2D SPACE',''
  ) );
#7042 = PCURVE('',#3013,#7043);
#7043 = DEFINITIONAL_REPRESENTATION('',(#7044),#7048);
#7044 = CIRCLE('',#7045,1.1);
#7045 = AXIS2_PLACEMENT_2D('',#7046,#7047);
#7046 = CARTESIAN_POINT('',(-102.,0.));
#7047 = DIRECTION('',(1.,0.));
#7048 = ( GEOMETRIC_REPRESENTATION_CONTEXT(2) 
PARAMETRIC_REPRESENTATION_CONTEXT() REPRESENTATION_CONTEXT('2D SPACE',''
  ) );
#7049 = ORIENTED_EDGE('',*,*,#7050,.F.);
#7050 = EDGE_CURVE('',#2362,#7027,#7051,.T.);
#7051 = SEAM_CURVE('',#7052,(#7056,#7063),.PCURVE_S1.);
#7052 = LINE('',#7053,#7054);
#7053 = CARTESIAN_POINT('',(8.1,-2.694222958124E-16,-60.));
#7054 = VECTOR('',#7055,1.);
#7055 = DIRECTION('',(0.,0.,1.));
#7056 = PCURVE('',#2378,#7057);
#7057 = DEFINITIONAL_REPRESENTATION('',(#7058),#7062);
#7058 = LINE('',#7059,#7060);
#7059 = CARTESIAN_POINT('',(6.28318530718,-0.));
#7060 = VECTOR('',#7061,1.);
#7061 = DIRECTION('',(0.,1.));
#7062 = ( GEOMETRIC_REPRESENTATION_CONTEXT(2) 
PARAMETRIC_REPRESENTATION_CONTEXT() REPRESENTATION_CONTEXT('2D SPACE',''
  ) );
#7063 = PCURVE('',#2378,#7064);
#7064 = DEFINITIONAL_REPRESENTATION('',(#7065),#7069);
#7065 = LINE('',#7066,#7067);
#7066 = CARTESIAN_POINT('',(0.,-0.));
#7067 = VECTOR('',#7068,1.);
#7068 = DIRECTION('',(0.,1.));
#7069 = ( GEOMETRIC_REPRESENTATION_CONTEXT(2) 
PARAMETRIC_REPRESENTATION_CONTEXT() REPRESENTATION_CONTEXT('2D SPACE',''
  ) );
#7070 = ORIENTED_EDGE('',*,*,#2361,.T.);
#7071 = ORIENTED_EDGE('',*,*,#7050,.T.);
#7072 = ADVANCED_FACE('',(#7073),#2410,.T.);
#7073 = FACE_BOUND('',#7074,.T.);
#7074 = EDGE_LOOP('',(#7075,#7076,#7099,#7121));
#7075 = ORIENTED_EDGE('',*,*,#2392,.T.);
#7076 = ORIENTED_EDGE('',*,*,#7077,.T.);
#7077 = EDGE_CURVE('',#2395,#7078,#7080,.T.);
#7078 = VERTEX_POINT('',#7079);
#7079 = CARTESIAN_POINT('',(27.156666666667,7.218622324159,5.));
#7080 = SURFACE_CURVE('',#7081,(#7085,#7092),.PCURVE_S1.);
#7081 = LINE('',#7082,#7083);
#7082 = CARTESIAN_POINT('',(27.156666666667,7.218622324159,-60.));
#7083 = VECTOR('',#7084,1.);
#7084 = DIRECTION('',(0.,0.,1.));
#7085 = PCURVE('',#2410,#7086);
#7086 = DEFINITIONAL_REPRESENTATION('',(#7087),#7091);
#7087 = LINE('',#7088,#7089);
#7088 = CARTESIAN_POINT('',(0.,0.));
#7089 = VECTOR('',#7090,1.);
#7090 = DIRECTION('',(0.,-1.));
#7091 = ( GEOMETRIC_REPRESENTATION_CONTEXT(2) 
PARAMETRIC_REPRESENTATION_CONTEXT() REPRESENTATION_CONTEXT('2D SPACE',''
  ) );
#7092 = PCURVE('',#2437,#7093);
#7093 = DEFINITIONAL_REPRESENTATION('',(#7094),#7098);
#7094 = LINE('',#7095,#7096);
#7095 = CARTESIAN_POINT('',(15.46855063056,0.));
#7096 = VECTOR('',#7097,1.);
#7097 = DIRECTION('',(0.,-1.));
#7098 = ( GEOMETRIC_REPRESENTATION_CONTEXT(2) 
PARAMETRIC_REPRESENTATION_CONTEXT() REPRESENTATION_CONTEXT('2D SPACE',''
  ) );
#7099 = ORIENTED_EDGE('',*,*,#7100,.F.);
#7100 = EDGE_CURVE('',#7101,#7078,#7103,.T.);
#7101 = VERTEX_POINT('',#7102);
#7102 = CARTESIAN_POINT('',(17.8,7.832385321101,5.));
#7103 = SURFACE_CURVE('',#7104,(#7108,#7114),.PCURVE_S1.);
#7104 = LINE('',#7105,#7106);
#7105 = CARTESIAN_POINT('',(65.378689195333,4.711397910581,5.));
#7106 = VECTOR('',#7107,1.);
#7107 = DIRECTION('',(0.997855478961,-6.545565756488E-02,0.));
#7108 = PCURVE('',#2410,#7109);
#7109 = DEFINITIONAL_REPRESENTATION('',(#7110),#7113);
#7110 = B_SPLINE_CURVE_WITH_KNOTS('',1,(#7111,#7112),.UNSPECIFIED.,.F.,
  .F.,(2,2),(-47.68094197855,-38.30416661985),.PIECEWISE_BEZIER_KNOTS.);
#7111 = CARTESIAN_POINT('',(9.3767753587,-65.));
#7112 = CARTESIAN_POINT('',(0.,-65.));
#7113 = ( GEOMETRIC_REPRESENTATION_CONTEXT(2) 
PARAMETRIC_REPRESENTATION_CONTEXT() REPRESENTATION_CONTEXT('2D SPACE',''
  ) );
#7114 = PCURVE('',#3013,#7115);
#7115 = DEFINITIONAL_REPRESENTATION('',(#7116),#7120);
#7116 = LINE('',#7117,#7118);
#7117 = CARTESIAN_POINT('',(-43.62131080466,4.711397910581));
#7118 = VECTOR('',#7119,1.);
#7119 = DIRECTION('',(0.997855478961,-6.545565756488E-02));
#7120 = ( GEOMETRIC_REPRESENTATION_CONTEXT(2) 
PARAMETRIC_REPRESENTATION_CONTEXT() REPRESENTATION_CONTEXT('2D SPACE',''
  ) );
#7121 = ORIENTED_EDGE('',*,*,#7122,.F.);
#7122 = EDGE_CURVE('',#2393,#7101,#7123,.T.);
#7123 = SURFACE_CURVE('',#7124,(#7128,#7135),.PCURVE_S1.);
#7124 = LINE('',#7125,#7126);
#7125 = CARTESIAN_POINT('',(17.8,7.832385321101,-60.));
#7126 = VECTOR('',#7127,1.);
#7127 = DIRECTION('',(0.,0.,1.));
#7128 = PCURVE('',#2410,#7129);
#7129 = DEFINITIONAL_REPRESENTATION('',(#7130),#7134);
#7130 = LINE('',#7131,#7132);
#7131 = CARTESIAN_POINT('',(9.3767753587,0.));
#7132 = VECTOR('',#7133,1.);
#7133 = DIRECTION('',(0.,-1.));
#7134 = ( GEOMETRIC_REPRESENTATION_CONTEXT(2) 
PARAMETRIC_REPRESENTATION_CONTEXT() REPRESENTATION_CONTEXT('2D SPACE',''
  ) );
#7135 = PCURVE('',#2462,#7136);
#7136 = DEFINITIONAL_REPRESENTATION('',(#7137),#7141);
#7137 = LINE('',#7138,#7139);
#7138 = CARTESIAN_POINT('',(0.,0.));
#7139 = VECTOR('',#7140,1.);
#7140 = DIRECTION('',(0.,-1.));
#7141 = ( GEOMETRIC_REPRESENTATION_CONTEXT(2) 
PARAMETRIC_REPRESENTATION_CONTEXT() REPRESENTATION_CONTEXT('2D SPACE',''
  ) );
#7142 = ADVANCED_FACE('',(#7143),#2462,.T.);
#7143 = FACE_BOUND('',#7144,.T.);
#7144 = EDGE_LOOP('',(#7145,#7146,#7147,#7169));
#7145 = ORIENTED_EDGE('',*,*,#2448,.T.);
#7146 = ORIENTED_EDGE('',*,*,#7122,.T.);
#7147 = ORIENTED_EDGE('',*,*,#7148,.F.);
#7148 = EDGE_CURVE('',#7149,#7101,#7151,.T.);
#7149 = VERTEX_POINT('',#7150);
#7150 = CARTESIAN_POINT('',(22.478333333333,-7.52550382263,5.));
#7151 = SURFACE_CURVE('',#7152,(#7156,#7162),.PCURVE_S1.);
#7152 = LINE('',#7153,#7154);
#7153 = CARTESIAN_POINT('',(23.614675667227,-11.25585357537,5.));
#7154 = VECTOR('',#7155,1.);
#7155 = DIRECTION('',(-0.291400645564,0.956601099605,0.));
#7156 = PCURVE('',#2462,#7157);
#7157 = DEFINITIONAL_REPRESENTATION('',(#7158),#7161);
#7158 = B_SPLINE_CURVE_WITH_KNOTS('',1,(#7159,#7160),.UNSPECIFIED.,.F.,
  .F.,(2,2),(3.899587565065,19.954230561062),.PIECEWISE_BEZIER_KNOTS.);
#7159 = CARTESIAN_POINT('',(16.054642995997,-65.));
#7160 = CARTESIAN_POINT('',(0.,-65.));
#7161 = ( GEOMETRIC_REPRESENTATION_CONTEXT(2) 
PARAMETRIC_REPRESENTATION_CONTEXT() REPRESENTATION_CONTEXT('2D SPACE',''
  ) );
#7162 = PCURVE('',#3013,#7163);
#7163 = DEFINITIONAL_REPRESENTATION('',(#7164),#7168);
#7164 = LINE('',#7165,#7166);
#7165 = CARTESIAN_POINT('',(-85.38532433277,-11.25585357537));
#7166 = VECTOR('',#7167,1.);
#7167 = DIRECTION('',(-0.291400645564,0.956601099605));
#7168 = ( GEOMETRIC_REPRESENTATION_CONTEXT(2) 
PARAMETRIC_REPRESENTATION_CONTEXT() REPRESENTATION_CONTEXT('2D SPACE',''
  ) );
#7169 = ORIENTED_EDGE('',*,*,#7170,.F.);
#7170 = EDGE_CURVE('',#2422,#7149,#7171,.T.);
#7171 = SURFACE_CURVE('',#7172,(#7176,#7183),.PCURVE_S1.);
#7172 = LINE('',#7173,#7174);
#7173 = CARTESIAN_POINT('',(22.478333333333,-7.52550382263,-60.));
#7174 = VECTOR('',#7175,1.);
#7175 = DIRECTION('',(0.,0.,1.));
#7176 = PCURVE('',#2462,#7177);
#7177 = DEFINITIONAL_REPRESENTATION('',(#7178),#7182);
#7178 = LINE('',#7179,#7180);
#7179 = CARTESIAN_POINT('',(16.054642995997,0.));
#7180 = VECTOR('',#7181,1.);
#7181 = DIRECTION('',(0.,-1.));
#7182 = ( GEOMETRIC_REPRESENTATION_CONTEXT(2) 
PARAMETRIC_REPRESENTATION_CONTEXT() REPRESENTATION_CONTEXT('2D SPACE',''
  ) );
#7183 = PCURVE('',#2437,#7184);
#7184 = DEFINITIONAL_REPRESENTATION('',(#7185),#7189);
#7185 = LINE('',#7186,#7187);
#7186 = CARTESIAN_POINT('',(0.,0.));
#7187 = VECTOR('',#7188,1.);
#7188 = DIRECTION('',(0.,-1.));
#7189 = ( GEOMETRIC_REPRESENTATION_CONTEXT(2) 
PARAMETRIC_REPRESENTATION_CONTEXT() REPRESENTATION_CONTEXT('2D SPACE',''
  ) );
#7190 = ADVANCED_FACE('',(#7191),#2437,.T.);
#7191 = FACE_BOUND('',#7192,.T.);
#7192 = EDGE_LOOP('',(#7193,#7194,#7195,#7215));
#7193 = ORIENTED_EDGE('',*,*,#2421,.T.);
#7194 = ORIENTED_EDGE('',*,*,#7170,.T.);
#7195 = ORIENTED_EDGE('',*,*,#7196,.F.);
#7196 = EDGE_CURVE('',#7078,#7149,#7197,.T.);
#7197 = SURFACE_CURVE('',#7198,(#7202,#7208),.PCURVE_S1.);
#7198 = LINE('',#7199,#7200);
#7199 = CARTESIAN_POINT('',(26.096425298865,3.877190374126,5.));
#7200 = VECTOR('',#7201,1.);
#7201 = DIRECTION('',(-0.302441608465,-0.953167914624,0.));
#7202 = PCURVE('',#2437,#7203);
#7203 = DEFINITIONAL_REPRESENTATION('',(#7204),#7207);
#7204 = B_SPLINE_CURVE_WITH_KNOTS('',1,(#7205,#7206),.UNSPECIFIED.,.F.,
  .F.,(2,2),(-3.505606828311,11.96294380225),.PIECEWISE_BEZIER_KNOTS.);
#7205 = CARTESIAN_POINT('',(15.46855063056,-65.));
#7206 = CARTESIAN_POINT('',(0.,-65.));
#7207 = ( GEOMETRIC_REPRESENTATION_CONTEXT(2) 
PARAMETRIC_REPRESENTATION_CONTEXT() REPRESENTATION_CONTEXT('2D SPACE',''
  ) );
#7208 = PCURVE('',#3013,#7209);
#7209 = DEFINITIONAL_REPRESENTATION('',(#7210),#7214);
#7210 = LINE('',#7211,#7212);
#7211 = CARTESIAN_POINT('',(-82.90357470113,3.877190374126));
#7212 = VECTOR('',#7213,1.);
#7213 = DIRECTION('',(-0.302441608465,-0.953167914624));
#7214 = ( GEOMETRIC_REPRESENTATION_CONTEXT(2) 
PARAMETRIC_REPRESENTATION_CONTEXT() REPRESENTATION_CONTEXT('2D SPACE',''
  ) );
#7215 = ORIENTED_EDGE('',*,*,#7077,.F.);
#7216 = ADVANCED_FACE('',(#7217),#2492,.F.);
#7217 = FACE_BOUND('',#7218,.F.);
#7218 = EDGE_LOOP('',(#7219,#7243,#7264,#7265));
#7219 = ORIENTED_EDGE('',*,*,#7220,.F.);
#7220 = EDGE_CURVE('',#7221,#7221,#7223,.T.);
#7221 = VERTEX_POINT('',#7222);
#7222 = CARTESIAN_POINT('',(1.1,7.,5.));
#7223 = SURFACE_CURVE('',#7224,(#7229,#7236),.PCURVE_S1.);
#7224 = CIRCLE('',#7225,1.1);
#7225 = AXIS2_PLACEMENT_3D('',#7226,#7227,#7228);
#7226 = CARTESIAN_POINT('',(4.286263797016E-16,7.,5.));
#7227 = DIRECTION('',(0.,0.,1.));
#7228 = DIRECTION('',(1.,0.,-0.));
#7229 = PCURVE('',#2492,#7230);
#7230 = DEFINITIONAL_REPRESENTATION('',(#7231),#7235);
#7231 = LINE('',#7232,#7233);
#7232 = CARTESIAN_POINT('',(0.,65.));
#7233 = VECTOR('',#7234,1.);
#7234 = DIRECTION('',(1.,0.));
#7235 = ( GEOMETRIC_REPRESENTATION_CONTEXT(2) 
PARAMETRIC_REPRESENTATION_CONTEXT() REPRESENTATION_CONTEXT('2D SPACE',''
  ) );
#7236 = PCURVE('',#3013,#7237);
#7237 = DEFINITIONAL_REPRESENTATION('',(#7238),#7242);
#7238 = CIRCLE('',#7239,1.1);
#7239 = AXIS2_PLACEMENT_2D('',#7240,#7241);
#7240 = CARTESIAN_POINT('',(-109.,7.));
#7241 = DIRECTION('',(1.,0.));
#7242 = ( GEOMETRIC_REPRESENTATION_CONTEXT(2) 
PARAMETRIC_REPRESENTATION_CONTEXT() REPRESENTATION_CONTEXT('2D SPACE',''
  ) );
#7243 = ORIENTED_EDGE('',*,*,#7244,.F.);
#7244 = EDGE_CURVE('',#2476,#7221,#7245,.T.);
#7245 = SEAM_CURVE('',#7246,(#7250,#7257),.PCURVE_S1.);
#7246 = LINE('',#7247,#7248);
#7247 = CARTESIAN_POINT('',(1.1,7.,-60.));
#7248 = VECTOR('',#7249,1.);
#7249 = DIRECTION('',(0.,0.,1.));
#7250 = PCURVE('',#2492,#7251);
#7251 = DEFINITIONAL_REPRESENTATION('',(#7252),#7256);
#7252 = LINE('',#7253,#7254);
#7253 = CARTESIAN_POINT('',(6.28318530718,-0.));
#7254 = VECTOR('',#7255,1.);
#7255 = DIRECTION('',(0.,1.));
#7256 = ( GEOMETRIC_REPRESENTATION_CONTEXT(2) 
PARAMETRIC_REPRESENTATION_CONTEXT() REPRESENTATION_CONTEXT('2D SPACE',''
  ) );
#7257 = PCURVE('',#2492,#7258);
#7258 = DEFINITIONAL_REPRESENTATION('',(#7259),#7263);
#7259 = LINE('',#7260,#7261);
#7260 = CARTESIAN_POINT('',(0.,-0.));
#7261 = VECTOR('',#7262,1.);
#7262 = DIRECTION('',(0.,1.));
#7263 = ( GEOMETRIC_REPRESENTATION_CONTEXT(2) 
PARAMETRIC_REPRESENTATION_CONTEXT() REPRESENTATION_CONTEXT('2D SPACE',''
  ) );
#7264 = ORIENTED_EDGE('',*,*,#2475,.T.);
#7265 = ORIENTED_EDGE('',*,*,#7244,.T.);
#7266 = ADVANCED_FACE('',(#7267),#2524,.T.);
#7267 = FACE_BOUND('',#7268,.T.);
#7268 = EDGE_LOOP('',(#7269,#7270,#7293,#7315));
#7269 = ORIENTED_EDGE('',*,*,#2506,.T.);
#7270 = ORIENTED_EDGE('',*,*,#7271,.T.);
#7271 = EDGE_CURVE('',#2509,#7272,#7274,.T.);
#7272 = VERTEX_POINT('',#7273);
#7273 = CARTESIAN_POINT('',(53.07,5.518802752294,5.));
#7274 = SURFACE_CURVE('',#7275,(#7279,#7286),.PCURVE_S1.);
#7275 = LINE('',#7276,#7277);
#7276 = CARTESIAN_POINT('',(53.07,5.518802752294,-60.));
#7277 = VECTOR('',#7278,1.);
#7278 = DIRECTION('',(0.,0.,1.));
#7279 = PCURVE('',#2524,#7280);
#7280 = DEFINITIONAL_REPRESENTATION('',(#7281),#7285);
#7281 = LINE('',#7282,#7283);
#7282 = CARTESIAN_POINT('',(0.,0.));
#7283 = VECTOR('',#7284,1.);
#7284 = DIRECTION('',(0.,-1.));
#7285 = ( GEOMETRIC_REPRESENTATION_CONTEXT(2) 
PARAMETRIC_REPRESENTATION_CONTEXT() REPRESENTATION_CONTEXT('2D SPACE',''
  ) );
#7286 = PCURVE('',#2551,#7287);
#7287 = DEFINITIONAL_REPRESENTATION('',(#7288),#7292);
#7288 = LINE('',#7289,#7290);
#7289 = CARTESIAN_POINT('',(12.271274919108,0.));
#7290 = VECTOR('',#7291,1.);
#7291 = DIRECTION('',(0.,-1.));
#7292 = ( GEOMETRIC_REPRESENTATION_CONTEXT(2) 
PARAMETRIC_REPRESENTATION_CONTEXT() REPRESENTATION_CONTEXT('2D SPACE',''
  ) );
#7293 = ORIENTED_EDGE('',*,*,#7294,.F.);
#7294 = EDGE_CURVE('',#7295,#7272,#7297,.T.);
#7295 = VERTEX_POINT('',#7296);
#7296 = CARTESIAN_POINT('',(43.713333333333,6.132565749235,5.));
#7297 = SURFACE_CURVE('',#7298,(#7302,#7308),.PCURVE_S1.);
#7298 = LINE('',#7299,#7300);
#7299 = CARTESIAN_POINT('',(78.335355861999,3.861488124649,5.));
#7300 = VECTOR('',#7301,1.);
#7301 = DIRECTION('',(0.997855478961,-6.545565756488E-02,0.));
#7302 = PCURVE('',#2524,#7303);
#7303 = DEFINITIONAL_REPRESENTATION('',(#7304),#7307);
#7304 = B_SPLINE_CURVE_WITH_KNOTS('',1,(#7305,#7306),.UNSPECIFIED.,.F.,
  .F.,(2,2),(-34.69642975224,-25.31965439354),.PIECEWISE_BEZIER_KNOTS.);
#7305 = CARTESIAN_POINT('',(9.3767753587,-65.));
#7306 = CARTESIAN_POINT('',(0.,-65.));
#7307 = ( GEOMETRIC_REPRESENTATION_CONTEXT(2) 
PARAMETRIC_REPRESENTATION_CONTEXT() REPRESENTATION_CONTEXT('2D SPACE',''
  ) );
#7308 = PCURVE('',#3013,#7309);
#7309 = DEFINITIONAL_REPRESENTATION('',(#7310),#7314);
#7310 = LINE('',#7311,#7312);
#7311 = CARTESIAN_POINT('',(-30.664644138,3.861488124649));
#7312 = VECTOR('',#7313,1.);
#7313 = DIRECTION('',(0.997855478961,-6.545565756488E-02));
#7314 = ( GEOMETRIC_REPRESENTATION_CONTEXT(2) 
PARAMETRIC_REPRESENTATION_CONTEXT() REPRESENTATION_CONTEXT('2D SPACE',''
  ) );
#7315 = ORIENTED_EDGE('',*,*,#7316,.F.);
#7316 = EDGE_CURVE('',#2507,#7295,#7317,.T.);
#7317 = SURFACE_CURVE('',#7318,(#7322,#7329),.PCURVE_S1.);
#7318 = LINE('',#7319,#7320);
#7319 = CARTESIAN_POINT('',(43.713333333333,6.132565749235,-60.));
#7320 = VECTOR('',#7321,1.);
#7321 = DIRECTION('',(0.,0.,1.));
#7322 = PCURVE('',#2524,#7323);
#7323 = DEFINITIONAL_REPRESENTATION('',(#7324),#7328);
#7324 = LINE('',#7325,#7326);
#7325 = CARTESIAN_POINT('',(9.3767753587,0.));
#7326 = VECTOR('',#7327,1.);
#7327 = DIRECTION('',(0.,-1.));
#7328 = ( GEOMETRIC_REPRESENTATION_CONTEXT(2) 
PARAMETRIC_REPRESENTATION_CONTEXT() REPRESENTATION_CONTEXT('2D SPACE',''
  ) );
#7329 = PCURVE('',#2576,#7330);
#7330 = DEFINITIONAL_REPRESENTATION('',(#7331),#7335);
#7331 = LINE('',#7332,#7333);
#7332 = CARTESIAN_POINT('',(0.,0.));
#7333 = VECTOR('',#7334,1.);
#7334 = DIRECTION('',(0.,-1.));
#7335 = ( GEOMETRIC_REPRESENTATION_CONTEXT(2) 
PARAMETRIC_REPRESENTATION_CONTEXT() REPRESENTATION_CONTEXT('2D SPACE',''
  ) );
#7336 = ADVANCED_FACE('',(#7337),#2576,.T.);
#7337 = FACE_BOUND('',#7338,.T.);
#7338 = EDGE_LOOP('',(#7339,#7340,#7341,#7363));
#7339 = ORIENTED_EDGE('',*,*,#2562,.T.);
#7340 = ORIENTED_EDGE('',*,*,#7316,.T.);
#7341 = ORIENTED_EDGE('',*,*,#7342,.F.);
#7342 = EDGE_CURVE('',#7343,#7295,#7345,.T.);
#7343 = VERTEX_POINT('',#7344);
#7344 = CARTESIAN_POINT('',(48.391666666667,-5.825684250765,5.));
#7345 = SURFACE_CURVE('',#7346,(#7350,#7356),.PCURVE_S1.);
#7346 = LINE('',#7347,#7348);
#7347 = CARTESIAN_POINT('',(50.033339887649,-10.02195189482,5.));
#7348 = VECTOR('',#7349,1.);
#7349 = DIRECTION('',(-0.364333035457,0.931268725597,0.));
#7350 = PCURVE('',#2576,#7351);
#7351 = DEFINITIONAL_REPRESENTATION('',(#7352),#7355);
#7352 = B_SPLINE_CURVE_WITH_KNOTS('',1,(#7353,#7354),.UNSPECIFIED.,.F.,
  .F.,(2,2),(4.50596860898,17.346784231061),.PIECEWISE_BEZIER_KNOTS.);
#7353 = CARTESIAN_POINT('',(12.840815622081,-65.));
#7354 = CARTESIAN_POINT('',(0.,-65.));
#7355 = ( GEOMETRIC_REPRESENTATION_CONTEXT(2) 
PARAMETRIC_REPRESENTATION_CONTEXT() REPRESENTATION_CONTEXT('2D SPACE',''
  ) );
#7356 = PCURVE('',#3013,#7357);
#7357 = DEFINITIONAL_REPRESENTATION('',(#7358),#7362);
#7358 = LINE('',#7359,#7360);
#7359 = CARTESIAN_POINT('',(-58.96666011235,-10.02195189482));
#7360 = VECTOR('',#7361,1.);
#7361 = DIRECTION('',(-0.364333035457,0.931268725597));
#7362 = ( GEOMETRIC_REPRESENTATION_CONTEXT(2) 
PARAMETRIC_REPRESENTATION_CONTEXT() REPRESENTATION_CONTEXT('2D SPACE',''
  ) );
#7363 = ORIENTED_EDGE('',*,*,#7364,.F.);
#7364 = EDGE_CURVE('',#2536,#7343,#7365,.T.);
#7365 = SURFACE_CURVE('',#7366,(#7370,#7377),.PCURVE_S1.);
#7366 = LINE('',#7367,#7368);
#7367 = CARTESIAN_POINT('',(48.391666666667,-5.825684250765,-60.));
#7368 = VECTOR('',#7369,1.);
#7369 = DIRECTION('',(0.,0.,1.));
#7370 = PCURVE('',#2576,#7371);
#7371 = DEFINITIONAL_REPRESENTATION('',(#7372),#7376);
#7372 = LINE('',#7373,#7374);
#7373 = CARTESIAN_POINT('',(12.840815622081,0.));
#7374 = VECTOR('',#7375,1.);
#7375 = DIRECTION('',(0.,-1.));
#7376 = ( GEOMETRIC_REPRESENTATION_CONTEXT(2) 
PARAMETRIC_REPRESENTATION_CONTEXT() REPRESENTATION_CONTEXT('2D SPACE',''
  ) );
#7377 = PCURVE('',#2551,#7378);
#7378 = DEFINITIONAL_REPRESENTATION('',(#7379),#7383);
#7379 = LINE('',#7380,#7381);
#7380 = CARTESIAN_POINT('',(0.,0.));
#7381 = VECTOR('',#7382,1.);
#7382 = DIRECTION('',(0.,-1.));
#7383 = ( GEOMETRIC_REPRESENTATION_CONTEXT(2) 
PARAMETRIC_REPRESENTATION_CONTEXT() REPRESENTATION_CONTEXT('2D SPACE',''
  ) );
#7384 = ADVANCED_FACE('',(#7385),#2551,.T.);
#7385 = FACE_BOUND('',#7386,.T.);
#7386 = EDGE_LOOP('',(#7387,#7388,#7389,#7409));
#7387 = ORIENTED_EDGE('',*,*,#2535,.T.);
#7388 = ORIENTED_EDGE('',*,*,#7364,.T.);
#7389 = ORIENTED_EDGE('',*,*,#7390,.F.);
#7390 = EDGE_CURVE('',#7272,#7343,#7391,.T.);
#7391 = SURFACE_CURVE('',#7392,(#7396,#7402),.PCURVE_S1.);
#7392 = LINE('',#7393,#7394);
#7393 = CARTESIAN_POINT('',(51.980583475521,2.877077436397,5.));
#7394 = VECTOR('',#7395,1.);
#7395 = DIRECTION('',(-0.38124264709,-0.924475009959,0.));
#7396 = PCURVE('',#2551,#7397);
#7397 = DEFINITIONAL_REPRESENTATION('',(#7398),#7401);
#7398 = B_SPLINE_CURVE_WITH_KNOTS('',1,(#7399,#7400),.UNSPECIFIED.,.F.,
  .F.,(2,2),(-2.8575410773,9.413733841808),.PIECEWISE_BEZIER_KNOTS.);
#7399 = CARTESIAN_POINT('',(12.271274919108,-65.));
#7400 = CARTESIAN_POINT('',(0.,-65.));
#7401 = ( GEOMETRIC_REPRESENTATION_CONTEXT(2) 
PARAMETRIC_REPRESENTATION_CONTEXT() REPRESENTATION_CONTEXT('2D SPACE',''
  ) );
#7402 = PCURVE('',#3013,#7403);
#7403 = DEFINITIONAL_REPRESENTATION('',(#7404),#7408);
#7404 = LINE('',#7405,#7406);
#7405 = CARTESIAN_POINT('',(-57.01941652447,2.877077436397));
#7406 = VECTOR('',#7407,1.);
#7407 = DIRECTION('',(-0.38124264709,-0.924475009959));
#7408 = ( GEOMETRIC_REPRESENTATION_CONTEXT(2) 
PARAMETRIC_REPRESENTATION_CONTEXT() REPRESENTATION_CONTEXT('2D SPACE',''
  ) );
#7409 = ORIENTED_EDGE('',*,*,#7271,.F.);
#7410 = ADVANCED_FACE('',(#7411),#2607,.T.);
#7411 = FACE_BOUND('',#7412,.T.);
#7412 = EDGE_LOOP('',(#7413,#7414,#7437,#7459));
#7413 = ORIENTED_EDGE('',*,*,#2589,.T.);
#7414 = ORIENTED_EDGE('',*,*,#7415,.T.);
#7415 = EDGE_CURVE('',#2592,#7416,#7418,.T.);
#7416 = VERTEX_POINT('',#7417);
#7417 = CARTESIAN_POINT('',(78.983333333333,3.822439873303,5.));
#7418 = SURFACE_CURVE('',#7419,(#7423,#7430),.PCURVE_S1.);
#7419 = LINE('',#7420,#7421);
#7420 = CARTESIAN_POINT('',(78.983333333333,3.822439873303,-60.));
#7421 = VECTOR('',#7422,1.);
#7422 = DIRECTION('',(0.,0.,1.));
#7423 = PCURVE('',#2607,#7424);
#7424 = DEFINITIONAL_REPRESENTATION('',(#7425),#7429);
#7425 = LINE('',#7426,#7427);
#7426 = CARTESIAN_POINT('',(0.,0.));
#7427 = VECTOR('',#7428,1.);
#7428 = DIRECTION('',(0.,-1.));
#7429 = ( GEOMETRIC_REPRESENTATION_CONTEXT(2) 
PARAMETRIC_REPRESENTATION_CONTEXT() REPRESENTATION_CONTEXT('2D SPACE',''
  ) );
#7430 = PCURVE('',#2634,#7431);
#7431 = DEFINITIONAL_REPRESENTATION('',(#7432),#7436);
#7432 = LINE('',#7433,#7434);
#7433 = CARTESIAN_POINT('',(9.222925134269,0.));
#7434 = VECTOR('',#7435,1.);
#7435 = DIRECTION('',(0.,-1.));
#7436 = ( GEOMETRIC_REPRESENTATION_CONTEXT(2) 
PARAMETRIC_REPRESENTATION_CONTEXT() REPRESENTATION_CONTEXT('2D SPACE',''
  ) );
#7437 = ORIENTED_EDGE('',*,*,#7438,.F.);
#7438 = EDGE_CURVE('',#7439,#7416,#7441,.T.);
#7439 = VERTEX_POINT('',#7440);
#7440 = CARTESIAN_POINT('',(69.626666666667,4.43274617737,5.));
#7441 = SURFACE_CURVE('',#7442,(#7446,#7452),.PCURVE_S1.);
#7442 = LINE('',#7443,#7444);
#7443 = CARTESIAN_POINT('',(91.290561884863,3.019677582181,5.));
#7444 = VECTOR('',#7445,1.);
#7445 = DIRECTION('',(0.997879490119,-6.508857964222E-02,0.));
#7446 = PCURVE('',#2607,#7447);
#7447 = DEFINITIONAL_REPRESENTATION('',(#7448),#7451);
#7448 = B_SPLINE_CURVE_WITH_KNOTS('',1,(#7449,#7450),.UNSPECIFIED.,.F.,
  .F.,(2,2),(-21.70993134212,-12.33338160909),.PIECEWISE_BEZIER_KNOTS.);
#7449 = CARTESIAN_POINT('',(9.376549733025,-65.));
#7450 = CARTESIAN_POINT('',(0.,-65.));
#7451 = ( GEOMETRIC_REPRESENTATION_CONTEXT(2) 
PARAMETRIC_REPRESENTATION_CONTEXT() REPRESENTATION_CONTEXT('2D SPACE',''
  ) );
#7452 = PCURVE('',#3013,#7453);
#7453 = DEFINITIONAL_REPRESENTATION('',(#7454),#7458);
#7454 = LINE('',#7455,#7456);
#7455 = CARTESIAN_POINT('',(-17.70943811513,3.019677582181));
#7456 = VECTOR('',#7457,1.);
#7457 = DIRECTION('',(0.997879490119,-6.508857964222E-02));
#7458 = ( GEOMETRIC_REPRESENTATION_CONTEXT(2) 
PARAMETRIC_REPRESENTATION_CONTEXT() REPRESENTATION_CONTEXT('2D SPACE',''
  ) );
#7459 = ORIENTED_EDGE('',*,*,#7460,.F.);
#7460 = EDGE_CURVE('',#2590,#7439,#7461,.T.);
#7461 = SURFACE_CURVE('',#7462,(#7466,#7473),.PCURVE_S1.);
#7462 = LINE('',#7463,#7464);
#7463 = CARTESIAN_POINT('',(69.626666666667,4.43274617737,-60.));
#7464 = VECTOR('',#7465,1.);
#7465 = DIRECTION('',(0.,0.,1.));
#7466 = PCURVE('',#2607,#7467);
#7467 = DEFINITIONAL_REPRESENTATION('',(#7468),#7472);
#7468 = LINE('',#7469,#7470);
#7469 = CARTESIAN_POINT('',(9.376549733025,0.));
#7470 = VECTOR('',#7471,1.);
#7471 = DIRECTION('',(0.,-1.));
#7472 = ( GEOMETRIC_REPRESENTATION_CONTEXT(2) 
PARAMETRIC_REPRESENTATION_CONTEXT() REPRESENTATION_CONTEXT('2D SPACE',''
  ) );
#7473 = PCURVE('',#2659,#7474);
#7474 = DEFINITIONAL_REPRESENTATION('',(#7475),#7479);
#7475 = LINE('',#7476,#7477);
#7476 = CARTESIAN_POINT('',(0.,0.));
#7477 = VECTOR('',#7478,1.);
#7478 = DIRECTION('',(0.,-1.));
#7479 = ( GEOMETRIC_REPRESENTATION_CONTEXT(2) 
PARAMETRIC_REPRESENTATION_CONTEXT() REPRESENTATION_CONTEXT('2D SPACE',''
  ) );
#7480 = ADVANCED_FACE('',(#7481),#2659,.T.);
#7481 = FACE_BOUND('',#7482,.T.);
#7482 = EDGE_LOOP('',(#7483,#7484,#7485,#7507));
#7483 = ORIENTED_EDGE('',*,*,#2645,.T.);
#7484 = ORIENTED_EDGE('',*,*,#7460,.T.);
#7485 = ORIENTED_EDGE('',*,*,#7486,.F.);
#7486 = EDGE_CURVE('',#7487,#7439,#7489,.T.);
#7487 = VERTEX_POINT('',#7488);
#7488 = CARTESIAN_POINT('',(74.305,-4.125864678899,5.));
#7489 = SURFACE_CURVE('',#7490,(#7494,#7500),.PCURVE_S1.);
#7490 = LINE('',#7491,#7492);
#7491 = CARTESIAN_POINT('',(76.064370436573,-7.344482474121,5.));
#7492 = VECTOR('',#7493,1.);
#7493 = DIRECTION('',(-0.4796421019,0.877464218122,0.));
#7494 = PCURVE('',#2659,#7495);
#7495 = DEFINITIONAL_REPRESENTATION('',(#7496),#7499);
#7496 = B_SPLINE_CURVE_WITH_KNOTS('',1,(#7497,#7498),.UNSPECIFIED.,.F.,
  .F.,(2,2),(3.668090081338,13.421890497936),.PIECEWISE_BEZIER_KNOTS.);
#7497 = CARTESIAN_POINT('',(9.753800416598,-65.));
#7498 = CARTESIAN_POINT('',(0.,-65.));
#7499 = ( GEOMETRIC_REPRESENTATION_CONTEXT(2) 
PARAMETRIC_REPRESENTATION_CONTEXT() REPRESENTATION_CONTEXT('2D SPACE',''
  ) );
#7500 = PCURVE('',#3013,#7501);
#7501 = DEFINITIONAL_REPRESENTATION('',(#7502),#7506);
#7502 = LINE('',#7503,#7504);
#7503 = CARTESIAN_POINT('',(-32.93562956342,-7.344482474121));
#7504 = VECTOR('',#7505,1.);
#7505 = DIRECTION('',(-0.4796421019,0.877464218122));
#7506 = ( GEOMETRIC_REPRESENTATION_CONTEXT(2) 
PARAMETRIC_REPRESENTATION_CONTEXT() REPRESENTATION_CONTEXT('2D SPACE',''
  ) );
#7507 = ORIENTED_EDGE('',*,*,#7508,.F.);
#7508 = EDGE_CURVE('',#2619,#7487,#7509,.T.);
#7509 = SURFACE_CURVE('',#7510,(#7514,#7521),.PCURVE_S1.);
#7510 = LINE('',#7511,#7512);
#7511 = CARTESIAN_POINT('',(74.305,-4.125864678899,-60.));
#7512 = VECTOR('',#7513,1.);
#7513 = DIRECTION('',(0.,0.,1.));
#7514 = PCURVE('',#2659,#7515);
#7515 = DEFINITIONAL_REPRESENTATION('',(#7516),#7520);
#7516 = LINE('',#7517,#7518);
#7517 = CARTESIAN_POINT('',(9.753800416598,0.));
#7518 = VECTOR('',#7519,1.);
#7519 = DIRECTION('',(0.,-1.));
#7520 = ( GEOMETRIC_REPRESENTATION_CONTEXT(2) 
PARAMETRIC_REPRESENTATION_CONTEXT() REPRESENTATION_CONTEXT('2D SPACE',''
  ) );
#7521 = PCURVE('',#2634,#7522);
#7522 = DEFINITIONAL_REPRESENTATION('',(#7523),#7527);
#7523 = LINE('',#7524,#7525);
#7524 = CARTESIAN_POINT('',(0.,0.));
#7525 = VECTOR('',#7526,1.);
#7526 = DIRECTION('',(0.,-1.));
#7527 = ( GEOMETRIC_REPRESENTATION_CONTEXT(2) 
PARAMETRIC_REPRESENTATION_CONTEXT() REPRESENTATION_CONTEXT('2D SPACE',''
  ) );
#7528 = ADVANCED_FACE('',(#7529),#2634,.T.);
#7529 = FACE_BOUND('',#7530,.T.);
#7530 = EDGE_LOOP('',(#7531,#7532,#7533,#7553));
#7531 = ORIENTED_EDGE('',*,*,#2618,.T.);
#7532 = ORIENTED_EDGE('',*,*,#7508,.T.);
#7533 = ORIENTED_EDGE('',*,*,#7534,.F.);
#7534 = EDGE_CURVE('',#7416,#7487,#7535,.T.);
#7535 = SURFACE_CURVE('',#7536,(#7540,#7546),.PCURVE_S1.);
#7536 = LINE('',#7537,#7538);
#7537 = CARTESIAN_POINT('',(77.151730084059,0.710617904503,5.));
#7538 = VECTOR('',#7539,1.);
#7539 = DIRECTION('',(-0.507250494309,-0.861798663275,0.));
#7540 = PCURVE('',#2634,#7541);
#7541 = DEFINITIONAL_REPRESENTATION('',(#7542),#7545);
#7542 = B_SPLINE_CURVE_WITH_KNOTS('',1,(#7543,#7544),.UNSPECIFIED.,.F.,
  .F.,(2,2),(-3.610845666635,5.612079467633),.PIECEWISE_BEZIER_KNOTS.);
#7543 = CARTESIAN_POINT('',(9.222925134269,-65.));
#7544 = CARTESIAN_POINT('',(0.,-65.));
#7545 = ( GEOMETRIC_REPRESENTATION_CONTEXT(2) 
PARAMETRIC_REPRESENTATION_CONTEXT() REPRESENTATION_CONTEXT('2D SPACE',''
  ) );
#7546 = PCURVE('',#3013,#7547);
#7547 = DEFINITIONAL_REPRESENTATION('',(#7548),#7552);
#7548 = LINE('',#7549,#7550);
#7549 = CARTESIAN_POINT('',(-31.84826991594,0.710617904503));
#7550 = VECTOR('',#7551,1.);
#7551 = DIRECTION('',(-0.507250494309,-0.861798663275));
#7552 = ( GEOMETRIC_REPRESENTATION_CONTEXT(2) 
PARAMETRIC_REPRESENTATION_CONTEXT() REPRESENTATION_CONTEXT('2D SPACE',''
  ) );
#7553 = ORIENTED_EDGE('',*,*,#7415,.F.);
#7554 = ADVANCED_FACE('',(#7555),#2713,.T.);
#7555 = FACE_BOUND('',#7556,.T.);
#7556 = EDGE_LOOP('',(#7557,#7558,#7559,#7560,#7561,#7584,#7612,#7640,
    #7668,#7696,#7724,#7752,#7780,#7808,#7836,#7864,#7892,#7920,#7948,
    #7976,#8004,#8032,#8060,#8088,#8116,#8144,#8172,#8200,#8228,#8256,
    #8284,#8312,#8340,#8368,#8396,#8424,#8452,#8480,#8508,#8536,#8557,
    #8558,#8559,#8560,#8561,#8562,#8563,#8564,#8565,#8566,#8567,#8568,
    #8569,#8570,#8571,#8572,#8573,#8574,#8575,#8576,#8577,#8578,#8579,
    #8580,#8581,#8582,#8583,#8584,#8585,#8586,#8587,#8588));
#7557 = ORIENTED_EDGE('',*,*,#2697,.F.);
#7558 = ORIENTED_EDGE('',*,*,#2774,.T.);
#7559 = ORIENTED_EDGE('',*,*,#2871,.F.);
#7560 = ORIENTED_EDGE('',*,*,#2946,.F.);
#7561 = ORIENTED_EDGE('',*,*,#7562,.T.);
#7562 = EDGE_CURVE('',#2947,#7563,#7565,.T.);
#7563 = VERTEX_POINT('',#7564);
#7564 = CARTESIAN_POINT('',(6.045555555556,9.801388888889,11.));
#7565 = SURFACE_CURVE('',#7566,(#7570,#7577),.PCURVE_S1.);
#7566 = LINE('',#7567,#7568);
#7567 = CARTESIAN_POINT('',(-1.E-02,9.801388888889,11.));
#7568 = VECTOR('',#7569,1.);
#7569 = DIRECTION('',(1.,0.,-0.));
#7570 = PCURVE('',#2713,#7571);
#7571 = DEFINITIONAL_REPRESENTATION('',(#7572),#7576);
#7572 = LINE('',#7573,#7574);
#7573 = CARTESIAN_POINT('',(0.,0.));
#7574 = VECTOR('',#7575,1.);
#7575 = DIRECTION('',(1.,0.));
#7576 = ( GEOMETRIC_REPRESENTATION_CONTEXT(2) 
PARAMETRIC_REPRESENTATION_CONTEXT() REPRESENTATION_CONTEXT('2D SPACE',''
  ) );
#7577 = PCURVE('',#2985,#7578);
#7578 = DEFINITIONAL_REPRESENTATION('',(#7579),#7583);
#7579 = LINE('',#7580,#7581);
#7580 = CARTESIAN_POINT('',(6.,0.));
#7581 = VECTOR('',#7582,1.);
#7582 = DIRECTION('',(0.,1.));
#7583 = ( GEOMETRIC_REPRESENTATION_CONTEXT(2) 
PARAMETRIC_REPRESENTATION_CONTEXT() REPRESENTATION_CONTEXT('2D SPACE',''
  ) );
#7584 = ORIENTED_EDGE('',*,*,#7585,.F.);
#7585 = EDGE_CURVE('',#7586,#7563,#7588,.T.);
#7586 = VERTEX_POINT('',#7587);
#7587 = CARTESIAN_POINT('',(6.045555555556,9.404166666667,11.));
#7588 = SURFACE_CURVE('',#7589,(#7593,#7600),.PCURVE_S1.);
#7589 = LINE('',#7590,#7591);
#7590 = CARTESIAN_POINT('',(6.045555555556,9.404166666667,11.));
#7591 = VECTOR('',#7592,1.);
#7592 = DIRECTION('',(-0.,1.,0.));
#7593 = PCURVE('',#2713,#7594);
#7594 = DEFINITIONAL_REPRESENTATION('',(#7595),#7599);
#7595 = LINE('',#7596,#7597);
#7596 = CARTESIAN_POINT('',(6.055555555556,-0.397222222222));
#7597 = VECTOR('',#7598,1.);
#7598 = DIRECTION('',(0.,1.));
#7599 = ( GEOMETRIC_REPRESENTATION_CONTEXT(2) 
PARAMETRIC_REPRESENTATION_CONTEXT() REPRESENTATION_CONTEXT('2D SPACE',''
  ) );
#7600 = PCURVE('',#7601,#7606);
#7601 = PLANE('',#7602);
#7602 = AXIS2_PLACEMENT_3D('',#7603,#7604,#7605);
#7603 = CARTESIAN_POINT('',(6.045555555556,9.404166666667,5.));
#7604 = DIRECTION('',(1.,0.,-0.));
#7605 = DIRECTION('',(0.,0.,1.));
#7606 = DEFINITIONAL_REPRESENTATION('',(#7607),#7611);
#7607 = LINE('',#7608,#7609);
#7608 = CARTESIAN_POINT('',(6.,0.));
#7609 = VECTOR('',#7610,1.);
#7610 = DIRECTION('',(0.,-1.));
#7611 = ( GEOMETRIC_REPRESENTATION_CONTEXT(2) 
PARAMETRIC_REPRESENTATION_CONTEXT() REPRESENTATION_CONTEXT('2D SPACE',''
  ) );
#7612 = ORIENTED_EDGE('',*,*,#7613,.T.);
#7613 = EDGE_CURVE('',#7586,#7614,#7616,.T.);
#7614 = VERTEX_POINT('',#7615);
#7615 = CARTESIAN_POINT('',(12.101111111111,9.404166666667,11.));
#7616 = SURFACE_CURVE('',#7617,(#7621,#7628),.PCURVE_S1.);
#7617 = LINE('',#7618,#7619);
#7618 = CARTESIAN_POINT('',(6.045555555556,9.404166666667,11.));
#7619 = VECTOR('',#7620,1.);
#7620 = DIRECTION('',(1.,0.,-0.));
#7621 = PCURVE('',#2713,#7622);
#7622 = DEFINITIONAL_REPRESENTATION('',(#7623),#7627);
#7623 = LINE('',#7624,#7625);
#7624 = CARTESIAN_POINT('',(6.055555555556,-0.397222222222));
#7625 = VECTOR('',#7626,1.);
#7626 = DIRECTION('',(1.,0.));
#7627 = ( GEOMETRIC_REPRESENTATION_CONTEXT(2) 
PARAMETRIC_REPRESENTATION_CONTEXT() REPRESENTATION_CONTEXT('2D SPACE',''
  ) );
#7628 = PCURVE('',#7629,#7634);
#7629 = PLANE('',#7630);
#7630 = AXIS2_PLACEMENT_3D('',#7631,#7632,#7633);
#7631 = CARTESIAN_POINT('',(6.045555555556,9.404166666667,5.));
#7632 = DIRECTION('',(-0.,1.,0.));
#7633 = DIRECTION('',(0.,0.,1.));
#7634 = DEFINITIONAL_REPRESENTATION('',(#7635),#7639);
#7635 = LINE('',#7636,#7637);
#7636 = CARTESIAN_POINT('',(6.,0.));
#7637 = VECTOR('',#7638,1.);
#7638 = DIRECTION('',(0.,1.));
#7639 = ( GEOMETRIC_REPRESENTATION_CONTEXT(2) 
PARAMETRIC_REPRESENTATION_CONTEXT() REPRESENTATION_CONTEXT('2D SPACE',''
  ) );
#7640 = ORIENTED_EDGE('',*,*,#7641,.F.);
#7641 = EDGE_CURVE('',#7642,#7614,#7644,.T.);
#7642 = VERTEX_POINT('',#7643);
#7643 = CARTESIAN_POINT('',(12.101111111111,9.006944444444,11.));
#7644 = SURFACE_CURVE('',#7645,(#7649,#7656),.PCURVE_S1.);
#7645 = LINE('',#7646,#7647);
#7646 = CARTESIAN_POINT('',(12.101111111111,9.006944444444,11.));
#7647 = VECTOR('',#7648,1.);
#7648 = DIRECTION('',(-0.,1.,0.));
#7649 = PCURVE('',#2713,#7650);
#7650 = DEFINITIONAL_REPRESENTATION('',(#7651),#7655);
#7651 = LINE('',#7652,#7653);
#7652 = CARTESIAN_POINT('',(12.111111111111,-0.794444444444));
#7653 = VECTOR('',#7654,1.);
#7654 = DIRECTION('',(0.,1.));
#7655 = ( GEOMETRIC_REPRESENTATION_CONTEXT(2) 
PARAMETRIC_REPRESENTATION_CONTEXT() REPRESENTATION_CONTEXT('2D SPACE',''
  ) );
#7656 = PCURVE('',#7657,#7662);
#7657 = PLANE('',#7658);
#7658 = AXIS2_PLACEMENT_3D('',#7659,#7660,#7661);
#7659 = CARTESIAN_POINT('',(12.101111111111,9.006944444444,5.));
#7660 = DIRECTION('',(1.,0.,-0.));
#7661 = DIRECTION('',(0.,0.,1.));
#7662 = DEFINITIONAL_REPRESENTATION('',(#7663),#7667);
#7663 = LINE('',#7664,#7665);
#7664 = CARTESIAN_POINT('',(6.,0.));
#7665 = VECTOR('',#7666,1.);
#7666 = DIRECTION('',(0.,-1.));
#7667 = ( GEOMETRIC_REPRESENTATION_CONTEXT(2) 
PARAMETRIC_REPRESENTATION_CONTEXT() REPRESENTATION_CONTEXT('2D SPACE',''
  ) );
#7668 = ORIENTED_EDGE('',*,*,#7669,.T.);
#7669 = EDGE_CURVE('',#7642,#7670,#7672,.T.);
#7670 = VERTEX_POINT('',#7671);
#7671 = CARTESIAN_POINT('',(18.156666666667,9.006944444444,11.));
#7672 = SURFACE_CURVE('',#7673,(#7677,#7684),.PCURVE_S1.);
#7673 = LINE('',#7674,#7675);
#7674 = CARTESIAN_POINT('',(12.101111111111,9.006944444444,11.));
#7675 = VECTOR('',#7676,1.);
#7676 = DIRECTION('',(1.,0.,-0.));
#7677 = PCURVE('',#2713,#7678);
#7678 = DEFINITIONAL_REPRESENTATION('',(#7679),#7683);
#7679 = LINE('',#7680,#7681);
#7680 = CARTESIAN_POINT('',(12.111111111111,-0.794444444444));
#7681 = VECTOR('',#7682,1.);
#7682 = DIRECTION('',(1.,0.));
#7683 = ( GEOMETRIC_REPRESENTATION_CONTEXT(2) 
PARAMETRIC_REPRESENTATION_CONTEXT() REPRESENTATION_CONTEXT('2D SPACE',''
  ) );
#7684 = PCURVE('',#7685,#7690);
#7685 = PLANE('',#7686);
#7686 = AXIS2_PLACEMENT_3D('',#7687,#7688,#7689);
#7687 = CARTESIAN_POINT('',(12.101111111111,9.006944444444,5.));
#7688 = DIRECTION('',(-0.,1.,0.));
#7689 = DIRECTION('',(0.,0.,1.));
#7690 = DEFINITIONAL_REPRESENTATION('',(#7691),#7695);
#7691 = LINE('',#7692,#7693);
#7692 = CARTESIAN_POINT('',(6.,0.));
#7693 = VECTOR('',#7694,1.);
#7694 = DIRECTION('',(0.,1.));
#7695 = ( GEOMETRIC_REPRESENTATION_CONTEXT(2) 
PARAMETRIC_REPRESENTATION_CONTEXT() REPRESENTATION_CONTEXT('2D SPACE',''
  ) );
#7696 = ORIENTED_EDGE('',*,*,#7697,.F.);
#7697 = EDGE_CURVE('',#7698,#7670,#7700,.T.);
#7698 = VERTEX_POINT('',#7699);
#7699 = CARTESIAN_POINT('',(18.156666666667,8.609722222222,11.));
#7700 = SURFACE_CURVE('',#7701,(#7705,#7712),.PCURVE_S1.);
#7701 = LINE('',#7702,#7703);
#7702 = CARTESIAN_POINT('',(18.156666666667,8.609722222222,11.));
#7703 = VECTOR('',#7704,1.);
#7704 = DIRECTION('',(-0.,1.,0.));
#7705 = PCURVE('',#2713,#7706);
#7706 = DEFINITIONAL_REPRESENTATION('',(#7707),#7711);
#7707 = LINE('',#7708,#7709);
#7708 = CARTESIAN_POINT('',(18.166666666667,-1.191666666667));
#7709 = VECTOR('',#7710,1.);
#7710 = DIRECTION('',(0.,1.));
#7711 = ( GEOMETRIC_REPRESENTATION_CONTEXT(2) 
PARAMETRIC_REPRESENTATION_CONTEXT() REPRESENTATION_CONTEXT('2D SPACE',''
  ) );
#7712 = PCURVE('',#7713,#7718);
#7713 = PLANE('',#7714);
#7714 = AXIS2_PLACEMENT_3D('',#7715,#7716,#7717);
#7715 = CARTESIAN_POINT('',(18.156666666667,8.609722222222,5.));
#7716 = DIRECTION('',(1.,0.,-0.));
#7717 = DIRECTION('',(0.,0.,1.));
#7718 = DEFINITIONAL_REPRESENTATION('',(#7719),#7723);
#7719 = LINE('',#7720,#7721);
#7720 = CARTESIAN_POINT('',(6.,0.));
#7721 = VECTOR('',#7722,1.);
#7722 = DIRECTION('',(0.,-1.));
#7723 = ( GEOMETRIC_REPRESENTATION_CONTEXT(2) 
PARAMETRIC_REPRESENTATION_CONTEXT() REPRESENTATION_CONTEXT('2D SPACE',''
  ) );
#7724 = ORIENTED_EDGE('',*,*,#7725,.T.);
#7725 = EDGE_CURVE('',#7698,#7726,#7728,.T.);
#7726 = VERTEX_POINT('',#7727);
#7727 = CARTESIAN_POINT('',(24.212222222222,8.609722222222,11.));
#7728 = SURFACE_CURVE('',#7729,(#7733,#7740),.PCURVE_S1.);
#7729 = LINE('',#7730,#7731);
#7730 = CARTESIAN_POINT('',(18.156666666667,8.609722222222,11.));
#7731 = VECTOR('',#7732,1.);
#7732 = DIRECTION('',(1.,0.,-0.));
#7733 = PCURVE('',#2713,#7734);
#7734 = DEFINITIONAL_REPRESENTATION('',(#7735),#7739);
#7735 = LINE('',#7736,#7737);
#7736 = CARTESIAN_POINT('',(18.166666666667,-1.191666666667));
#7737 = VECTOR('',#7738,1.);
#7738 = DIRECTION('',(1.,0.));
#7739 = ( GEOMETRIC_REPRESENTATION_CONTEXT(2) 
PARAMETRIC_REPRESENTATION_CONTEXT() REPRESENTATION_CONTEXT('2D SPACE',''
  ) );
#7740 = PCURVE('',#7741,#7746);
#7741 = PLANE('',#7742);
#7742 = AXIS2_PLACEMENT_3D('',#7743,#7744,#7745);
#7743 = CARTESIAN_POINT('',(18.156666666667,8.609722222222,5.));
#7744 = DIRECTION('',(-0.,1.,0.));
#7745 = DIRECTION('',(0.,0.,1.));
#7746 = DEFINITIONAL_REPRESENTATION('',(#7747),#7751);
#7747 = LINE('',#7748,#7749);
#7748 = CARTESIAN_POINT('',(6.,0.));
#7749 = VECTOR('',#7750,1.);
#7750 = DIRECTION('',(0.,1.));
#7751 = ( GEOMETRIC_REPRESENTATION_CONTEXT(2) 
PARAMETRIC_REPRESENTATION_CONTEXT() REPRESENTATION_CONTEXT('2D SPACE',''
  ) );
#7752 = ORIENTED_EDGE('',*,*,#7753,.F.);
#7753 = EDGE_CURVE('',#7754,#7726,#7756,.T.);
#7754 = VERTEX_POINT('',#7755);
#7755 = CARTESIAN_POINT('',(24.212222222222,8.2125,11.));
#7756 = SURFACE_CURVE('',#7757,(#7761,#7768),.PCURVE_S1.);
#7757 = LINE('',#7758,#7759);
#7758 = CARTESIAN_POINT('',(24.212222222222,8.2125,11.));
#7759 = VECTOR('',#7760,1.);
#7760 = DIRECTION('',(-0.,1.,0.));
#7761 = PCURVE('',#2713,#7762);
#7762 = DEFINITIONAL_REPRESENTATION('',(#7763),#7767);
#7763 = LINE('',#7764,#7765);
#7764 = CARTESIAN_POINT('',(24.222222222222,-1.588888888889));
#7765 = VECTOR('',#7766,1.);
#7766 = DIRECTION('',(0.,1.));
#7767 = ( GEOMETRIC_REPRESENTATION_CONTEXT(2) 
PARAMETRIC_REPRESENTATION_CONTEXT() REPRESENTATION_CONTEXT('2D SPACE',''
  ) );
#7768 = PCURVE('',#7769,#7774);
#7769 = PLANE('',#7770);
#7770 = AXIS2_PLACEMENT_3D('',#7771,#7772,#7773);
#7771 = CARTESIAN_POINT('',(24.212222222222,8.2125,5.));
#7772 = DIRECTION('',(1.,0.,-0.));
#7773 = DIRECTION('',(0.,0.,1.));
#7774 = DEFINITIONAL_REPRESENTATION('',(#7775),#7779);
#7775 = LINE('',#7776,#7777);
#7776 = CARTESIAN_POINT('',(6.,0.));
#7777 = VECTOR('',#7778,1.);
#7778 = DIRECTION('',(0.,-1.));
#7779 = ( GEOMETRIC_REPRESENTATION_CONTEXT(2) 
PARAMETRIC_REPRESENTATION_CONTEXT() REPRESENTATION_CONTEXT('2D SPACE',''
  ) );
#7780 = ORIENTED_EDGE('',*,*,#7781,.T.);
#7781 = EDGE_CURVE('',#7754,#7782,#7784,.T.);
#7782 = VERTEX_POINT('',#7783);
#7783 = CARTESIAN_POINT('',(30.267777777778,8.2125,11.));
#7784 = SURFACE_CURVE('',#7785,(#7789,#7796),.PCURVE_S1.);
#7785 = LINE('',#7786,#7787);
#7786 = CARTESIAN_POINT('',(24.212222222222,8.2125,11.));
#7787 = VECTOR('',#7788,1.);
#7788 = DIRECTION('',(1.,0.,-0.));
#7789 = PCURVE('',#2713,#7790);
#7790 = DEFINITIONAL_REPRESENTATION('',(#7791),#7795);
#7791 = LINE('',#7792,#7793);
#7792 = CARTESIAN_POINT('',(24.222222222222,-1.588888888889));
#7793 = VECTOR('',#7794,1.);
#7794 = DIRECTION('',(1.,0.));
#7795 = ( GEOMETRIC_REPRESENTATION_CONTEXT(2) 
PARAMETRIC_REPRESENTATION_CONTEXT() REPRESENTATION_CONTEXT('2D SPACE',''
  ) );
#7796 = PCURVE('',#7797,#7802);
#7797 = PLANE('',#7798);
#7798 = AXIS2_PLACEMENT_3D('',#7799,#7800,#7801);
#7799 = CARTESIAN_POINT('',(24.212222222222,8.2125,5.));
#7800 = DIRECTION('',(-0.,1.,0.));
#7801 = DIRECTION('',(0.,0.,1.));
#7802 = DEFINITIONAL_REPRESENTATION('',(#7803),#7807);
#7803 = LINE('',#7804,#7805);
#7804 = CARTESIAN_POINT('',(6.,0.));
#7805 = VECTOR('',#7806,1.);
#7806 = DIRECTION('',(0.,1.));
#7807 = ( GEOMETRIC_REPRESENTATION_CONTEXT(2) 
PARAMETRIC_REPRESENTATION_CONTEXT() REPRESENTATION_CONTEXT('2D SPACE',''
  ) );
#7808 = ORIENTED_EDGE('',*,*,#7809,.F.);
#7809 = EDGE_CURVE('',#7810,#7782,#7812,.T.);
#7810 = VERTEX_POINT('',#7811);
#7811 = CARTESIAN_POINT('',(30.267777777778,7.815277777778,11.));
#7812 = SURFACE_CURVE('',#7813,(#7817,#7824),.PCURVE_S1.);
#7813 = LINE('',#7814,#7815);
#7814 = CARTESIAN_POINT('',(30.267777777778,7.815277777778,11.));
#7815 = VECTOR('',#7816,1.);
#7816 = DIRECTION('',(-0.,1.,0.));
#7817 = PCURVE('',#2713,#7818);
#7818 = DEFINITIONAL_REPRESENTATION('',(#7819),#7823);
#7819 = LINE('',#7820,#7821);
#7820 = CARTESIAN_POINT('',(30.277777777778,-1.986111111111));
#7821 = VECTOR('',#7822,1.);
#7822 = DIRECTION('',(0.,1.));
#7823 = ( GEOMETRIC_REPRESENTATION_CONTEXT(2) 
PARAMETRIC_REPRESENTATION_CONTEXT() REPRESENTATION_CONTEXT('2D SPACE',''
  ) );
#7824 = PCURVE('',#7825,#7830);
#7825 = PLANE('',#7826);
#7826 = AXIS2_PLACEMENT_3D('',#7827,#7828,#7829);
#7827 = CARTESIAN_POINT('',(30.267777777778,7.815277777778,5.));
#7828 = DIRECTION('',(1.,0.,-0.));
#7829 = DIRECTION('',(0.,0.,1.));
#7830 = DEFINITIONAL_REPRESENTATION('',(#7831),#7835);
#7831 = LINE('',#7832,#7833);
#7832 = CARTESIAN_POINT('',(6.,0.));
#7833 = VECTOR('',#7834,1.);
#7834 = DIRECTION('',(0.,-1.));
#7835 = ( GEOMETRIC_REPRESENTATION_CONTEXT(2) 
PARAMETRIC_REPRESENTATION_CONTEXT() REPRESENTATION_CONTEXT('2D SPACE',''
  ) );
#7836 = ORIENTED_EDGE('',*,*,#7837,.T.);
#7837 = EDGE_CURVE('',#7810,#7838,#7840,.T.);
#7838 = VERTEX_POINT('',#7839);
#7839 = CARTESIAN_POINT('',(36.323333333333,7.815277777778,11.));
#7840 = SURFACE_CURVE('',#7841,(#7845,#7852),.PCURVE_S1.);
#7841 = LINE('',#7842,#7843);
#7842 = CARTESIAN_POINT('',(30.267777777778,7.815277777778,11.));
#7843 = VECTOR('',#7844,1.);
#7844 = DIRECTION('',(1.,0.,-0.));
#7845 = PCURVE('',#2713,#7846);
#7846 = DEFINITIONAL_REPRESENTATION('',(#7847),#7851);
#7847 = LINE('',#7848,#7849);
#7848 = CARTESIAN_POINT('',(30.277777777778,-1.986111111111));
#7849 = VECTOR('',#7850,1.);
#7850 = DIRECTION('',(1.,0.));
#7851 = ( GEOMETRIC_REPRESENTATION_CONTEXT(2) 
PARAMETRIC_REPRESENTATION_CONTEXT() REPRESENTATION_CONTEXT('2D SPACE',''
  ) );
#7852 = PCURVE('',#7853,#7858);
#7853 = PLANE('',#7854);
#7854 = AXIS2_PLACEMENT_3D('',#7855,#7856,#7857);
#7855 = CARTESIAN_POINT('',(30.267777777778,7.815277777778,5.));
#7856 = DIRECTION('',(-0.,1.,0.));
#7857 = DIRECTION('',(0.,0.,1.));
#7858 = DEFINITIONAL_REPRESENTATION('',(#7859),#7863);
#7859 = LINE('',#7860,#7861);
#7860 = CARTESIAN_POINT('',(6.,0.));
#7861 = VECTOR('',#7862,1.);
#7862 = DIRECTION('',(0.,1.));
#7863 = ( GEOMETRIC_REPRESENTATION_CONTEXT(2) 
PARAMETRIC_REPRESENTATION_CONTEXT() REPRESENTATION_CONTEXT('2D SPACE',''
  ) );
#7864 = ORIENTED_EDGE('',*,*,#7865,.F.);
#7865 = EDGE_CURVE('',#7866,#7838,#7868,.T.);
#7866 = VERTEX_POINT('',#7867);
#7867 = CARTESIAN_POINT('',(36.323333333333,7.418055555556,11.));
#7868 = SURFACE_CURVE('',#7869,(#7873,#7880),.PCURVE_S1.);
#7869 = LINE('',#7870,#7871);
#7870 = CARTESIAN_POINT('',(36.323333333333,7.418055555556,11.));
#7871 = VECTOR('',#7872,1.);
#7872 = DIRECTION('',(-0.,1.,0.));
#7873 = PCURVE('',#2713,#7874);
#7874 = DEFINITIONAL_REPRESENTATION('',(#7875),#7879);
#7875 = LINE('',#7876,#7877);
#7876 = CARTESIAN_POINT('',(36.333333333333,-2.383333333333));
#7877 = VECTOR('',#7878,1.);
#7878 = DIRECTION('',(0.,1.));
#7879 = ( GEOMETRIC_REPRESENTATION_CONTEXT(2) 
PARAMETRIC_REPRESENTATION_CONTEXT() REPRESENTATION_CONTEXT('2D SPACE',''
  ) );
#7880 = PCURVE('',#7881,#7886);
#7881 = PLANE('',#7882);
#7882 = AXIS2_PLACEMENT_3D('',#7883,#7884,#7885);
#7883 = CARTESIAN_POINT('',(36.323333333333,7.418055555556,5.));
#7884 = DIRECTION('',(1.,0.,-0.));
#7885 = DIRECTION('',(0.,0.,1.));
#7886 = DEFINITIONAL_REPRESENTATION('',(#7887),#7891);
#7887 = LINE('',#7888,#7889);
#7888 = CARTESIAN_POINT('',(6.,0.));
#7889 = VECTOR('',#7890,1.);
#7890 = DIRECTION('',(0.,-1.));
#7891 = ( GEOMETRIC_REPRESENTATION_CONTEXT(2) 
PARAMETRIC_REPRESENTATION_CONTEXT() REPRESENTATION_CONTEXT('2D SPACE',''
  ) );
#7892 = ORIENTED_EDGE('',*,*,#7893,.T.);
#7893 = EDGE_CURVE('',#7866,#7894,#7896,.T.);
#7894 = VERTEX_POINT('',#7895);
#7895 = CARTESIAN_POINT('',(42.378888888889,7.418055555556,11.));
#7896 = SURFACE_CURVE('',#7897,(#7901,#7908),.PCURVE_S1.);
#7897 = LINE('',#7898,#7899);
#7898 = CARTESIAN_POINT('',(36.323333333333,7.418055555556,11.));
#7899 = VECTOR('',#7900,1.);
#7900 = DIRECTION('',(1.,0.,-0.));
#7901 = PCURVE('',#2713,#7902);
#7902 = DEFINITIONAL_REPRESENTATION('',(#7903),#7907);
#7903 = LINE('',#7904,#7905);
#7904 = CARTESIAN_POINT('',(36.333333333333,-2.383333333333));
#7905 = VECTOR('',#7906,1.);
#7906 = DIRECTION('',(1.,0.));
#7907 = ( GEOMETRIC_REPRESENTATION_CONTEXT(2) 
PARAMETRIC_REPRESENTATION_CONTEXT() REPRESENTATION_CONTEXT('2D SPACE',''
  ) );
#7908 = PCURVE('',#7909,#7914);
#7909 = PLANE('',#7910);
#7910 = AXIS2_PLACEMENT_3D('',#7911,#7912,#7913);
#7911 = CARTESIAN_POINT('',(36.323333333333,7.418055555556,5.));
#7912 = DIRECTION('',(-0.,1.,0.));
#7913 = DIRECTION('',(0.,0.,1.));
#7914 = DEFINITIONAL_REPRESENTATION('',(#7915),#7919);
#7915 = LINE('',#7916,#7917);
#7916 = CARTESIAN_POINT('',(6.,0.));
#7917 = VECTOR('',#7918,1.);
#7918 = DIRECTION('',(0.,1.));
#7919 = ( GEOMETRIC_REPRESENTATION_CONTEXT(2) 
PARAMETRIC_REPRESENTATION_CONTEXT() REPRESENTATION_CONTEXT('2D SPACE',''
  ) );
#7920 = ORIENTED_EDGE('',*,*,#7921,.F.);
#7921 = EDGE_CURVE('',#7922,#7894,#7924,.T.);
#7922 = VERTEX_POINT('',#7923);
#7923 = CARTESIAN_POINT('',(42.378888888889,7.020833333333,11.));
#7924 = SURFACE_CURVE('',#7925,(#7929,#7936),.PCURVE_S1.);
#7925 = LINE('',#7926,#7927);
#7926 = CARTESIAN_POINT('',(42.378888888889,7.020833333333,11.));
#7927 = VECTOR('',#7928,1.);
#7928 = DIRECTION('',(-0.,1.,0.));
#7929 = PCURVE('',#2713,#7930);
#7930 = DEFINITIONAL_REPRESENTATION('',(#7931),#7935);
#7931 = LINE('',#7932,#7933);
#7932 = CARTESIAN_POINT('',(42.388888888889,-2.780555555556));
#7933 = VECTOR('',#7934,1.);
#7934 = DIRECTION('',(0.,1.));
#7935 = ( GEOMETRIC_REPRESENTATION_CONTEXT(2) 
PARAMETRIC_REPRESENTATION_CONTEXT() REPRESENTATION_CONTEXT('2D SPACE',''
  ) );
#7936 = PCURVE('',#7937,#7942);
#7937 = PLANE('',#7938);
#7938 = AXIS2_PLACEMENT_3D('',#7939,#7940,#7941);
#7939 = CARTESIAN_POINT('',(42.378888888889,7.020833333333,5.));
#7940 = DIRECTION('',(1.,0.,-0.));
#7941 = DIRECTION('',(0.,0.,1.));
#7942 = DEFINITIONAL_REPRESENTATION('',(#7943),#7947);
#7943 = LINE('',#7944,#7945);
#7944 = CARTESIAN_POINT('',(6.,0.));
#7945 = VECTOR('',#7946,1.);
#7946 = DIRECTION('',(0.,-1.));
#7947 = ( GEOMETRIC_REPRESENTATION_CONTEXT(2) 
PARAMETRIC_REPRESENTATION_CONTEXT() REPRESENTATION_CONTEXT('2D SPACE',''
  ) );
#7948 = ORIENTED_EDGE('',*,*,#7949,.T.);
#7949 = EDGE_CURVE('',#7922,#7950,#7952,.T.);
#7950 = VERTEX_POINT('',#7951);
#7951 = CARTESIAN_POINT('',(48.434444444444,7.020833333333,11.));
#7952 = SURFACE_CURVE('',#7953,(#7957,#7964),.PCURVE_S1.);
#7953 = LINE('',#7954,#7955);
#7954 = CARTESIAN_POINT('',(42.378888888889,7.020833333333,11.));
#7955 = VECTOR('',#7956,1.);
#7956 = DIRECTION('',(1.,0.,-0.));
#7957 = PCURVE('',#2713,#7958);
#7958 = DEFINITIONAL_REPRESENTATION('',(#7959),#7963);
#7959 = LINE('',#7960,#7961);
#7960 = CARTESIAN_POINT('',(42.388888888889,-2.780555555556));
#7961 = VECTOR('',#7962,1.);
#7962 = DIRECTION('',(1.,0.));
#7963 = ( GEOMETRIC_REPRESENTATION_CONTEXT(2) 
PARAMETRIC_REPRESENTATION_CONTEXT() REPRESENTATION_CONTEXT('2D SPACE',''
  ) );
#7964 = PCURVE('',#7965,#7970);
#7965 = PLANE('',#7966);
#7966 = AXIS2_PLACEMENT_3D('',#7967,#7968,#7969);
#7967 = CARTESIAN_POINT('',(42.378888888889,7.020833333333,5.));
#7968 = DIRECTION('',(-0.,1.,0.));
#7969 = DIRECTION('',(0.,0.,1.));
#7970 = DEFINITIONAL_REPRESENTATION('',(#7971),#7975);
#7971 = LINE('',#7972,#7973);
#7972 = CARTESIAN_POINT('',(6.,0.));
#7973 = VECTOR('',#7974,1.);
#7974 = DIRECTION('',(0.,1.));
#7975 = ( GEOMETRIC_REPRESENTATION_CONTEXT(2) 
PARAMETRIC_REPRESENTATION_CONTEXT() REPRESENTATION_CONTEXT('2D SPACE',''
  ) );
#7976 = ORIENTED_EDGE('',*,*,#7977,.F.);
#7977 = EDGE_CURVE('',#7978,#7950,#7980,.T.);
#7978 = VERTEX_POINT('',#7979);
#7979 = CARTESIAN_POINT('',(48.434444444444,6.623611111111,11.));
#7980 = SURFACE_CURVE('',#7981,(#7985,#7992),.PCURVE_S1.);
#7981 = LINE('',#7982,#7983);
#7982 = CARTESIAN_POINT('',(48.434444444444,6.623611111111,11.));
#7983 = VECTOR('',#7984,1.);
#7984 = DIRECTION('',(-0.,1.,0.));
#7985 = PCURVE('',#2713,#7986);
#7986 = DEFINITIONAL_REPRESENTATION('',(#7987),#7991);
#7987 = LINE('',#7988,#7989);
#7988 = CARTESIAN_POINT('',(48.444444444444,-3.177777777778));
#7989 = VECTOR('',#7990,1.);
#7990 = DIRECTION('',(0.,1.));
#7991 = ( GEOMETRIC_REPRESENTATION_CONTEXT(2) 
PARAMETRIC_REPRESENTATION_CONTEXT() REPRESENTATION_CONTEXT('2D SPACE',''
  ) );
#7992 = PCURVE('',#7993,#7998);
#7993 = PLANE('',#7994);
#7994 = AXIS2_PLACEMENT_3D('',#7995,#7996,#7997);
#7995 = CARTESIAN_POINT('',(48.434444444444,6.623611111111,5.));
#7996 = DIRECTION('',(1.,0.,-0.));
#7997 = DIRECTION('',(0.,0.,1.));
#7998 = DEFINITIONAL_REPRESENTATION('',(#7999),#8003);
#7999 = LINE('',#8000,#8001);
#8000 = CARTESIAN_POINT('',(6.,0.));
#8001 = VECTOR('',#8002,1.);
#8002 = DIRECTION('',(0.,-1.));
#8003 = ( GEOMETRIC_REPRESENTATION_CONTEXT(2) 
PARAMETRIC_REPRESENTATION_CONTEXT() REPRESENTATION_CONTEXT('2D SPACE',''
  ) );
#8004 = ORIENTED_EDGE('',*,*,#8005,.T.);
#8005 = EDGE_CURVE('',#7978,#8006,#8008,.T.);
#8006 = VERTEX_POINT('',#8007);
#8007 = CARTESIAN_POINT('',(54.49,6.623611111111,11.));
#8008 = SURFACE_CURVE('',#8009,(#8013,#8020),.PCURVE_S1.);
#8009 = LINE('',#8010,#8011);
#8010 = CARTESIAN_POINT('',(48.434444444444,6.623611111111,11.));
#8011 = VECTOR('',#8012,1.);
#8012 = DIRECTION('',(1.,0.,-0.));
#8013 = PCURVE('',#2713,#8014);
#8014 = DEFINITIONAL_REPRESENTATION('',(#8015),#8019);
#8015 = LINE('',#8016,#8017);
#8016 = CARTESIAN_POINT('',(48.444444444444,-3.177777777778));
#8017 = VECTOR('',#8018,1.);
#8018 = DIRECTION('',(1.,0.));
#8019 = ( GEOMETRIC_REPRESENTATION_CONTEXT(2) 
PARAMETRIC_REPRESENTATION_CONTEXT() REPRESENTATION_CONTEXT('2D SPACE',''
  ) );
#8020 = PCURVE('',#8021,#8026);
#8021 = PLANE('',#8022);
#8022 = AXIS2_PLACEMENT_3D('',#8023,#8024,#8025);
#8023 = CARTESIAN_POINT('',(48.434444444444,6.623611111111,5.));
#8024 = DIRECTION('',(-0.,1.,0.));
#8025 = DIRECTION('',(0.,0.,1.));
#8026 = DEFINITIONAL_REPRESENTATION('',(#8027),#8031);
#8027 = LINE('',#8028,#8029);
#8028 = CARTESIAN_POINT('',(6.,0.));
#8029 = VECTOR('',#8030,1.);
#8030 = DIRECTION('',(0.,1.));
#8031 = ( GEOMETRIC_REPRESENTATION_CONTEXT(2) 
PARAMETRIC_REPRESENTATION_CONTEXT() REPRESENTATION_CONTEXT('2D SPACE',''
  ) );
#8032 = ORIENTED_EDGE('',*,*,#8033,.F.);
#8033 = EDGE_CURVE('',#8034,#8006,#8036,.T.);
#8034 = VERTEX_POINT('',#8035);
#8035 = CARTESIAN_POINT('',(54.49,6.226388888889,11.));
#8036 = SURFACE_CURVE('',#8037,(#8041,#8048),.PCURVE_S1.);
#8037 = LINE('',#8038,#8039);
#8038 = CARTESIAN_POINT('',(54.49,6.226388888889,11.));
#8039 = VECTOR('',#8040,1.);
#8040 = DIRECTION('',(-0.,1.,0.));
#8041 = PCURVE('',#2713,#8042);
#8042 = DEFINITIONAL_REPRESENTATION('',(#8043),#8047);
#8043 = LINE('',#8044,#8045);
#8044 = CARTESIAN_POINT('',(54.5,-3.575));
#8045 = VECTOR('',#8046,1.);
#8046 = DIRECTION('',(0.,1.));
#8047 = ( GEOMETRIC_REPRESENTATION_CONTEXT(2) 
PARAMETRIC_REPRESENTATION_CONTEXT() REPRESENTATION_CONTEXT('2D SPACE',''
  ) );
#8048 = PCURVE('',#8049,#8054);
#8049 = PLANE('',#8050);
#8050 = AXIS2_PLACEMENT_3D('',#8051,#8052,#8053);
#8051 = CARTESIAN_POINT('',(54.49,6.226388888889,5.));
#8052 = DIRECTION('',(1.,0.,-0.));
#8053 = DIRECTION('',(0.,0.,1.));
#8054 = DEFINITIONAL_REPRESENTATION('',(#8055),#8059);
#8055 = LINE('',#8056,#8057);
#8056 = CARTESIAN_POINT('',(6.,0.));
#8057 = VECTOR('',#8058,1.);
#8058 = DIRECTION('',(0.,-1.));
#8059 = ( GEOMETRIC_REPRESENTATION_CONTEXT(2) 
PARAMETRIC_REPRESENTATION_CONTEXT() REPRESENTATION_CONTEXT('2D SPACE',''
  ) );
#8060 = ORIENTED_EDGE('',*,*,#8061,.T.);
#8061 = EDGE_CURVE('',#8034,#8062,#8064,.T.);
#8062 = VERTEX_POINT('',#8063);
#8063 = CARTESIAN_POINT('',(60.545555555556,6.226388888889,11.));
#8064 = SURFACE_CURVE('',#8065,(#8069,#8076),.PCURVE_S1.);
#8065 = LINE('',#8066,#8067);
#8066 = CARTESIAN_POINT('',(54.49,6.226388888889,11.));
#8067 = VECTOR('',#8068,1.);
#8068 = DIRECTION('',(1.,0.,-0.));
#8069 = PCURVE('',#2713,#8070);
#8070 = DEFINITIONAL_REPRESENTATION('',(#8071),#8075);
#8071 = LINE('',#8072,#8073);
#8072 = CARTESIAN_POINT('',(54.5,-3.575));
#8073 = VECTOR('',#8074,1.);
#8074 = DIRECTION('',(1.,0.));
#8075 = ( GEOMETRIC_REPRESENTATION_CONTEXT(2) 
PARAMETRIC_REPRESENTATION_CONTEXT() REPRESENTATION_CONTEXT('2D SPACE',''
  ) );
#8076 = PCURVE('',#8077,#8082);
#8077 = PLANE('',#8078);
#8078 = AXIS2_PLACEMENT_3D('',#8079,#8080,#8081);
#8079 = CARTESIAN_POINT('',(54.49,6.226388888889,5.));
#8080 = DIRECTION('',(-0.,1.,0.));
#8081 = DIRECTION('',(0.,0.,1.));
#8082 = DEFINITIONAL_REPRESENTATION('',(#8083),#8087);
#8083 = LINE('',#8084,#8085);
#8084 = CARTESIAN_POINT('',(6.,0.));
#8085 = VECTOR('',#8086,1.);
#8086 = DIRECTION('',(0.,1.));
#8087 = ( GEOMETRIC_REPRESENTATION_CONTEXT(2) 
PARAMETRIC_REPRESENTATION_CONTEXT() REPRESENTATION_CONTEXT('2D SPACE',''
  ) );
#8088 = ORIENTED_EDGE('',*,*,#8089,.F.);
#8089 = EDGE_CURVE('',#8090,#8062,#8092,.T.);
#8090 = VERTEX_POINT('',#8091);
#8091 = CARTESIAN_POINT('',(60.545555555556,5.829166666667,11.));
#8092 = SURFACE_CURVE('',#8093,(#8097,#8104),.PCURVE_S1.);
#8093 = LINE('',#8094,#8095);
#8094 = CARTESIAN_POINT('',(60.545555555556,5.829166666667,11.));
#8095 = VECTOR('',#8096,1.);
#8096 = DIRECTION('',(-0.,1.,0.));
#8097 = PCURVE('',#2713,#8098);
#8098 = DEFINITIONAL_REPRESENTATION('',(#8099),#8103);
#8099 = LINE('',#8100,#8101);
#8100 = CARTESIAN_POINT('',(60.555555555556,-3.972222222222));
#8101 = VECTOR('',#8102,1.);
#8102 = DIRECTION('',(0.,1.));
#8103 = ( GEOMETRIC_REPRESENTATION_CONTEXT(2) 
PARAMETRIC_REPRESENTATION_CONTEXT() REPRESENTATION_CONTEXT('2D SPACE',''
  ) );
#8104 = PCURVE('',#8105,#8110);
#8105 = PLANE('',#8106);
#8106 = AXIS2_PLACEMENT_3D('',#8107,#8108,#8109);
#8107 = CARTESIAN_POINT('',(60.545555555556,5.829166666667,5.));
#8108 = DIRECTION('',(1.,0.,-0.));
#8109 = DIRECTION('',(0.,0.,1.));
#8110 = DEFINITIONAL_REPRESENTATION('',(#8111),#8115);
#8111 = LINE('',#8112,#8113);
#8112 = CARTESIAN_POINT('',(6.,0.));
#8113 = VECTOR('',#8114,1.);
#8114 = DIRECTION('',(0.,-1.));
#8115 = ( GEOMETRIC_REPRESENTATION_CONTEXT(2) 
PARAMETRIC_REPRESENTATION_CONTEXT() REPRESENTATION_CONTEXT('2D SPACE',''
  ) );
#8116 = ORIENTED_EDGE('',*,*,#8117,.T.);
#8117 = EDGE_CURVE('',#8090,#8118,#8120,.T.);
#8118 = VERTEX_POINT('',#8119);
#8119 = CARTESIAN_POINT('',(66.601111111111,5.829166666667,11.));
#8120 = SURFACE_CURVE('',#8121,(#8125,#8132),.PCURVE_S1.);
#8121 = LINE('',#8122,#8123);
#8122 = CARTESIAN_POINT('',(60.545555555556,5.829166666667,11.));
#8123 = VECTOR('',#8124,1.);
#8124 = DIRECTION('',(1.,0.,-0.));
#8125 = PCURVE('',#2713,#8126);
#8126 = DEFINITIONAL_REPRESENTATION('',(#8127),#8131);
#8127 = LINE('',#8128,#8129);
#8128 = CARTESIAN_POINT('',(60.555555555556,-3.972222222222));
#8129 = VECTOR('',#8130,1.);
#8130 = DIRECTION('',(1.,0.));
#8131 = ( GEOMETRIC_REPRESENTATION_CONTEXT(2) 
PARAMETRIC_REPRESENTATION_CONTEXT() REPRESENTATION_CONTEXT('2D SPACE',''
  ) );
#8132 = PCURVE('',#8133,#8138);
#8133 = PLANE('',#8134);
#8134 = AXIS2_PLACEMENT_3D('',#8135,#8136,#8137);
#8135 = CARTESIAN_POINT('',(60.545555555556,5.829166666667,5.));
#8136 = DIRECTION('',(-0.,1.,0.));
#8137 = DIRECTION('',(0.,0.,1.));
#8138 = DEFINITIONAL_REPRESENTATION('',(#8139),#8143);
#8139 = LINE('',#8140,#8141);
#8140 = CARTESIAN_POINT('',(6.,0.));
#8141 = VECTOR('',#8142,1.);
#8142 = DIRECTION('',(0.,1.));
#8143 = ( GEOMETRIC_REPRESENTATION_CONTEXT(2) 
PARAMETRIC_REPRESENTATION_CONTEXT() REPRESENTATION_CONTEXT('2D SPACE',''
  ) );
#8144 = ORIENTED_EDGE('',*,*,#8145,.F.);
#8145 = EDGE_CURVE('',#8146,#8118,#8148,.T.);
#8146 = VERTEX_POINT('',#8147);
#8147 = CARTESIAN_POINT('',(66.601111111111,5.431944444444,11.));
#8148 = SURFACE_CURVE('',#8149,(#8153,#8160),.PCURVE_S1.);
#8149 = LINE('',#8150,#8151);
#8150 = CARTESIAN_POINT('',(66.601111111111,5.431944444444,11.));
#8151 = VECTOR('',#8152,1.);
#8152 = DIRECTION('',(-0.,1.,0.));
#8153 = PCURVE('',#2713,#8154);
#8154 = DEFINITIONAL_REPRESENTATION('',(#8155),#8159);
#8155 = LINE('',#8156,#8157);
#8156 = CARTESIAN_POINT('',(66.611111111111,-4.369444444444));
#8157 = VECTOR('',#8158,1.);
#8158 = DIRECTION('',(0.,1.));
#8159 = ( GEOMETRIC_REPRESENTATION_CONTEXT(2) 
PARAMETRIC_REPRESENTATION_CONTEXT() REPRESENTATION_CONTEXT('2D SPACE',''
  ) );
#8160 = PCURVE('',#8161,#8166);
#8161 = PLANE('',#8162);
#8162 = AXIS2_PLACEMENT_3D('',#8163,#8164,#8165);
#8163 = CARTESIAN_POINT('',(66.601111111111,5.431944444444,5.));
#8164 = DIRECTION('',(1.,0.,-0.));
#8165 = DIRECTION('',(0.,0.,1.));
#8166 = DEFINITIONAL_REPRESENTATION('',(#8167),#8171);
#8167 = LINE('',#8168,#8169);
#8168 = CARTESIAN_POINT('',(6.,0.));
#8169 = VECTOR('',#8170,1.);
#8170 = DIRECTION('',(0.,-1.));
#8171 = ( GEOMETRIC_REPRESENTATION_CONTEXT(2) 
PARAMETRIC_REPRESENTATION_CONTEXT() REPRESENTATION_CONTEXT('2D SPACE',''
  ) );
#8172 = ORIENTED_EDGE('',*,*,#8173,.T.);
#8173 = EDGE_CURVE('',#8146,#8174,#8176,.T.);
#8174 = VERTEX_POINT('',#8175);
#8175 = CARTESIAN_POINT('',(72.656666666667,5.431944444444,11.));
#8176 = SURFACE_CURVE('',#8177,(#8181,#8188),.PCURVE_S1.);
#8177 = LINE('',#8178,#8179);
#8178 = CARTESIAN_POINT('',(66.601111111111,5.431944444444,11.));
#8179 = VECTOR('',#8180,1.);
#8180 = DIRECTION('',(1.,0.,-0.));
#8181 = PCURVE('',#2713,#8182);
#8182 = DEFINITIONAL_REPRESENTATION('',(#8183),#8187);
#8183 = LINE('',#8184,#8185);
#8184 = CARTESIAN_POINT('',(66.611111111111,-4.369444444444));
#8185 = VECTOR('',#8186,1.);
#8186 = DIRECTION('',(1.,0.));
#8187 = ( GEOMETRIC_REPRESENTATION_CONTEXT(2) 
PARAMETRIC_REPRESENTATION_CONTEXT() REPRESENTATION_CONTEXT('2D SPACE',''
  ) );
#8188 = PCURVE('',#8189,#8194);
#8189 = PLANE('',#8190);
#8190 = AXIS2_PLACEMENT_3D('',#8191,#8192,#8193);
#8191 = CARTESIAN_POINT('',(66.601111111111,5.431944444444,5.));
#8192 = DIRECTION('',(-0.,1.,0.));
#8193 = DIRECTION('',(0.,0.,1.));
#8194 = DEFINITIONAL_REPRESENTATION('',(#8195),#8199);
#8195 = LINE('',#8196,#8197);
#8196 = CARTESIAN_POINT('',(6.,0.));
#8197 = VECTOR('',#8198,1.);
#8198 = DIRECTION('',(0.,1.));
#8199 = ( GEOMETRIC_REPRESENTATION_CONTEXT(2) 
PARAMETRIC_REPRESENTATION_CONTEXT() REPRESENTATION_CONTEXT('2D SPACE',''
  ) );
#8200 = ORIENTED_EDGE('',*,*,#8201,.F.);
#8201 = EDGE_CURVE('',#8202,#8174,#8204,.T.);
#8202 = VERTEX_POINT('',#8203);
#8203 = CARTESIAN_POINT('',(72.656666666667,5.034722222222,11.));
#8204 = SURFACE_CURVE('',#8205,(#8209,#8216),.PCURVE_S1.);
#8205 = LINE('',#8206,#8207);
#8206 = CARTESIAN_POINT('',(72.656666666667,5.034722222222,11.));
#8207 = VECTOR('',#8208,1.);
#8208 = DIRECTION('',(-0.,1.,0.));
#8209 = PCURVE('',#2713,#8210);
#8210 = DEFINITIONAL_REPRESENTATION('',(#8211),#8215);
#8211 = LINE('',#8212,#8213);
#8212 = CARTESIAN_POINT('',(72.666666666667,-4.766666666667));
#8213 = VECTOR('',#8214,1.);
#8214 = DIRECTION('',(0.,1.));
#8215 = ( GEOMETRIC_REPRESENTATION_CONTEXT(2) 
PARAMETRIC_REPRESENTATION_CONTEXT() REPRESENTATION_CONTEXT('2D SPACE',''
  ) );
#8216 = PCURVE('',#8217,#8222);
#8217 = PLANE('',#8218);
#8218 = AXIS2_PLACEMENT_3D('',#8219,#8220,#8221);
#8219 = CARTESIAN_POINT('',(72.656666666667,5.034722222222,5.));
#8220 = DIRECTION('',(1.,0.,-0.));
#8221 = DIRECTION('',(0.,0.,1.));
#8222 = DEFINITIONAL_REPRESENTATION('',(#8223),#8227);
#8223 = LINE('',#8224,#8225);
#8224 = CARTESIAN_POINT('',(6.,0.));
#8225 = VECTOR('',#8226,1.);
#8226 = DIRECTION('',(0.,-1.));
#8227 = ( GEOMETRIC_REPRESENTATION_CONTEXT(2) 
PARAMETRIC_REPRESENTATION_CONTEXT() REPRESENTATION_CONTEXT('2D SPACE',''
  ) );
#8228 = ORIENTED_EDGE('',*,*,#8229,.T.);
#8229 = EDGE_CURVE('',#8202,#8230,#8232,.T.);
#8230 = VERTEX_POINT('',#8231);
#8231 = CARTESIAN_POINT('',(78.712222222222,5.034722222222,11.));
#8232 = SURFACE_CURVE('',#8233,(#8237,#8244),.PCURVE_S1.);
#8233 = LINE('',#8234,#8235);
#8234 = CARTESIAN_POINT('',(72.656666666667,5.034722222222,11.));
#8235 = VECTOR('',#8236,1.);
#8236 = DIRECTION('',(1.,0.,-0.));
#8237 = PCURVE('',#2713,#8238);
#8238 = DEFINITIONAL_REPRESENTATION('',(#8239),#8243);
#8239 = LINE('',#8240,#8241);
#8240 = CARTESIAN_POINT('',(72.666666666667,-4.766666666667));
#8241 = VECTOR('',#8242,1.);
#8242 = DIRECTION('',(1.,0.));
#8243 = ( GEOMETRIC_REPRESENTATION_CONTEXT(2) 
PARAMETRIC_REPRESENTATION_CONTEXT() REPRESENTATION_CONTEXT('2D SPACE',''
  ) );
#8244 = PCURVE('',#8245,#8250);
#8245 = PLANE('',#8246);
#8246 = AXIS2_PLACEMENT_3D('',#8247,#8248,#8249);
#8247 = CARTESIAN_POINT('',(72.656666666667,5.034722222222,5.));
#8248 = DIRECTION('',(-0.,1.,0.));
#8249 = DIRECTION('',(0.,0.,1.));
#8250 = DEFINITIONAL_REPRESENTATION('',(#8251),#8255);
#8251 = LINE('',#8252,#8253);
#8252 = CARTESIAN_POINT('',(6.,0.));
#8253 = VECTOR('',#8254,1.);
#8254 = DIRECTION('',(0.,1.));
#8255 = ( GEOMETRIC_REPRESENTATION_CONTEXT(2) 
PARAMETRIC_REPRESENTATION_CONTEXT() REPRESENTATION_CONTEXT('2D SPACE',''
  ) );
#8256 = ORIENTED_EDGE('',*,*,#8257,.F.);
#8257 = EDGE_CURVE('',#8258,#8230,#8260,.T.);
#8258 = VERTEX_POINT('',#8259);
#8259 = CARTESIAN_POINT('',(78.712222222222,4.664351851852,11.));
#8260 = SURFACE_CURVE('',#8261,(#8265,#8272),.PCURVE_S1.);
#8261 = LINE('',#8262,#8263);
#8262 = CARTESIAN_POINT('',(78.712222222222,4.664351851852,11.));
#8263 = VECTOR('',#8264,1.);
#8264 = DIRECTION('',(-0.,1.,0.));
#8265 = PCURVE('',#2713,#8266);
#8266 = DEFINITIONAL_REPRESENTATION('',(#8267),#8271);
#8267 = LINE('',#8268,#8269);
#8268 = CARTESIAN_POINT('',(78.722222222222,-5.137037037037));
#8269 = VECTOR('',#8270,1.);
#8270 = DIRECTION('',(0.,1.));
#8271 = ( GEOMETRIC_REPRESENTATION_CONTEXT(2) 
PARAMETRIC_REPRESENTATION_CONTEXT() REPRESENTATION_CONTEXT('2D SPACE',''
  ) );
#8272 = PCURVE('',#8273,#8278);
#8273 = PLANE('',#8274);
#8274 = AXIS2_PLACEMENT_3D('',#8275,#8276,#8277);
#8275 = CARTESIAN_POINT('',(78.712222222222,4.664351851852,5.));
#8276 = DIRECTION('',(1.,0.,-0.));
#8277 = DIRECTION('',(0.,0.,1.));
#8278 = DEFINITIONAL_REPRESENTATION('',(#8279),#8283);
#8279 = LINE('',#8280,#8281);
#8280 = CARTESIAN_POINT('',(6.,0.));
#8281 = VECTOR('',#8282,1.);
#8282 = DIRECTION('',(0.,-1.));
#8283 = ( GEOMETRIC_REPRESENTATION_CONTEXT(2) 
PARAMETRIC_REPRESENTATION_CONTEXT() REPRESENTATION_CONTEXT('2D SPACE',''
  ) );
#8284 = ORIENTED_EDGE('',*,*,#8285,.T.);
#8285 = EDGE_CURVE('',#8258,#8286,#8288,.T.);
#8286 = VERTEX_POINT('',#8287);
#8287 = CARTESIAN_POINT('',(84.767777777778,4.664351851852,11.));
#8288 = SURFACE_CURVE('',#8289,(#8293,#8300),.PCURVE_S1.);
#8289 = LINE('',#8290,#8291);
#8290 = CARTESIAN_POINT('',(78.712222222222,4.664351851852,11.));
#8291 = VECTOR('',#8292,1.);
#8292 = DIRECTION('',(1.,0.,-0.));
#8293 = PCURVE('',#2713,#8294);
#8294 = DEFINITIONAL_REPRESENTATION('',(#8295),#8299);
#8295 = LINE('',#8296,#8297);
#8296 = CARTESIAN_POINT('',(78.722222222222,-5.137037037037));
#8297 = VECTOR('',#8298,1.);
#8298 = DIRECTION('',(1.,0.));
#8299 = ( GEOMETRIC_REPRESENTATION_CONTEXT(2) 
PARAMETRIC_REPRESENTATION_CONTEXT() REPRESENTATION_CONTEXT('2D SPACE',''
  ) );
#8300 = PCURVE('',#8301,#8306);
#8301 = PLANE('',#8302);
#8302 = AXIS2_PLACEMENT_3D('',#8303,#8304,#8305);
#8303 = CARTESIAN_POINT('',(78.712222222222,4.664351851852,5.));
#8304 = DIRECTION('',(-0.,1.,0.));
#8305 = DIRECTION('',(0.,0.,1.));
#8306 = DEFINITIONAL_REPRESENTATION('',(#8307),#8311);
#8307 = LINE('',#8308,#8309);
#8308 = CARTESIAN_POINT('',(6.,0.));
#8309 = VECTOR('',#8310,1.);
#8310 = DIRECTION('',(0.,1.));
#8311 = ( GEOMETRIC_REPRESENTATION_CONTEXT(2) 
PARAMETRIC_REPRESENTATION_CONTEXT() REPRESENTATION_CONTEXT('2D SPACE',''
  ) );
#8312 = ORIENTED_EDGE('',*,*,#8313,.F.);
#8313 = EDGE_CURVE('',#8314,#8286,#8316,.T.);
#8314 = VERTEX_POINT('',#8315);
#8315 = CARTESIAN_POINT('',(84.767777777778,4.456252258012,11.));
#8316 = SURFACE_CURVE('',#8317,(#8321,#8328),.PCURVE_S1.);
#8317 = LINE('',#8318,#8319);
#8318 = CARTESIAN_POINT('',(84.767777777778,4.456252258012,11.));
#8319 = VECTOR('',#8320,1.);
#8320 = DIRECTION('',(-0.,1.,0.));
#8321 = PCURVE('',#2713,#8322);
#8322 = DEFINITIONAL_REPRESENTATION('',(#8323),#8327);
#8323 = LINE('',#8324,#8325);
#8324 = CARTESIAN_POINT('',(84.777777777778,-5.345136630877));
#8325 = VECTOR('',#8326,1.);
#8326 = DIRECTION('',(0.,1.));
#8327 = ( GEOMETRIC_REPRESENTATION_CONTEXT(2) 
PARAMETRIC_REPRESENTATION_CONTEXT() REPRESENTATION_CONTEXT('2D SPACE',''
  ) );
#8328 = PCURVE('',#8329,#8334);
#8329 = PLANE('',#8330);
#8330 = AXIS2_PLACEMENT_3D('',#8331,#8332,#8333);
#8331 = CARTESIAN_POINT('',(84.767777777778,4.456252258012,5.));
#8332 = DIRECTION('',(1.,0.,-0.));
#8333 = DIRECTION('',(0.,0.,1.));
#8334 = DEFINITIONAL_REPRESENTATION('',(#8335),#8339);
#8335 = LINE('',#8336,#8337);
#8336 = CARTESIAN_POINT('',(6.,0.));
#8337 = VECTOR('',#8338,1.);
#8338 = DIRECTION('',(0.,-1.));
#8339 = ( GEOMETRIC_REPRESENTATION_CONTEXT(2) 
PARAMETRIC_REPRESENTATION_CONTEXT() REPRESENTATION_CONTEXT('2D SPACE',''
  ) );
#8340 = ORIENTED_EDGE('',*,*,#8341,.T.);
#8341 = EDGE_CURVE('',#8314,#8342,#8344,.T.);
#8342 = VERTEX_POINT('',#8343);
#8343 = CARTESIAN_POINT('',(90.843333333333,4.456252258012,11.));
#8344 = SURFACE_CURVE('',#8345,(#8349,#8356),.PCURVE_S1.);
#8345 = LINE('',#8346,#8347);
#8346 = CARTESIAN_POINT('',(84.767777777778,4.456252258012,11.));
#8347 = VECTOR('',#8348,1.);
#8348 = DIRECTION('',(1.,0.,-0.));
#8349 = PCURVE('',#2713,#8350);
#8350 = DEFINITIONAL_REPRESENTATION('',(#8351),#8355);
#8351 = LINE('',#8352,#8353);
#8352 = CARTESIAN_POINT('',(84.777777777778,-5.345136630877));
#8353 = VECTOR('',#8354,1.);
#8354 = DIRECTION('',(1.,0.));
#8355 = ( GEOMETRIC_REPRESENTATION_CONTEXT(2) 
PARAMETRIC_REPRESENTATION_CONTEXT() REPRESENTATION_CONTEXT('2D SPACE',''
  ) );
#8356 = PCURVE('',#8357,#8362);
#8357 = PLANE('',#8358);
#8358 = AXIS2_PLACEMENT_3D('',#8359,#8360,#8361);
#8359 = CARTESIAN_POINT('',(84.767777777778,4.456252258012,5.));
#8360 = DIRECTION('',(-0.,1.,0.));
#8361 = DIRECTION('',(0.,0.,1.));
#8362 = DEFINITIONAL_REPRESENTATION('',(#8363),#8367);
#8363 = LINE('',#8364,#8365);
#8364 = CARTESIAN_POINT('',(6.,0.));
#8365 = VECTOR('',#8366,1.);
#8366 = DIRECTION('',(0.,1.));
#8367 = ( GEOMETRIC_REPRESENTATION_CONTEXT(2) 
PARAMETRIC_REPRESENTATION_CONTEXT() REPRESENTATION_CONTEXT('2D SPACE',''
  ) );
#8368 = ORIENTED_EDGE('',*,*,#8369,.T.);
#8369 = EDGE_CURVE('',#8342,#8370,#8372,.T.);
#8370 = VERTEX_POINT('',#8371);
#8371 = CARTESIAN_POINT('',(90.843333333333,4.485684911401,11.));
#8372 = SURFACE_CURVE('',#8373,(#8377,#8384),.PCURVE_S1.);
#8373 = LINE('',#8374,#8375);
#8374 = CARTESIAN_POINT('',(90.843333333333,4.456252258012,11.));
#8375 = VECTOR('',#8376,1.);
#8376 = DIRECTION('',(-0.,1.,0.));
#8377 = PCURVE('',#2713,#8378);
#8378 = DEFINITIONAL_REPRESENTATION('',(#8379),#8383);
#8379 = LINE('',#8380,#8381);
#8380 = CARTESIAN_POINT('',(90.853333333333,-5.345136630877));
#8381 = VECTOR('',#8382,1.);
#8382 = DIRECTION('',(0.,1.));
#8383 = ( GEOMETRIC_REPRESENTATION_CONTEXT(2) 
PARAMETRIC_REPRESENTATION_CONTEXT() REPRESENTATION_CONTEXT('2D SPACE',''
  ) );
#8384 = PCURVE('',#8385,#8390);
#8385 = PLANE('',#8386);
#8386 = AXIS2_PLACEMENT_3D('',#8387,#8388,#8389);
#8387 = CARTESIAN_POINT('',(90.843333333333,-7.456252258012,0.));
#8388 = DIRECTION('',(1.,0.,-0.));
#8389 = DIRECTION('',(0.,0.,1.));
#8390 = DEFINITIONAL_REPRESENTATION('',(#8391),#8395);
#8391 = LINE('',#8392,#8393);
#8392 = CARTESIAN_POINT('',(11.,-11.91250451602));
#8393 = VECTOR('',#8394,1.);
#8394 = DIRECTION('',(0.,-1.));
#8395 = ( GEOMETRIC_REPRESENTATION_CONTEXT(2) 
PARAMETRIC_REPRESENTATION_CONTEXT() REPRESENTATION_CONTEXT('2D SPACE',''
  ) );
#8396 = ORIENTED_EDGE('',*,*,#8397,.T.);
#8397 = EDGE_CURVE('',#8370,#8398,#8400,.T.);
#8398 = VERTEX_POINT('',#8399);
#8399 = CARTESIAN_POINT('',(96.898888888889,4.485684911401,11.));
#8400 = SURFACE_CURVE('',#8401,(#8405,#8412),.PCURVE_S1.);
#8401 = LINE('',#8402,#8403);
#8402 = CARTESIAN_POINT('',(90.823333333333,4.485684911401,11.));
#8403 = VECTOR('',#8404,1.);
#8404 = DIRECTION('',(1.,0.,-0.));
#8405 = PCURVE('',#2713,#8406);
#8406 = DEFINITIONAL_REPRESENTATION('',(#8407),#8411);
#8407 = LINE('',#8408,#8409);
#8408 = CARTESIAN_POINT('',(90.833333333333,-5.315703977488));
#8409 = VECTOR('',#8410,1.);
#8410 = DIRECTION('',(1.,0.));
#8411 = ( GEOMETRIC_REPRESENTATION_CONTEXT(2) 
PARAMETRIC_REPRESENTATION_CONTEXT() REPRESENTATION_CONTEXT('2D SPACE',''
  ) );
#8412 = PCURVE('',#8413,#8418);
#8413 = PLANE('',#8414);
#8414 = AXIS2_PLACEMENT_3D('',#8415,#8416,#8417);
#8415 = CARTESIAN_POINT('',(90.823333333333,4.485684911401,5.));
#8416 = DIRECTION('',(-0.,1.,0.));
#8417 = DIRECTION('',(0.,0.,1.));
#8418 = DEFINITIONAL_REPRESENTATION('',(#8419),#8423);
#8419 = LINE('',#8420,#8421);
#8420 = CARTESIAN_POINT('',(6.,0.));
#8421 = VECTOR('',#8422,1.);
#8422 = DIRECTION('',(0.,1.));
#8423 = ( GEOMETRIC_REPRESENTATION_CONTEXT(2) 
PARAMETRIC_REPRESENTATION_CONTEXT() REPRESENTATION_CONTEXT('2D SPACE',''
  ) );
#8424 = ORIENTED_EDGE('',*,*,#8425,.T.);
#8425 = EDGE_CURVE('',#8398,#8426,#8428,.T.);
#8426 = VERTEX_POINT('',#8427);
#8427 = CARTESIAN_POINT('',(96.898888888889,4.706861568358,11.));
#8428 = SURFACE_CURVE('',#8429,(#8433,#8440),.PCURVE_S1.);
#8429 = LINE('',#8430,#8431);
#8430 = CARTESIAN_POINT('',(96.898888888889,4.485684911401,11.));
#8431 = VECTOR('',#8432,1.);
#8432 = DIRECTION('',(-0.,1.,0.));
#8433 = PCURVE('',#2713,#8434);
#8434 = DEFINITIONAL_REPRESENTATION('',(#8435),#8439);
#8435 = LINE('',#8436,#8437);
#8436 = CARTESIAN_POINT('',(96.908888888889,-5.315703977488));
#8437 = VECTOR('',#8438,1.);
#8438 = DIRECTION('',(0.,1.));
#8439 = ( GEOMETRIC_REPRESENTATION_CONTEXT(2) 
PARAMETRIC_REPRESENTATION_CONTEXT() REPRESENTATION_CONTEXT('2D SPACE',''
  ) );
#8440 = PCURVE('',#8441,#8446);
#8441 = PLANE('',#8442);
#8442 = AXIS2_PLACEMENT_3D('',#8443,#8444,#8445);
#8443 = CARTESIAN_POINT('',(96.898888888889,-7.485684911401,0.));
#8444 = DIRECTION('',(1.,0.,-0.));
#8445 = DIRECTION('',(0.,0.,1.));
#8446 = DEFINITIONAL_REPRESENTATION('',(#8447),#8451);
#8447 = LINE('',#8448,#8449);
#8448 = CARTESIAN_POINT('',(11.,-11.9713698228));
#8449 = VECTOR('',#8450,1.);
#8450 = DIRECTION('',(0.,-1.));
#8451 = ( GEOMETRIC_REPRESENTATION_CONTEXT(2) 
PARAMETRIC_REPRESENTATION_CONTEXT() REPRESENTATION_CONTEXT('2D SPACE',''
  ) );
#8452 = ORIENTED_EDGE('',*,*,#8453,.T.);
#8453 = EDGE_CURVE('',#8426,#8454,#8456,.T.);
#8454 = VERTEX_POINT('',#8455);
#8455 = CARTESIAN_POINT('',(102.95444444444,4.706861568358,11.));
#8456 = SURFACE_CURVE('',#8457,(#8461,#8468),.PCURVE_S1.);
#8457 = LINE('',#8458,#8459);
#8458 = CARTESIAN_POINT('',(96.878888888889,4.706861568358,11.));
#8459 = VECTOR('',#8460,1.);
#8460 = DIRECTION('',(1.,0.,-0.));
#8461 = PCURVE('',#2713,#8462);
#8462 = DEFINITIONAL_REPRESENTATION('',(#8463),#8467);
#8463 = LINE('',#8464,#8465);
#8464 = CARTESIAN_POINT('',(96.888888888889,-5.09452732053));
#8465 = VECTOR('',#8466,1.);
#8466 = DIRECTION('',(1.,0.));
#8467 = ( GEOMETRIC_REPRESENTATION_CONTEXT(2) 
PARAMETRIC_REPRESENTATION_CONTEXT() REPRESENTATION_CONTEXT('2D SPACE',''
  ) );
#8468 = PCURVE('',#8469,#8474);
#8469 = PLANE('',#8470);
#8470 = AXIS2_PLACEMENT_3D('',#8471,#8472,#8473);
#8471 = CARTESIAN_POINT('',(96.878888888889,4.706861568358,5.));
#8472 = DIRECTION('',(-0.,1.,0.));
#8473 = DIRECTION('',(0.,0.,1.));
#8474 = DEFINITIONAL_REPRESENTATION('',(#8475),#8479);
#8475 = LINE('',#8476,#8477);
#8476 = CARTESIAN_POINT('',(6.,0.));
#8477 = VECTOR('',#8478,1.);
#8478 = DIRECTION('',(0.,1.));
#8479 = ( GEOMETRIC_REPRESENTATION_CONTEXT(2) 
PARAMETRIC_REPRESENTATION_CONTEXT() REPRESENTATION_CONTEXT('2D SPACE',''
  ) );
#8480 = ORIENTED_EDGE('',*,*,#8481,.T.);
#8481 = EDGE_CURVE('',#8454,#8482,#8484,.T.);
#8482 = VERTEX_POINT('',#8483);
#8483 = CARTESIAN_POINT('',(102.95444444444,4.952908107391,11.));
#8484 = SURFACE_CURVE('',#8485,(#8489,#8496),.PCURVE_S1.);
#8485 = LINE('',#8486,#8487);
#8486 = CARTESIAN_POINT('',(102.95444444444,4.706861568358,11.));
#8487 = VECTOR('',#8488,1.);
#8488 = DIRECTION('',(-0.,1.,0.));
#8489 = PCURVE('',#2713,#8490);
#8490 = DEFINITIONAL_REPRESENTATION('',(#8491),#8495);
#8491 = LINE('',#8492,#8493);
#8492 = CARTESIAN_POINT('',(102.96444444444,-5.09452732053));
#8493 = VECTOR('',#8494,1.);
#8494 = DIRECTION('',(0.,1.));
#8495 = ( GEOMETRIC_REPRESENTATION_CONTEXT(2) 
PARAMETRIC_REPRESENTATION_CONTEXT() REPRESENTATION_CONTEXT('2D SPACE',''
  ) );
#8496 = PCURVE('',#8497,#8502);
#8497 = PLANE('',#8498);
#8498 = AXIS2_PLACEMENT_3D('',#8499,#8500,#8501);
#8499 = CARTESIAN_POINT('',(102.95444444444,-7.706861568358,0.));
#8500 = DIRECTION('',(1.,0.,-0.));
#8501 = DIRECTION('',(0.,0.,1.));
#8502 = DEFINITIONAL_REPRESENTATION('',(#8503),#8507);
#8503 = LINE('',#8504,#8505);
#8504 = CARTESIAN_POINT('',(11.,-12.41372313671));
#8505 = VECTOR('',#8506,1.);
#8506 = DIRECTION('',(0.,-1.));
#8507 = ( GEOMETRIC_REPRESENTATION_CONTEXT(2) 
PARAMETRIC_REPRESENTATION_CONTEXT() REPRESENTATION_CONTEXT('2D SPACE',''
  ) );
#8508 = ORIENTED_EDGE('',*,*,#8509,.T.);
#8509 = EDGE_CURVE('',#8482,#8510,#8512,.T.);
#8510 = VERTEX_POINT('',#8511);
#8511 = CARTESIAN_POINT('',(109.01,4.952908107391,11.));
#8512 = SURFACE_CURVE('',#8513,(#8517,#8524),.PCURVE_S1.);
#8513 = LINE('',#8514,#8515);
#8514 = CARTESIAN_POINT('',(102.93444444444,4.952908107391,11.));
#8515 = VECTOR('',#8516,1.);
#8516 = DIRECTION('',(1.,0.,-0.));
#8517 = PCURVE('',#2713,#8518);
#8518 = DEFINITIONAL_REPRESENTATION('',(#8519),#8523);
#8519 = LINE('',#8520,#8521);
#8520 = CARTESIAN_POINT('',(102.94444444444,-4.848480781498));
#8521 = VECTOR('',#8522,1.);
#8522 = DIRECTION('',(1.,0.));
#8523 = ( GEOMETRIC_REPRESENTATION_CONTEXT(2) 
PARAMETRIC_REPRESENTATION_CONTEXT() REPRESENTATION_CONTEXT('2D SPACE',''
  ) );
#8524 = PCURVE('',#8525,#8530);
#8525 = PLANE('',#8526);
#8526 = AXIS2_PLACEMENT_3D('',#8527,#8528,#8529);
#8527 = CARTESIAN_POINT('',(102.93444444444,4.952908107391,5.));
#8528 = DIRECTION('',(-0.,1.,0.));
#8529 = DIRECTION('',(0.,0.,1.));
#8530 = DEFINITIONAL_REPRESENTATION('',(#8531),#8535);
#8531 = LINE('',#8532,#8533);
#8532 = CARTESIAN_POINT('',(6.,0.));
#8533 = VECTOR('',#8534,1.);
#8534 = DIRECTION('',(0.,1.));
#8535 = ( GEOMETRIC_REPRESENTATION_CONTEXT(2) 
PARAMETRIC_REPRESENTATION_CONTEXT() REPRESENTATION_CONTEXT('2D SPACE',''
  ) );
#8536 = ORIENTED_EDGE('',*,*,#8537,.T.);
#8537 = EDGE_CURVE('',#8510,#5950,#8538,.T.);
#8538 = SURFACE_CURVE('',#8539,(#8543,#8550),.PCURVE_S1.);
#8539 = LINE('',#8540,#8541);
#8540 = CARTESIAN_POINT('',(109.01,4.952908107391,11.));
#8541 = VECTOR('',#8542,1.);
#8542 = DIRECTION('',(-0.,1.,0.));
#8543 = PCURVE('',#2713,#8544);
#8544 = DEFINITIONAL_REPRESENTATION('',(#8545),#8549);
#8545 = LINE('',#8546,#8547);
#8546 = CARTESIAN_POINT('',(109.02,-4.848480781498));
#8547 = VECTOR('',#8548,1.);
#8548 = DIRECTION('',(0.,1.));
#8549 = ( GEOMETRIC_REPRESENTATION_CONTEXT(2) 
PARAMETRIC_REPRESENTATION_CONTEXT() REPRESENTATION_CONTEXT('2D SPACE',''
  ) );
#8550 = PCURVE('',#5988,#8551);
#8551 = DEFINITIONAL_REPRESENTATION('',(#8552),#8556);
#8552 = LINE('',#8553,#8554);
#8553 = CARTESIAN_POINT('',(11.,-12.90581621478));
#8554 = VECTOR('',#8555,1.);
#8555 = DIRECTION('',(0.,-1.));
#8556 = ( GEOMETRIC_REPRESENTATION_CONTEXT(2) 
PARAMETRIC_REPRESENTATION_CONTEXT() REPRESENTATION_CONTEXT('2D SPACE',''
  ) );
#8557 = ORIENTED_EDGE('',*,*,#5949,.F.);
#8558 = ORIENTED_EDGE('',*,*,#5874,.F.);
#8559 = ORIENTED_EDGE('',*,*,#5753,.F.);
#8560 = ORIENTED_EDGE('',*,*,#5678,.F.);
#8561 = ORIENTED_EDGE('',*,*,#5557,.F.);
#8562 = ORIENTED_EDGE('',*,*,#5482,.F.);
#8563 = ORIENTED_EDGE('',*,*,#5361,.F.);
#8564 = ORIENTED_EDGE('',*,*,#5286,.T.);
#8565 = ORIENTED_EDGE('',*,*,#5165,.F.);
#8566 = ORIENTED_EDGE('',*,*,#5090,.T.);
#8567 = ORIENTED_EDGE('',*,*,#4969,.F.);
#8568 = ORIENTED_EDGE('',*,*,#4894,.T.);
#8569 = ORIENTED_EDGE('',*,*,#4773,.F.);
#8570 = ORIENTED_EDGE('',*,*,#4698,.T.);
#8571 = ORIENTED_EDGE('',*,*,#4577,.F.);
#8572 = ORIENTED_EDGE('',*,*,#4502,.T.);
#8573 = ORIENTED_EDGE('',*,*,#4381,.F.);
#8574 = ORIENTED_EDGE('',*,*,#4306,.T.);
#8575 = ORIENTED_EDGE('',*,*,#4185,.F.);
#8576 = ORIENTED_EDGE('',*,*,#4110,.T.);
#8577 = ORIENTED_EDGE('',*,*,#3989,.F.);
#8578 = ORIENTED_EDGE('',*,*,#3914,.T.);
#8579 = ORIENTED_EDGE('',*,*,#3793,.F.);
#8580 = ORIENTED_EDGE('',*,*,#3718,.T.);
#8581 = ORIENTED_EDGE('',*,*,#3597,.F.);
#8582 = ORIENTED_EDGE('',*,*,#3522,.T.);
#8583 = ORIENTED_EDGE('',*,*,#3401,.F.);
#8584 = ORIENTED_EDGE('',*,*,#3326,.T.);
#8585 = ORIENTED_EDGE('',*,*,#3149,.F.);
#8586 = ORIENTED_EDGE('',*,*,#3074,.T.);
#8587 = ORIENTED_EDGE('',*,*,#2898,.F.);
#8588 = ORIENTED_EDGE('',*,*,#2823,.T.);
#8589 = ADVANCED_FACE('',(#8590),#2985,.F.);
#8590 = FACE_BOUND('',#8591,.F.);
#8591 = EDGE_LOOP('',(#8592,#8613,#8634,#8635));
#8592 = ORIENTED_EDGE('',*,*,#8593,.T.);
#8593 = EDGE_CURVE('',#7563,#8594,#8596,.T.);
#8594 = VERTEX_POINT('',#8595);
#8595 = CARTESIAN_POINT('',(6.045555555556,9.801388888889,5.));
#8596 = SURFACE_CURVE('',#8597,(#8601,#8607),.PCURVE_S1.);
#8597 = LINE('',#8598,#8599);
#8598 = CARTESIAN_POINT('',(6.045555555556,9.801388888889,5.));
#8599 = VECTOR('',#8600,1.);
#8600 = DIRECTION('',(-0.,0.,-1.));
#8601 = PCURVE('',#2985,#8602);
#8602 = DEFINITIONAL_REPRESENTATION('',(#8603),#8606);
#8603 = B_SPLINE_CURVE_WITH_KNOTS('',1,(#8604,#8605),.UNSPECIFIED.,.F.,
  .F.,(2,2),(-6.,-0.),.PIECEWISE_BEZIER_KNOTS.);
#8604 = CARTESIAN_POINT('',(6.,6.055555555556));
#8605 = CARTESIAN_POINT('',(0.,6.055555555556));
#8606 = ( GEOMETRIC_REPRESENTATION_CONTEXT(2) 
PARAMETRIC_REPRESENTATION_CONTEXT() REPRESENTATION_CONTEXT('2D SPACE',''
  ) );
#8607 = PCURVE('',#7601,#8608);
#8608 = DEFINITIONAL_REPRESENTATION('',(#8609),#8612);
#8609 = B_SPLINE_CURVE_WITH_KNOTS('',1,(#8610,#8611),.UNSPECIFIED.,.F.,
  .F.,(2,2),(-6.,-0.),.PIECEWISE_BEZIER_KNOTS.);
#8610 = CARTESIAN_POINT('',(6.,-0.397222222222));
#8611 = CARTESIAN_POINT('',(0.,-0.397222222222));
#8612 = ( GEOMETRIC_REPRESENTATION_CONTEXT(2) 
PARAMETRIC_REPRESENTATION_CONTEXT() REPRESENTATION_CONTEXT('2D SPACE',''
  ) );
#8613 = ORIENTED_EDGE('',*,*,#8614,.T.);
#8614 = EDGE_CURVE('',#8594,#2970,#8615,.T.);
#8615 = SURFACE_CURVE('',#8616,(#8620,#8627),.PCURVE_S1.);
#8616 = LINE('',#8617,#8618);
#8617 = CARTESIAN_POINT('',(6.065555555556,9.801388888889,5.));
#8618 = VECTOR('',#8619,1.);
#8619 = DIRECTION('',(-1.,0.,0.));
#8620 = PCURVE('',#2985,#8621);
#8621 = DEFINITIONAL_REPRESENTATION('',(#8622),#8626);
#8622 = LINE('',#8623,#8624);
#8623 = CARTESIAN_POINT('',(0.,6.075555555556));
#8624 = VECTOR('',#8625,1.);
#8625 = DIRECTION('',(0.,-1.));
#8626 = ( GEOMETRIC_REPRESENTATION_CONTEXT(2) 
PARAMETRIC_REPRESENTATION_CONTEXT() REPRESENTATION_CONTEXT('2D SPACE',''
  ) );
#8627 = PCURVE('',#3013,#8628);
#8628 = DEFINITIONAL_REPRESENTATION('',(#8629),#8633);
#8629 = LINE('',#8630,#8631);
#8630 = CARTESIAN_POINT('',(-102.9344444444,9.801388888889));
#8631 = VECTOR('',#8632,1.);
#8632 = DIRECTION('',(-1.,0.));
#8633 = ( GEOMETRIC_REPRESENTATION_CONTEXT(2) 
PARAMETRIC_REPRESENTATION_CONTEXT() REPRESENTATION_CONTEXT('2D SPACE',''
  ) );
#8634 = ORIENTED_EDGE('',*,*,#2969,.T.);
#8635 = ORIENTED_EDGE('',*,*,#7562,.T.);
#8636 = ADVANCED_FACE('',(#8637,#10462,#10465,#10470,#10475,#10478,
    #10481,#10484,#10489,#10492,#10497),#3013,.T.);
#8637 = FACE_BOUND('',#8638,.T.);
#8638 = EDGE_LOOP('',(#8639,#8665,#8666,#8688,#8711,#8733,#8756,#8778,
    #8801,#8823,#8846,#8869,#8892,#8915,#8938,#8961,#8984,#9007,#9030,
    #9053,#9076,#9099,#9122,#9145,#9168,#9191,#9214,#9237,#9260,#9283,
    #9306,#9329,#9352,#9375,#9398,#9421,#9444,#9465,#9466,#9467,#9468,
    #9469,#9492,#9520,#9548,#9576,#9604,#9632,#9660,#9688,#9716,#9744,
    #9772,#9800,#9828,#9856,#9884,#9912,#9940,#9968,#9996,#10024,#10052,
    #10080,#10108,#10136,#10164,#10192,#10220,#10248,#10276,#10303,
    #10331,#10358,#10386,#10413,#10441,#10461));
#8639 = ORIENTED_EDGE('',*,*,#8640,.F.);
#8640 = EDGE_CURVE('',#6001,#6322,#8641,.T.);
#8641 = SURFACE_CURVE('',#8642,(#8647,#8658),.PCURVE_S1.);
#8642 = CIRCLE('',#8643,8.);
#8643 = AXIS2_PLACEMENT_3D('',#8644,#8645,#8646);
#8644 = CARTESIAN_POINT('',(109.,0.,5.));
#8645 = DIRECTION('',(0.,0.,-1.));
#8646 = DIRECTION('',(-0.108343538931,0.994113513424,0.));
#8647 = PCURVE('',#3013,#8648);
#8648 = DEFINITIONAL_REPRESENTATION('',(#8649),#8657);
#8649 = ( BOUNDED_CURVE() B_SPLINE_CURVE(2,(#8650,#8651,#8652,#8653,
#8654,#8655,#8656),.UNSPECIFIED.,.T.,.F.) B_SPLINE_CURVE_WITH_KNOTS((1,2
    ,2,2,2,1),(-2.094395102393,0.,2.094395102393,4.188790204786,
6.28318530718,8.377580409573),.UNSPECIFIED.) CURVE() 
GEOMETRIC_REPRESENTATION_ITEM() RATIONAL_B_SPLINE_CURVE((1.,0.5,1.,0.5,
1.,0.5,1.)) REPRESENTATION_ITEM('') );
#8650 = CARTESIAN_POINT('',(-0.866748311446,7.952908107391));
#8651 = CARTESIAN_POINT('',(12.908092598482,9.454160220189));
#8652 = CARTESIAN_POINT('',(7.320794610687,-3.225827997296));
#8653 = CARTESIAN_POINT('',(1.733496622891,-15.90581621478));
#8654 = CARTESIAN_POINT('',(-6.454046299241,-4.727080110095));
#8655 = CARTESIAN_POINT('',(-14.64158922137,6.451655994593));
#8656 = CARTESIAN_POINT('',(-0.866748311446,7.952908107391));
#8657 = ( GEOMETRIC_REPRESENTATION_CONTEXT(2) 
PARAMETRIC_REPRESENTATION_CONTEXT() REPRESENTATION_CONTEXT('2D SPACE',''
  ) );
#8658 = PCURVE('',#6035,#8659);
#8659 = DEFINITIONAL_REPRESENTATION('',(#8660),#8664);
#8660 = LINE('',#8661,#8662);
#8661 = CARTESIAN_POINT('',(7.962538262325,5.));
#8662 = VECTOR('',#8663,1.);
#8663 = DIRECTION('',(-1.,-0.));
#8664 = ( GEOMETRIC_REPRESENTATION_CONTEXT(2) 
PARAMETRIC_REPRESENTATION_CONTEXT() REPRESENTATION_CONTEXT('2D SPACE',''
  ) );
#8665 = ORIENTED_EDGE('',*,*,#6000,.T.);
#8666 = ORIENTED_EDGE('',*,*,#8667,.T.);
#8667 = EDGE_CURVE('',#5973,#8668,#8670,.T.);
#8668 = VERTEX_POINT('',#8669);
#8669 = CARTESIAN_POINT('',(109.01,4.952908107391,5.));
#8670 = SURFACE_CURVE('',#8671,(#8675,#8682),.PCURVE_S1.);
#8671 = LINE('',#8672,#8673);
#8672 = CARTESIAN_POINT('',(109.01,-3.976454053696,5.));
#8673 = VECTOR('',#8674,1.);
#8674 = DIRECTION('',(0.,-1.,0.));
#8675 = PCURVE('',#3013,#8676);
#8676 = DEFINITIONAL_REPRESENTATION('',(#8677),#8681);
#8677 = LINE('',#8678,#8679);
#8678 = CARTESIAN_POINT('',(1.000000000001E-02,-3.976454053696));
#8679 = VECTOR('',#8680,1.);
#8680 = DIRECTION('',(0.,-1.));
#8681 = ( GEOMETRIC_REPRESENTATION_CONTEXT(2) 
PARAMETRIC_REPRESENTATION_CONTEXT() REPRESENTATION_CONTEXT('2D SPACE',''
  ) );
#8682 = PCURVE('',#5988,#8683);
#8683 = DEFINITIONAL_REPRESENTATION('',(#8684),#8687);
#8684 = B_SPLINE_CURVE_WITH_KNOTS('',1,(#8685,#8686),.UNSPECIFIED.,.F.,
  .F.,(2,2),(-11.92936216108,3.976454053696),.PIECEWISE_BEZIER_KNOTS.);
#8685 = CARTESIAN_POINT('',(5.,-15.90581621478));
#8686 = CARTESIAN_POINT('',(5.,0.));
#8687 = ( GEOMETRIC_REPRESENTATION_CONTEXT(2) 
PARAMETRIC_REPRESENTATION_CONTEXT() REPRESENTATION_CONTEXT('2D SPACE',''
  ) );
#8688 = ORIENTED_EDGE('',*,*,#8689,.F.);
#8689 = EDGE_CURVE('',#8690,#8668,#8692,.T.);
#8690 = VERTEX_POINT('',#8691);
#8691 = CARTESIAN_POINT('',(102.95444444444,4.952908107391,5.));
#8692 = SURFACE_CURVE('',#8693,(#8697,#8704),.PCURVE_S1.);
#8693 = LINE('',#8694,#8695);
#8694 = CARTESIAN_POINT('',(102.93444444444,4.952908107391,5.));
#8695 = VECTOR('',#8696,1.);
#8696 = DIRECTION('',(1.,0.,-0.));
#8697 = PCURVE('',#3013,#8698);
#8698 = DEFINITIONAL_REPRESENTATION('',(#8699),#8703);
#8699 = LINE('',#8700,#8701);
#8700 = CARTESIAN_POINT('',(-6.065555555556,4.952908107391));
#8701 = VECTOR('',#8702,1.);
#8702 = DIRECTION('',(1.,0.));
#8703 = ( GEOMETRIC_REPRESENTATION_CONTEXT(2) 
PARAMETRIC_REPRESENTATION_CONTEXT() REPRESENTATION_CONTEXT('2D SPACE',''
  ) );
#8704 = PCURVE('',#8525,#8705);
#8705 = DEFINITIONAL_REPRESENTATION('',(#8706),#8710);
#8706 = LINE('',#8707,#8708);
#8707 = CARTESIAN_POINT('',(0.,0.));
#8708 = VECTOR('',#8709,1.);
#8709 = DIRECTION('',(0.,1.));
#8710 = ( GEOMETRIC_REPRESENTATION_CONTEXT(2) 
PARAMETRIC_REPRESENTATION_CONTEXT() REPRESENTATION_CONTEXT('2D SPACE',''
  ) );
#8711 = ORIENTED_EDGE('',*,*,#8712,.T.);
#8712 = EDGE_CURVE('',#8690,#8713,#8715,.T.);
#8713 = VERTEX_POINT('',#8714);
#8714 = CARTESIAN_POINT('',(102.95444444444,4.706861568358,5.));
#8715 = SURFACE_CURVE('',#8716,(#8720,#8727),.PCURVE_S1.);
#8716 = LINE('',#8717,#8718);
#8717 = CARTESIAN_POINT('',(102.95444444444,-7.829884837875,5.));
#8718 = VECTOR('',#8719,1.);
#8719 = DIRECTION('',(0.,-1.,0.));
#8720 = PCURVE('',#3013,#8721);
#8721 = DEFINITIONAL_REPRESENTATION('',(#8722),#8726);
#8722 = LINE('',#8723,#8724);
#8723 = CARTESIAN_POINT('',(-6.045555555556,-7.829884837875));
#8724 = VECTOR('',#8725,1.);
#8725 = DIRECTION('',(0.,-1.));
#8726 = ( GEOMETRIC_REPRESENTATION_CONTEXT(2) 
PARAMETRIC_REPRESENTATION_CONTEXT() REPRESENTATION_CONTEXT('2D SPACE',''
  ) );
#8727 = PCURVE('',#8497,#8728);
#8728 = DEFINITIONAL_REPRESENTATION('',(#8729),#8732);
#8729 = B_SPLINE_CURVE_WITH_KNOTS('',1,(#8730,#8731),.UNSPECIFIED.,.F.,
  .F.,(2,2),(-15.53674640623,-0.123023269516),.PIECEWISE_BEZIER_KNOTS.);
#8730 = CARTESIAN_POINT('',(5.,-15.41372313671));
#8731 = CARTESIAN_POINT('',(5.,0.));
#8732 = ( GEOMETRIC_REPRESENTATION_CONTEXT(2) 
PARAMETRIC_REPRESENTATION_CONTEXT() REPRESENTATION_CONTEXT('2D SPACE',''
  ) );
#8733 = ORIENTED_EDGE('',*,*,#8734,.T.);
#8734 = EDGE_CURVE('',#8713,#8735,#8737,.T.);
#8735 = VERTEX_POINT('',#8736);
#8736 = CARTESIAN_POINT('',(96.898888888889,4.706861568358,5.));
#8737 = SURFACE_CURVE('',#8738,(#8742,#8749),.PCURVE_S1.);
#8738 = LINE('',#8739,#8740);
#8739 = CARTESIAN_POINT('',(102.95444444444,4.706861568358,5.));
#8740 = VECTOR('',#8741,1.);
#8741 = DIRECTION('',(-1.,0.,0.));
#8742 = PCURVE('',#3013,#8743);
#8743 = DEFINITIONAL_REPRESENTATION('',(#8744),#8748);
#8744 = LINE('',#8745,#8746);
#8745 = CARTESIAN_POINT('',(-6.045555555556,4.706861568358));
#8746 = VECTOR('',#8747,1.);
#8747 = DIRECTION('',(-1.,0.));
#8748 = ( GEOMETRIC_REPRESENTATION_CONTEXT(2) 
PARAMETRIC_REPRESENTATION_CONTEXT() REPRESENTATION_CONTEXT('2D SPACE',''
  ) );
#8749 = PCURVE('',#8469,#8750);
#8750 = DEFINITIONAL_REPRESENTATION('',(#8751),#8755);
#8751 = LINE('',#8752,#8753);
#8752 = CARTESIAN_POINT('',(0.,6.075555555556));
#8753 = VECTOR('',#8754,1.);
#8754 = DIRECTION('',(0.,-1.));
#8755 = ( GEOMETRIC_REPRESENTATION_CONTEXT(2) 
PARAMETRIC_REPRESENTATION_CONTEXT() REPRESENTATION_CONTEXT('2D SPACE',''
  ) );
#8756 = ORIENTED_EDGE('',*,*,#8757,.T.);
#8757 = EDGE_CURVE('',#8735,#8758,#8760,.T.);
#8758 = VERTEX_POINT('',#8759);
#8759 = CARTESIAN_POINT('',(96.898888888889,4.485684911401,5.));
#8760 = SURFACE_CURVE('',#8761,(#8765,#8772),.PCURVE_S1.);
#8761 = LINE('',#8762,#8763);
#8762 = CARTESIAN_POINT('',(96.898888888889,-7.59627323988,5.));
#8763 = VECTOR('',#8764,1.);
#8764 = DIRECTION('',(0.,-1.,0.));
#8765 = PCURVE('',#3013,#8766);
#8766 = DEFINITIONAL_REPRESENTATION('',(#8767),#8771);
#8767 = LINE('',#8768,#8769);
#8768 = CARTESIAN_POINT('',(-12.10111111111,-7.59627323988));
#8769 = VECTOR('',#8770,1.);
#8770 = DIRECTION('',(0.,-1.));
#8771 = ( GEOMETRIC_REPRESENTATION_CONTEXT(2) 
PARAMETRIC_REPRESENTATION_CONTEXT() REPRESENTATION_CONTEXT('2D SPACE',''
  ) );
#8772 = PCURVE('',#8441,#8773);
#8773 = DEFINITIONAL_REPRESENTATION('',(#8774),#8777);
#8774 = B_SPLINE_CURVE_WITH_KNOTS('',1,(#8775,#8776),.UNSPECIFIED.,.F.,
  .F.,(2,2),(-15.08195815128,-0.110588328479),.PIECEWISE_BEZIER_KNOTS.);
#8775 = CARTESIAN_POINT('',(5.,-14.9713698228));
#8776 = CARTESIAN_POINT('',(5.,0.));
#8777 = ( GEOMETRIC_REPRESENTATION_CONTEXT(2) 
PARAMETRIC_REPRESENTATION_CONTEXT() REPRESENTATION_CONTEXT('2D SPACE',''
  ) );
#8778 = ORIENTED_EDGE('',*,*,#8779,.T.);
#8779 = EDGE_CURVE('',#8758,#8780,#8782,.T.);
#8780 = VERTEX_POINT('',#8781);
#8781 = CARTESIAN_POINT('',(90.843333333333,4.485684911401,5.));
#8782 = SURFACE_CURVE('',#8783,(#8787,#8794),.PCURVE_S1.);
#8783 = LINE('',#8784,#8785);
#8784 = CARTESIAN_POINT('',(96.898888888889,4.485684911401,5.));
#8785 = VECTOR('',#8786,1.);
#8786 = DIRECTION('',(-1.,-1.466716656386E-16,0.));
#8787 = PCURVE('',#3013,#8788);
#8788 = DEFINITIONAL_REPRESENTATION('',(#8789),#8793);
#8789 = LINE('',#8790,#8791);
#8790 = CARTESIAN_POINT('',(-12.10111111111,4.485684911401));
#8791 = VECTOR('',#8792,1.);
#8792 = DIRECTION('',(-1.,-1.466716656386E-16));
#8793 = ( GEOMETRIC_REPRESENTATION_CONTEXT(2) 
PARAMETRIC_REPRESENTATION_CONTEXT() REPRESENTATION_CONTEXT('2D SPACE',''
  ) );
#8794 = PCURVE('',#8413,#8795);
#8795 = DEFINITIONAL_REPRESENTATION('',(#8796),#8800);
#8796 = LINE('',#8797,#8798);
#8797 = CARTESIAN_POINT('',(0.,6.075555555556));
#8798 = VECTOR('',#8799,1.);
#8799 = DIRECTION('',(0.,-1.));
#8800 = ( GEOMETRIC_REPRESENTATION_CONTEXT(2) 
PARAMETRIC_REPRESENTATION_CONTEXT() REPRESENTATION_CONTEXT('2D SPACE',''
  ) );
#8801 = ORIENTED_EDGE('',*,*,#8802,.T.);
#8802 = EDGE_CURVE('',#8780,#8803,#8805,.T.);
#8803 = VERTEX_POINT('',#8804);
#8804 = CARTESIAN_POINT('',(90.843333333333,4.456252258012,5.));
#8805 = SURFACE_CURVE('',#8806,(#8810,#8817),.PCURVE_S1.);
#8806 = LINE('',#8807,#8808);
#8807 = CARTESIAN_POINT('',(90.843333333333,-7.470968584706,5.));
#8808 = VECTOR('',#8809,1.);
#8809 = DIRECTION('',(0.,-1.,0.));
#8810 = PCURVE('',#3013,#8811);
#8811 = DEFINITIONAL_REPRESENTATION('',(#8812),#8816);
#8812 = LINE('',#8813,#8814);
#8813 = CARTESIAN_POINT('',(-18.15666666666,-7.470968584706));
#8814 = VECTOR('',#8815,1.);
#8815 = DIRECTION('',(0.,-1.));
#8816 = ( GEOMETRIC_REPRESENTATION_CONTEXT(2) 
PARAMETRIC_REPRESENTATION_CONTEXT() REPRESENTATION_CONTEXT('2D SPACE',''
  ) );
#8817 = PCURVE('',#8385,#8818);
#8818 = DEFINITIONAL_REPRESENTATION('',(#8819),#8822);
#8819 = B_SPLINE_CURVE_WITH_KNOTS('',1,(#8820,#8821),.UNSPECIFIED.,.F.,
  .F.,(2,2),(-14.92722084271,-1.471632669478E-02),
  .PIECEWISE_BEZIER_KNOTS.);
#8820 = CARTESIAN_POINT('',(5.,-14.91250451602));
#8821 = CARTESIAN_POINT('',(5.,0.));
#8822 = ( GEOMETRIC_REPRESENTATION_CONTEXT(2) 
PARAMETRIC_REPRESENTATION_CONTEXT() REPRESENTATION_CONTEXT('2D SPACE',''
  ) );
#8823 = ORIENTED_EDGE('',*,*,#8824,.T.);
#8824 = EDGE_CURVE('',#8803,#8825,#8827,.T.);
#8825 = VERTEX_POINT('',#8826);
#8826 = CARTESIAN_POINT('',(84.767777777778,4.456252258012,5.));
#8827 = SURFACE_CURVE('',#8828,(#8832,#8839),.PCURVE_S1.);
#8828 = LINE('',#8829,#8830);
#8829 = CARTESIAN_POINT('',(90.843333333333,4.456252258012,5.));
#8830 = VECTOR('',#8831,1.);
#8831 = DIRECTION('',(-1.,0.,0.));
#8832 = PCURVE('',#3013,#8833);
#8833 = DEFINITIONAL_REPRESENTATION('',(#8834),#8838);
#8834 = LINE('',#8835,#8836);
#8835 = CARTESIAN_POINT('',(-18.15666666666,4.456252258012));
#8836 = VECTOR('',#8837,1.);
#8837 = DIRECTION('',(-1.,0.));
#8838 = ( GEOMETRIC_REPRESENTATION_CONTEXT(2) 
PARAMETRIC_REPRESENTATION_CONTEXT() REPRESENTATION_CONTEXT('2D SPACE',''
  ) );
#8839 = PCURVE('',#8357,#8840);
#8840 = DEFINITIONAL_REPRESENTATION('',(#8841),#8845);
#8841 = LINE('',#8842,#8843);
#8842 = CARTESIAN_POINT('',(0.,6.075555555556));
#8843 = VECTOR('',#8844,1.);
#8844 = DIRECTION('',(0.,-1.));
#8845 = ( GEOMETRIC_REPRESENTATION_CONTEXT(2) 
PARAMETRIC_REPRESENTATION_CONTEXT() REPRESENTATION_CONTEXT('2D SPACE',''
  ) );
#8846 = ORIENTED_EDGE('',*,*,#8847,.T.);
#8847 = EDGE_CURVE('',#8825,#8848,#8850,.T.);
#8848 = VERTEX_POINT('',#8849);
#8849 = CARTESIAN_POINT('',(84.767777777778,4.664351851852,5.));
#8850 = SURFACE_CURVE('',#8851,(#8855,#8862),.PCURVE_S1.);
#8851 = LINE('',#8852,#8853);
#8852 = CARTESIAN_POINT('',(84.767777777778,4.456252258012,5.));
#8853 = VECTOR('',#8854,1.);
#8854 = DIRECTION('',(-0.,1.,0.));
#8855 = PCURVE('',#3013,#8856);
#8856 = DEFINITIONAL_REPRESENTATION('',(#8857),#8861);
#8857 = LINE('',#8858,#8859);
#8858 = CARTESIAN_POINT('',(-24.23222222222,4.456252258012));
#8859 = VECTOR('',#8860,1.);
#8860 = DIRECTION('',(0.,1.));
#8861 = ( GEOMETRIC_REPRESENTATION_CONTEXT(2) 
PARAMETRIC_REPRESENTATION_CONTEXT() REPRESENTATION_CONTEXT('2D SPACE',''
  ) );
#8862 = PCURVE('',#8329,#8863);
#8863 = DEFINITIONAL_REPRESENTATION('',(#8864),#8868);
#8864 = LINE('',#8865,#8866);
#8865 = CARTESIAN_POINT('',(0.,0.));
#8866 = VECTOR('',#8867,1.);
#8867 = DIRECTION('',(0.,-1.));
#8868 = ( GEOMETRIC_REPRESENTATION_CONTEXT(2) 
PARAMETRIC_REPRESENTATION_CONTEXT() REPRESENTATION_CONTEXT('2D SPACE',''
  ) );
#8869 = ORIENTED_EDGE('',*,*,#8870,.T.);
#8870 = EDGE_CURVE('',#8848,#8871,#8873,.T.);
#8871 = VERTEX_POINT('',#8872);
#8872 = CARTESIAN_POINT('',(78.712222222222,4.664351851852,5.));
#8873 = SURFACE_CURVE('',#8874,(#8878,#8885),.PCURVE_S1.);
#8874 = LINE('',#8875,#8876);
#8875 = CARTESIAN_POINT('',(84.787777777778,4.664351851852,5.));
#8876 = VECTOR('',#8877,1.);
#8877 = DIRECTION('',(-1.,0.,0.));
#8878 = PCURVE('',#3013,#8879);
#8879 = DEFINITIONAL_REPRESENTATION('',(#8880),#8884);
#8880 = LINE('',#8881,#8882);
#8881 = CARTESIAN_POINT('',(-24.21222222222,4.664351851852));
#8882 = VECTOR('',#8883,1.);
#8883 = DIRECTION('',(-1.,0.));
#8884 = ( GEOMETRIC_REPRESENTATION_CONTEXT(2) 
PARAMETRIC_REPRESENTATION_CONTEXT() REPRESENTATION_CONTEXT('2D SPACE',''
  ) );
#8885 = PCURVE('',#8301,#8886);
#8886 = DEFINITIONAL_REPRESENTATION('',(#8887),#8891);
#8887 = LINE('',#8888,#8889);
#8888 = CARTESIAN_POINT('',(0.,6.075555555556));
#8889 = VECTOR('',#8890,1.);
#8890 = DIRECTION('',(0.,-1.));
#8891 = ( GEOMETRIC_REPRESENTATION_CONTEXT(2) 
PARAMETRIC_REPRESENTATION_CONTEXT() REPRESENTATION_CONTEXT('2D SPACE',''
  ) );
#8892 = ORIENTED_EDGE('',*,*,#8893,.T.);
#8893 = EDGE_CURVE('',#8871,#8894,#8896,.T.);
#8894 = VERTEX_POINT('',#8895);
#8895 = CARTESIAN_POINT('',(78.712222222222,5.034722222222,5.));
#8896 = SURFACE_CURVE('',#8897,(#8901,#8908),.PCURVE_S1.);
#8897 = LINE('',#8898,#8899);
#8898 = CARTESIAN_POINT('',(78.712222222222,4.664351851852,5.));
#8899 = VECTOR('',#8900,1.);
#8900 = DIRECTION('',(-0.,1.,0.));
#8901 = PCURVE('',#3013,#8902);
#8902 = DEFINITIONAL_REPRESENTATION('',(#8903),#8907);
#8903 = LINE('',#8904,#8905);
#8904 = CARTESIAN_POINT('',(-30.28777777777,4.664351851852));
#8905 = VECTOR('',#8906,1.);
#8906 = DIRECTION('',(0.,1.));
#8907 = ( GEOMETRIC_REPRESENTATION_CONTEXT(2) 
PARAMETRIC_REPRESENTATION_CONTEXT() REPRESENTATION_CONTEXT('2D SPACE',''
  ) );
#8908 = PCURVE('',#8273,#8909);
#8909 = DEFINITIONAL_REPRESENTATION('',(#8910),#8914);
#8910 = LINE('',#8911,#8912);
#8911 = CARTESIAN_POINT('',(0.,0.));
#8912 = VECTOR('',#8913,1.);
#8913 = DIRECTION('',(0.,-1.));
#8914 = ( GEOMETRIC_REPRESENTATION_CONTEXT(2) 
PARAMETRIC_REPRESENTATION_CONTEXT() REPRESENTATION_CONTEXT('2D SPACE',''
  ) );
#8915 = ORIENTED_EDGE('',*,*,#8916,.T.);
#8916 = EDGE_CURVE('',#8894,#8917,#8919,.T.);
#8917 = VERTEX_POINT('',#8918);
#8918 = CARTESIAN_POINT('',(72.656666666667,5.034722222222,5.));
#8919 = SURFACE_CURVE('',#8920,(#8924,#8931),.PCURVE_S1.);
#8920 = LINE('',#8921,#8922);
#8921 = CARTESIAN_POINT('',(78.732222222222,5.034722222222,5.));
#8922 = VECTOR('',#8923,1.);
#8923 = DIRECTION('',(-1.,0.,0.));
#8924 = PCURVE('',#3013,#8925);
#8925 = DEFINITIONAL_REPRESENTATION('',(#8926),#8930);
#8926 = LINE('',#8927,#8928);
#8927 = CARTESIAN_POINT('',(-30.26777777777,5.034722222222));
#8928 = VECTOR('',#8929,1.);
#8929 = DIRECTION('',(-1.,0.));
#8930 = ( GEOMETRIC_REPRESENTATION_CONTEXT(2) 
PARAMETRIC_REPRESENTATION_CONTEXT() REPRESENTATION_CONTEXT('2D SPACE',''
  ) );
#8931 = PCURVE('',#8245,#8932);
#8932 = DEFINITIONAL_REPRESENTATION('',(#8933),#8937);
#8933 = LINE('',#8934,#8935);
#8934 = CARTESIAN_POINT('',(0.,6.075555555556));
#8935 = VECTOR('',#8936,1.);
#8936 = DIRECTION('',(0.,-1.));
#8937 = ( GEOMETRIC_REPRESENTATION_CONTEXT(2) 
PARAMETRIC_REPRESENTATION_CONTEXT() REPRESENTATION_CONTEXT('2D SPACE',''
  ) );
#8938 = ORIENTED_EDGE('',*,*,#8939,.T.);
#8939 = EDGE_CURVE('',#8917,#8940,#8942,.T.);
#8940 = VERTEX_POINT('',#8941);
#8941 = CARTESIAN_POINT('',(72.656666666667,5.431944444444,5.));
#8942 = SURFACE_CURVE('',#8943,(#8947,#8954),.PCURVE_S1.);
#8943 = LINE('',#8944,#8945);
#8944 = CARTESIAN_POINT('',(72.656666666667,5.034722222222,5.));
#8945 = VECTOR('',#8946,1.);
#8946 = DIRECTION('',(-0.,1.,0.));
#8947 = PCURVE('',#3013,#8948);
#8948 = DEFINITIONAL_REPRESENTATION('',(#8949),#8953);
#8949 = LINE('',#8950,#8951);
#8950 = CARTESIAN_POINT('',(-36.34333333333,5.034722222222));
#8951 = VECTOR('',#8952,1.);
#8952 = DIRECTION('',(0.,1.));
#8953 = ( GEOMETRIC_REPRESENTATION_CONTEXT(2) 
PARAMETRIC_REPRESENTATION_CONTEXT() REPRESENTATION_CONTEXT('2D SPACE',''
  ) );
#8954 = PCURVE('',#8217,#8955);
#8955 = DEFINITIONAL_REPRESENTATION('',(#8956),#8960);
#8956 = LINE('',#8957,#8958);
#8957 = CARTESIAN_POINT('',(0.,0.));
#8958 = VECTOR('',#8959,1.);
#8959 = DIRECTION('',(0.,-1.));
#8960 = ( GEOMETRIC_REPRESENTATION_CONTEXT(2) 
PARAMETRIC_REPRESENTATION_CONTEXT() REPRESENTATION_CONTEXT('2D SPACE',''
  ) );
#8961 = ORIENTED_EDGE('',*,*,#8962,.T.);
#8962 = EDGE_CURVE('',#8940,#8963,#8965,.T.);
#8963 = VERTEX_POINT('',#8964);
#8964 = CARTESIAN_POINT('',(66.601111111111,5.431944444444,5.));
#8965 = SURFACE_CURVE('',#8966,(#8970,#8977),.PCURVE_S1.);
#8966 = LINE('',#8967,#8968);
#8967 = CARTESIAN_POINT('',(72.676666666667,5.431944444444,5.));
#8968 = VECTOR('',#8969,1.);
#8969 = DIRECTION('',(-1.,0.,0.));
#8970 = PCURVE('',#3013,#8971);
#8971 = DEFINITIONAL_REPRESENTATION('',(#8972),#8976);
#8972 = LINE('',#8973,#8974);
#8973 = CARTESIAN_POINT('',(-36.32333333333,5.431944444444));
#8974 = VECTOR('',#8975,1.);
#8975 = DIRECTION('',(-1.,0.));
#8976 = ( GEOMETRIC_REPRESENTATION_CONTEXT(2) 
PARAMETRIC_REPRESENTATION_CONTEXT() REPRESENTATION_CONTEXT('2D SPACE',''
  ) );
#8977 = PCURVE('',#8189,#8978);
#8978 = DEFINITIONAL_REPRESENTATION('',(#8979),#8983);
#8979 = LINE('',#8980,#8981);
#8980 = CARTESIAN_POINT('',(0.,6.075555555556));
#8981 = VECTOR('',#8982,1.);
#8982 = DIRECTION('',(0.,-1.));
#8983 = ( GEOMETRIC_REPRESENTATION_CONTEXT(2) 
PARAMETRIC_REPRESENTATION_CONTEXT() REPRESENTATION_CONTEXT('2D SPACE',''
  ) );
#8984 = ORIENTED_EDGE('',*,*,#8985,.T.);
#8985 = EDGE_CURVE('',#8963,#8986,#8988,.T.);
#8986 = VERTEX_POINT('',#8987);
#8987 = CARTESIAN_POINT('',(66.601111111111,5.829166666667,5.));
#8988 = SURFACE_CURVE('',#8989,(#8993,#9000),.PCURVE_S1.);
#8989 = LINE('',#8990,#8991);
#8990 = CARTESIAN_POINT('',(66.601111111111,5.431944444444,5.));
#8991 = VECTOR('',#8992,1.);
#8992 = DIRECTION('',(-0.,1.,0.));
#8993 = PCURVE('',#3013,#8994);
#8994 = DEFINITIONAL_REPRESENTATION('',(#8995),#8999);
#8995 = LINE('',#8996,#8997);
#8996 = CARTESIAN_POINT('',(-42.39888888888,5.431944444444));
#8997 = VECTOR('',#8998,1.);
#8998 = DIRECTION('',(0.,1.));
#8999 = ( GEOMETRIC_REPRESENTATION_CONTEXT(2) 
PARAMETRIC_REPRESENTATION_CONTEXT() REPRESENTATION_CONTEXT('2D SPACE',''
  ) );
#9000 = PCURVE('',#8161,#9001);
#9001 = DEFINITIONAL_REPRESENTATION('',(#9002),#9006);
#9002 = LINE('',#9003,#9004);
#9003 = CARTESIAN_POINT('',(0.,0.));
#9004 = VECTOR('',#9005,1.);
#9005 = DIRECTION('',(0.,-1.));
#9006 = ( GEOMETRIC_REPRESENTATION_CONTEXT(2) 
PARAMETRIC_REPRESENTATION_CONTEXT() REPRESENTATION_CONTEXT('2D SPACE',''
  ) );
#9007 = ORIENTED_EDGE('',*,*,#9008,.T.);
#9008 = EDGE_CURVE('',#8986,#9009,#9011,.T.);
#9009 = VERTEX_POINT('',#9010);
#9010 = CARTESIAN_POINT('',(60.545555555556,5.829166666667,5.));
#9011 = SURFACE_CURVE('',#9012,(#9016,#9023),.PCURVE_S1.);
#9012 = LINE('',#9013,#9014);
#9013 = CARTESIAN_POINT('',(66.621111111111,5.829166666667,5.));
#9014 = VECTOR('',#9015,1.);
#9015 = DIRECTION('',(-1.,0.,0.));
#9016 = PCURVE('',#3013,#9017);
#9017 = DEFINITIONAL_REPRESENTATION('',(#9018),#9022);
#9018 = LINE('',#9019,#9020);
#9019 = CARTESIAN_POINT('',(-42.37888888888,5.829166666667));
#9020 = VECTOR('',#9021,1.);
#9021 = DIRECTION('',(-1.,0.));
#9022 = ( GEOMETRIC_REPRESENTATION_CONTEXT(2) 
PARAMETRIC_REPRESENTATION_CONTEXT() REPRESENTATION_CONTEXT('2D SPACE',''
  ) );
#9023 = PCURVE('',#8133,#9024);
#9024 = DEFINITIONAL_REPRESENTATION('',(#9025),#9029);
#9025 = LINE('',#9026,#9027);
#9026 = CARTESIAN_POINT('',(0.,6.075555555556));
#9027 = VECTOR('',#9028,1.);
#9028 = DIRECTION('',(0.,-1.));
#9029 = ( GEOMETRIC_REPRESENTATION_CONTEXT(2) 
PARAMETRIC_REPRESENTATION_CONTEXT() REPRESENTATION_CONTEXT('2D SPACE',''
  ) );
#9030 = ORIENTED_EDGE('',*,*,#9031,.T.);
#9031 = EDGE_CURVE('',#9009,#9032,#9034,.T.);
#9032 = VERTEX_POINT('',#9033);
#9033 = CARTESIAN_POINT('',(60.545555555556,6.226388888889,5.));
#9034 = SURFACE_CURVE('',#9035,(#9039,#9046),.PCURVE_S1.);
#9035 = LINE('',#9036,#9037);
#9036 = CARTESIAN_POINT('',(60.545555555556,5.829166666667,5.));
#9037 = VECTOR('',#9038,1.);
#9038 = DIRECTION('',(-0.,1.,0.));
#9039 = PCURVE('',#3013,#9040);
#9040 = DEFINITIONAL_REPRESENTATION('',(#9041),#9045);
#9041 = LINE('',#9042,#9043);
#9042 = CARTESIAN_POINT('',(-48.45444444444,5.829166666667));
#9043 = VECTOR('',#9044,1.);
#9044 = DIRECTION('',(0.,1.));
#9045 = ( GEOMETRIC_REPRESENTATION_CONTEXT(2) 
PARAMETRIC_REPRESENTATION_CONTEXT() REPRESENTATION_CONTEXT('2D SPACE',''
  ) );
#9046 = PCURVE('',#8105,#9047);
#9047 = DEFINITIONAL_REPRESENTATION('',(#9048),#9052);
#9048 = LINE('',#9049,#9050);
#9049 = CARTESIAN_POINT('',(0.,0.));
#9050 = VECTOR('',#9051,1.);
#9051 = DIRECTION('',(0.,-1.));
#9052 = ( GEOMETRIC_REPRESENTATION_CONTEXT(2) 
PARAMETRIC_REPRESENTATION_CONTEXT() REPRESENTATION_CONTEXT('2D SPACE',''
  ) );
#9053 = ORIENTED_EDGE('',*,*,#9054,.T.);
#9054 = EDGE_CURVE('',#9032,#9055,#9057,.T.);
#9055 = VERTEX_POINT('',#9056);
#9056 = CARTESIAN_POINT('',(54.49,6.226388888889,5.));
#9057 = SURFACE_CURVE('',#9058,(#9062,#9069),.PCURVE_S1.);
#9058 = LINE('',#9059,#9060);
#9059 = CARTESIAN_POINT('',(60.565555555556,6.226388888889,5.));
#9060 = VECTOR('',#9061,1.);
#9061 = DIRECTION('',(-1.,0.,0.));
#9062 = PCURVE('',#3013,#9063);
#9063 = DEFINITIONAL_REPRESENTATION('',(#9064),#9068);
#9064 = LINE('',#9065,#9066);
#9065 = CARTESIAN_POINT('',(-48.43444444444,6.226388888889));
#9066 = VECTOR('',#9067,1.);
#9067 = DIRECTION('',(-1.,0.));
#9068 = ( GEOMETRIC_REPRESENTATION_CONTEXT(2) 
PARAMETRIC_REPRESENTATION_CONTEXT() REPRESENTATION_CONTEXT('2D SPACE',''
  ) );
#9069 = PCURVE('',#8077,#9070);
#9070 = DEFINITIONAL_REPRESENTATION('',(#9071),#9075);
#9071 = LINE('',#9072,#9073);
#9072 = CARTESIAN_POINT('',(0.,6.075555555556));
#9073 = VECTOR('',#9074,1.);
#9074 = DIRECTION('',(0.,-1.));
#9075 = ( GEOMETRIC_REPRESENTATION_CONTEXT(2) 
PARAMETRIC_REPRESENTATION_CONTEXT() REPRESENTATION_CONTEXT('2D SPACE',''
  ) );
#9076 = ORIENTED_EDGE('',*,*,#9077,.T.);
#9077 = EDGE_CURVE('',#9055,#9078,#9080,.T.);
#9078 = VERTEX_POINT('',#9079);
#9079 = CARTESIAN_POINT('',(54.49,6.623611111111,5.));
#9080 = SURFACE_CURVE('',#9081,(#9085,#9092),.PCURVE_S1.);
#9081 = LINE('',#9082,#9083);
#9082 = CARTESIAN_POINT('',(54.49,6.226388888889,5.));
#9083 = VECTOR('',#9084,1.);
#9084 = DIRECTION('',(-0.,1.,0.));
#9085 = PCURVE('',#3013,#9086);
#9086 = DEFINITIONAL_REPRESENTATION('',(#9087),#9091);
#9087 = LINE('',#9088,#9089);
#9088 = CARTESIAN_POINT('',(-54.51,6.226388888889));
#9089 = VECTOR('',#9090,1.);
#9090 = DIRECTION('',(0.,1.));
#9091 = ( GEOMETRIC_REPRESENTATION_CONTEXT(2) 
PARAMETRIC_REPRESENTATION_CONTEXT() REPRESENTATION_CONTEXT('2D SPACE',''
  ) );
#9092 = PCURVE('',#8049,#9093);
#9093 = DEFINITIONAL_REPRESENTATION('',(#9094),#9098);
#9094 = LINE('',#9095,#9096);
#9095 = CARTESIAN_POINT('',(0.,0.));
#9096 = VECTOR('',#9097,1.);
#9097 = DIRECTION('',(0.,-1.));
#9098 = ( GEOMETRIC_REPRESENTATION_CONTEXT(2) 
PARAMETRIC_REPRESENTATION_CONTEXT() REPRESENTATION_CONTEXT('2D SPACE',''
  ) );
#9099 = ORIENTED_EDGE('',*,*,#9100,.T.);
#9100 = EDGE_CURVE('',#9078,#9101,#9103,.T.);
#9101 = VERTEX_POINT('',#9102);
#9102 = CARTESIAN_POINT('',(48.434444444444,6.623611111111,5.));
#9103 = SURFACE_CURVE('',#9104,(#9108,#9115),.PCURVE_S1.);
#9104 = LINE('',#9105,#9106);
#9105 = CARTESIAN_POINT('',(54.51,6.623611111111,5.));
#9106 = VECTOR('',#9107,1.);
#9107 = DIRECTION('',(-1.,0.,0.));
#9108 = PCURVE('',#3013,#9109);
#9109 = DEFINITIONAL_REPRESENTATION('',(#9110),#9114);
#9110 = LINE('',#9111,#9112);
#9111 = CARTESIAN_POINT('',(-54.49,6.623611111111));
#9112 = VECTOR('',#9113,1.);
#9113 = DIRECTION('',(-1.,0.));
#9114 = ( GEOMETRIC_REPRESENTATION_CONTEXT(2) 
PARAMETRIC_REPRESENTATION_CONTEXT() REPRESENTATION_CONTEXT('2D SPACE',''
  ) );
#9115 = PCURVE('',#8021,#9116);
#9116 = DEFINITIONAL_REPRESENTATION('',(#9117),#9121);
#9117 = LINE('',#9118,#9119);
#9118 = CARTESIAN_POINT('',(0.,6.075555555556));
#9119 = VECTOR('',#9120,1.);
#9120 = DIRECTION('',(0.,-1.));
#9121 = ( GEOMETRIC_REPRESENTATION_CONTEXT(2) 
PARAMETRIC_REPRESENTATION_CONTEXT() REPRESENTATION_CONTEXT('2D SPACE',''
  ) );
#9122 = ORIENTED_EDGE('',*,*,#9123,.T.);
#9123 = EDGE_CURVE('',#9101,#9124,#9126,.T.);
#9124 = VERTEX_POINT('',#9125);
#9125 = CARTESIAN_POINT('',(48.434444444444,7.020833333333,5.));
#9126 = SURFACE_CURVE('',#9127,(#9131,#9138),.PCURVE_S1.);
#9127 = LINE('',#9128,#9129);
#9128 = CARTESIAN_POINT('',(48.434444444444,6.623611111111,5.));
#9129 = VECTOR('',#9130,1.);
#9130 = DIRECTION('',(-0.,1.,0.));
#9131 = PCURVE('',#3013,#9132);
#9132 = DEFINITIONAL_REPRESENTATION('',(#9133),#9137);
#9133 = LINE('',#9134,#9135);
#9134 = CARTESIAN_POINT('',(-60.56555555555,6.623611111111));
#9135 = VECTOR('',#9136,1.);
#9136 = DIRECTION('',(0.,1.));
#9137 = ( GEOMETRIC_REPRESENTATION_CONTEXT(2) 
PARAMETRIC_REPRESENTATION_CONTEXT() REPRESENTATION_CONTEXT('2D SPACE',''
  ) );
#9138 = PCURVE('',#7993,#9139);
#9139 = DEFINITIONAL_REPRESENTATION('',(#9140),#9144);
#9140 = LINE('',#9141,#9142);
#9141 = CARTESIAN_POINT('',(0.,0.));
#9142 = VECTOR('',#9143,1.);
#9143 = DIRECTION('',(0.,-1.));
#9144 = ( GEOMETRIC_REPRESENTATION_CONTEXT(2) 
PARAMETRIC_REPRESENTATION_CONTEXT() REPRESENTATION_CONTEXT('2D SPACE',''
  ) );
#9145 = ORIENTED_EDGE('',*,*,#9146,.T.);
#9146 = EDGE_CURVE('',#9124,#9147,#9149,.T.);
#9147 = VERTEX_POINT('',#9148);
#9148 = CARTESIAN_POINT('',(42.378888888889,7.020833333333,5.));
#9149 = SURFACE_CURVE('',#9150,(#9154,#9161),.PCURVE_S1.);
#9150 = LINE('',#9151,#9152);
#9151 = CARTESIAN_POINT('',(48.454444444444,7.020833333333,5.));
#9152 = VECTOR('',#9153,1.);
#9153 = DIRECTION('',(-1.,0.,0.));
#9154 = PCURVE('',#3013,#9155);
#9155 = DEFINITIONAL_REPRESENTATION('',(#9156),#9160);
#9156 = LINE('',#9157,#9158);
#9157 = CARTESIAN_POINT('',(-60.54555555555,7.020833333333));
#9158 = VECTOR('',#9159,1.);
#9159 = DIRECTION('',(-1.,0.));
#9160 = ( GEOMETRIC_REPRESENTATION_CONTEXT(2) 
PARAMETRIC_REPRESENTATION_CONTEXT() REPRESENTATION_CONTEXT('2D SPACE',''
  ) );
#9161 = PCURVE('',#7965,#9162);
#9162 = DEFINITIONAL_REPRESENTATION('',(#9163),#9167);
#9163 = LINE('',#9164,#9165);
#9164 = CARTESIAN_POINT('',(0.,6.075555555556));
#9165 = VECTOR('',#9166,1.);
#9166 = DIRECTION('',(0.,-1.));
#9167 = ( GEOMETRIC_REPRESENTATION_CONTEXT(2) 
PARAMETRIC_REPRESENTATION_CONTEXT() REPRESENTATION_CONTEXT('2D SPACE',''
  ) );
#9168 = ORIENTED_EDGE('',*,*,#9169,.T.);
#9169 = EDGE_CURVE('',#9147,#9170,#9172,.T.);
#9170 = VERTEX_POINT('',#9171);
#9171 = CARTESIAN_POINT('',(42.378888888889,7.418055555556,5.));
#9172 = SURFACE_CURVE('',#9173,(#9177,#9184),.PCURVE_S1.);
#9173 = LINE('',#9174,#9175);
#9174 = CARTESIAN_POINT('',(42.378888888889,7.020833333333,5.));
#9175 = VECTOR('',#9176,1.);
#9176 = DIRECTION('',(-0.,1.,0.));
#9177 = PCURVE('',#3013,#9178);
#9178 = DEFINITIONAL_REPRESENTATION('',(#9179),#9183);
#9179 = LINE('',#9180,#9181);
#9180 = CARTESIAN_POINT('',(-66.62111111111,7.020833333333));
#9181 = VECTOR('',#9182,1.);
#9182 = DIRECTION('',(0.,1.));
#9183 = ( GEOMETRIC_REPRESENTATION_CONTEXT(2) 
PARAMETRIC_REPRESENTATION_CONTEXT() REPRESENTATION_CONTEXT('2D SPACE',''
  ) );
#9184 = PCURVE('',#7937,#9185);
#9185 = DEFINITIONAL_REPRESENTATION('',(#9186),#9190);
#9186 = LINE('',#9187,#9188);
#9187 = CARTESIAN_POINT('',(0.,0.));
#9188 = VECTOR('',#9189,1.);
#9189 = DIRECTION('',(0.,-1.));
#9190 = ( GEOMETRIC_REPRESENTATION_CONTEXT(2) 
PARAMETRIC_REPRESENTATION_CONTEXT() REPRESENTATION_CONTEXT('2D SPACE',''
  ) );
#9191 = ORIENTED_EDGE('',*,*,#9192,.T.);
#9192 = EDGE_CURVE('',#9170,#9193,#9195,.T.);
#9193 = VERTEX_POINT('',#9194);
#9194 = CARTESIAN_POINT('',(36.323333333333,7.418055555556,5.));
#9195 = SURFACE_CURVE('',#9196,(#9200,#9207),.PCURVE_S1.);
#9196 = LINE('',#9197,#9198);
#9197 = CARTESIAN_POINT('',(42.398888888889,7.418055555556,5.));
#9198 = VECTOR('',#9199,1.);
#9199 = DIRECTION('',(-1.,0.,0.));
#9200 = PCURVE('',#3013,#9201);
#9201 = DEFINITIONAL_REPRESENTATION('',(#9202),#9206);
#9202 = LINE('',#9203,#9204);
#9203 = CARTESIAN_POINT('',(-66.60111111111,7.418055555556));
#9204 = VECTOR('',#9205,1.);
#9205 = DIRECTION('',(-1.,0.));
#9206 = ( GEOMETRIC_REPRESENTATION_CONTEXT(2) 
PARAMETRIC_REPRESENTATION_CONTEXT() REPRESENTATION_CONTEXT('2D SPACE',''
  ) );
#9207 = PCURVE('',#7909,#9208);
#9208 = DEFINITIONAL_REPRESENTATION('',(#9209),#9213);
#9209 = LINE('',#9210,#9211);
#9210 = CARTESIAN_POINT('',(0.,6.075555555556));
#9211 = VECTOR('',#9212,1.);
#9212 = DIRECTION('',(0.,-1.));
#9213 = ( GEOMETRIC_REPRESENTATION_CONTEXT(2) 
PARAMETRIC_REPRESENTATION_CONTEXT() REPRESENTATION_CONTEXT('2D SPACE',''
  ) );
#9214 = ORIENTED_EDGE('',*,*,#9215,.T.);
#9215 = EDGE_CURVE('',#9193,#9216,#9218,.T.);
#9216 = VERTEX_POINT('',#9217);
#9217 = CARTESIAN_POINT('',(36.323333333333,7.815277777778,5.));
#9218 = SURFACE_CURVE('',#9219,(#9223,#9230),.PCURVE_S1.);
#9219 = LINE('',#9220,#9221);
#9220 = CARTESIAN_POINT('',(36.323333333333,7.418055555556,5.));
#9221 = VECTOR('',#9222,1.);
#9222 = DIRECTION('',(-0.,1.,0.));
#9223 = PCURVE('',#3013,#9224);
#9224 = DEFINITIONAL_REPRESENTATION('',(#9225),#9229);
#9225 = LINE('',#9226,#9227);
#9226 = CARTESIAN_POINT('',(-72.67666666666,7.418055555556));
#9227 = VECTOR('',#9228,1.);
#9228 = DIRECTION('',(0.,1.));
#9229 = ( GEOMETRIC_REPRESENTATION_CONTEXT(2) 
PARAMETRIC_REPRESENTATION_CONTEXT() REPRESENTATION_CONTEXT('2D SPACE',''
  ) );
#9230 = PCURVE('',#7881,#9231);
#9231 = DEFINITIONAL_REPRESENTATION('',(#9232),#9236);
#9232 = LINE('',#9233,#9234);
#9233 = CARTESIAN_POINT('',(0.,0.));
#9234 = VECTOR('',#9235,1.);
#9235 = DIRECTION('',(0.,-1.));
#9236 = ( GEOMETRIC_REPRESENTATION_CONTEXT(2) 
PARAMETRIC_REPRESENTATION_CONTEXT() REPRESENTATION_CONTEXT('2D SPACE',''
  ) );
#9237 = ORIENTED_EDGE('',*,*,#9238,.T.);
#9238 = EDGE_CURVE('',#9216,#9239,#9241,.T.);
#9239 = VERTEX_POINT('',#9240);
#9240 = CARTESIAN_POINT('',(30.267777777778,7.815277777778,5.));
#9241 = SURFACE_CURVE('',#9242,(#9246,#9253),.PCURVE_S1.);
#9242 = LINE('',#9243,#9244);
#9243 = CARTESIAN_POINT('',(36.343333333333,7.815277777778,5.));
#9244 = VECTOR('',#9245,1.);
#9245 = DIRECTION('',(-1.,0.,0.));
#9246 = PCURVE('',#3013,#9247);
#9247 = DEFINITIONAL_REPRESENTATION('',(#9248),#9252);
#9248 = LINE('',#9249,#9250);
#9249 = CARTESIAN_POINT('',(-72.65666666666,7.815277777778));
#9250 = VECTOR('',#9251,1.);
#9251 = DIRECTION('',(-1.,0.));
#9252 = ( GEOMETRIC_REPRESENTATION_CONTEXT(2) 
PARAMETRIC_REPRESENTATION_CONTEXT() REPRESENTATION_CONTEXT('2D SPACE',''
  ) );
#9253 = PCURVE('',#7853,#9254);
#9254 = DEFINITIONAL_REPRESENTATION('',(#9255),#9259);
#9255 = LINE('',#9256,#9257);
#9256 = CARTESIAN_POINT('',(0.,6.075555555556));
#9257 = VECTOR('',#9258,1.);
#9258 = DIRECTION('',(0.,-1.));
#9259 = ( GEOMETRIC_REPRESENTATION_CONTEXT(2) 
PARAMETRIC_REPRESENTATION_CONTEXT() REPRESENTATION_CONTEXT('2D SPACE',''
  ) );
#9260 = ORIENTED_EDGE('',*,*,#9261,.T.);
#9261 = EDGE_CURVE('',#9239,#9262,#9264,.T.);
#9262 = VERTEX_POINT('',#9263);
#9263 = CARTESIAN_POINT('',(30.267777777778,8.2125,5.));
#9264 = SURFACE_CURVE('',#9265,(#9269,#9276),.PCURVE_S1.);
#9265 = LINE('',#9266,#9267);
#9266 = CARTESIAN_POINT('',(30.267777777778,7.815277777778,5.));
#9267 = VECTOR('',#9268,1.);
#9268 = DIRECTION('',(-0.,1.,0.));
#9269 = PCURVE('',#3013,#9270);
#9270 = DEFINITIONAL_REPRESENTATION('',(#9271),#9275);
#9271 = LINE('',#9272,#9273);
#9272 = CARTESIAN_POINT('',(-78.73222222222,7.815277777778));
#9273 = VECTOR('',#9274,1.);
#9274 = DIRECTION('',(0.,1.));
#9275 = ( GEOMETRIC_REPRESENTATION_CONTEXT(2) 
PARAMETRIC_REPRESENTATION_CONTEXT() REPRESENTATION_CONTEXT('2D SPACE',''
  ) );
#9276 = PCURVE('',#7825,#9277);
#9277 = DEFINITIONAL_REPRESENTATION('',(#9278),#9282);
#9278 = LINE('',#9279,#9280);
#9279 = CARTESIAN_POINT('',(0.,0.));
#9280 = VECTOR('',#9281,1.);
#9281 = DIRECTION('',(0.,-1.));
#9282 = ( GEOMETRIC_REPRESENTATION_CONTEXT(2) 
PARAMETRIC_REPRESENTATION_CONTEXT() REPRESENTATION_CONTEXT('2D SPACE',''
  ) );
#9283 = ORIENTED_EDGE('',*,*,#9284,.T.);
#9284 = EDGE_CURVE('',#9262,#9285,#9287,.T.);
#9285 = VERTEX_POINT('',#9286);
#9286 = CARTESIAN_POINT('',(24.212222222222,8.2125,5.));
#9287 = SURFACE_CURVE('',#9288,(#9292,#9299),.PCURVE_S1.);
#9288 = LINE('',#9289,#9290);
#9289 = CARTESIAN_POINT('',(30.287777777778,8.2125,5.));
#9290 = VECTOR('',#9291,1.);
#9291 = DIRECTION('',(-1.,0.,0.));
#9292 = PCURVE('',#3013,#9293);
#9293 = DEFINITIONAL_REPRESENTATION('',(#9294),#9298);
#9294 = LINE('',#9295,#9296);
#9295 = CARTESIAN_POINT('',(-78.71222222222,8.2125));
#9296 = VECTOR('',#9297,1.);
#9297 = DIRECTION('',(-1.,0.));
#9298 = ( GEOMETRIC_REPRESENTATION_CONTEXT(2) 
PARAMETRIC_REPRESENTATION_CONTEXT() REPRESENTATION_CONTEXT('2D SPACE',''
  ) );
#9299 = PCURVE('',#7797,#9300);
#9300 = DEFINITIONAL_REPRESENTATION('',(#9301),#9305);
#9301 = LINE('',#9302,#9303);
#9302 = CARTESIAN_POINT('',(0.,6.075555555556));
#9303 = VECTOR('',#9304,1.);
#9304 = DIRECTION('',(0.,-1.));
#9305 = ( GEOMETRIC_REPRESENTATION_CONTEXT(2) 
PARAMETRIC_REPRESENTATION_CONTEXT() REPRESENTATION_CONTEXT('2D SPACE',''
  ) );
#9306 = ORIENTED_EDGE('',*,*,#9307,.T.);
#9307 = EDGE_CURVE('',#9285,#9308,#9310,.T.);
#9308 = VERTEX_POINT('',#9309);
#9309 = CARTESIAN_POINT('',(24.212222222222,8.609722222222,5.));
#9310 = SURFACE_CURVE('',#9311,(#9315,#9322),.PCURVE_S1.);
#9311 = LINE('',#9312,#9313);
#9312 = CARTESIAN_POINT('',(24.212222222222,8.2125,5.));
#9313 = VECTOR('',#9314,1.);
#9314 = DIRECTION('',(-0.,1.,0.));
#9315 = PCURVE('',#3013,#9316);
#9316 = DEFINITIONAL_REPRESENTATION('',(#9317),#9321);
#9317 = LINE('',#9318,#9319);
#9318 = CARTESIAN_POINT('',(-84.78777777777,8.2125));
#9319 = VECTOR('',#9320,1.);
#9320 = DIRECTION('',(0.,1.));
#9321 = ( GEOMETRIC_REPRESENTATION_CONTEXT(2) 
PARAMETRIC_REPRESENTATION_CONTEXT() REPRESENTATION_CONTEXT('2D SPACE',''
  ) );
#9322 = PCURVE('',#7769,#9323);
#9323 = DEFINITIONAL_REPRESENTATION('',(#9324),#9328);
#9324 = LINE('',#9325,#9326);
#9325 = CARTESIAN_POINT('',(0.,0.));
#9326 = VECTOR('',#9327,1.);
#9327 = DIRECTION('',(0.,-1.));
#9328 = ( GEOMETRIC_REPRESENTATION_CONTEXT(2) 
PARAMETRIC_REPRESENTATION_CONTEXT() REPRESENTATION_CONTEXT('2D SPACE',''
  ) );
#9329 = ORIENTED_EDGE('',*,*,#9330,.T.);
#9330 = EDGE_CURVE('',#9308,#9331,#9333,.T.);
#9331 = VERTEX_POINT('',#9332);
#9332 = CARTESIAN_POINT('',(18.156666666667,8.609722222222,5.));
#9333 = SURFACE_CURVE('',#9334,(#9338,#9345),.PCURVE_S1.);
#9334 = LINE('',#9335,#9336);
#9335 = CARTESIAN_POINT('',(24.232222222222,8.609722222222,5.));
#9336 = VECTOR('',#9337,1.);
#9337 = DIRECTION('',(-1.,0.,0.));
#9338 = PCURVE('',#3013,#9339);
#9339 = DEFINITIONAL_REPRESENTATION('',(#9340),#9344);
#9340 = LINE('',#9341,#9342);
#9341 = CARTESIAN_POINT('',(-84.76777777777,8.609722222222));
#9342 = VECTOR('',#9343,1.);
#9343 = DIRECTION('',(-1.,0.));
#9344 = ( GEOMETRIC_REPRESENTATION_CONTEXT(2) 
PARAMETRIC_REPRESENTATION_CONTEXT() REPRESENTATION_CONTEXT('2D SPACE',''
  ) );
#9345 = PCURVE('',#7741,#9346);
#9346 = DEFINITIONAL_REPRESENTATION('',(#9347),#9351);
#9347 = LINE('',#9348,#9349);
#9348 = CARTESIAN_POINT('',(0.,6.075555555556));
#9349 = VECTOR('',#9350,1.);
#9350 = DIRECTION('',(0.,-1.));
#9351 = ( GEOMETRIC_REPRESENTATION_CONTEXT(2) 
PARAMETRIC_REPRESENTATION_CONTEXT() REPRESENTATION_CONTEXT('2D SPACE',''
  ) );
#9352 = ORIENTED_EDGE('',*,*,#9353,.T.);
#9353 = EDGE_CURVE('',#9331,#9354,#9356,.T.);
#9354 = VERTEX_POINT('',#9355);
#9355 = CARTESIAN_POINT('',(18.156666666667,9.006944444444,5.));
#9356 = SURFACE_CURVE('',#9357,(#9361,#9368),.PCURVE_S1.);
#9357 = LINE('',#9358,#9359);
#9358 = CARTESIAN_POINT('',(18.156666666667,8.609722222222,5.));
#9359 = VECTOR('',#9360,1.);
#9360 = DIRECTION('',(-0.,1.,0.));
#9361 = PCURVE('',#3013,#9362);
#9362 = DEFINITIONAL_REPRESENTATION('',(#9363),#9367);
#9363 = LINE('',#9364,#9365);
#9364 = CARTESIAN_POINT('',(-90.84333333333,8.609722222222));
#9365 = VECTOR('',#9366,1.);
#9366 = DIRECTION('',(0.,1.));
#9367 = ( GEOMETRIC_REPRESENTATION_CONTEXT(2) 
PARAMETRIC_REPRESENTATION_CONTEXT() REPRESENTATION_CONTEXT('2D SPACE',''
  ) );
#9368 = PCURVE('',#7713,#9369);
#9369 = DEFINITIONAL_REPRESENTATION('',(#9370),#9374);
#9370 = LINE('',#9371,#9372);
#9371 = CARTESIAN_POINT('',(0.,0.));
#9372 = VECTOR('',#9373,1.);
#9373 = DIRECTION('',(0.,-1.));
#9374 = ( GEOMETRIC_REPRESENTATION_CONTEXT(2) 
PARAMETRIC_REPRESENTATION_CONTEXT() REPRESENTATION_CONTEXT('2D SPACE',''
  ) );
#9375 = ORIENTED_EDGE('',*,*,#9376,.T.);
#9376 = EDGE_CURVE('',#9354,#9377,#9379,.T.);
#9377 = VERTEX_POINT('',#9378);
#9378 = CARTESIAN_POINT('',(12.101111111111,9.006944444444,5.));
#9379 = SURFACE_CURVE('',#9380,(#9384,#9391),.PCURVE_S1.);
#9380 = LINE('',#9381,#9382);
#9381 = CARTESIAN_POINT('',(18.176666666667,9.006944444444,5.));
#9382 = VECTOR('',#9383,1.);
#9383 = DIRECTION('',(-1.,0.,0.));
#9384 = PCURVE('',#3013,#9385);
#9385 = DEFINITIONAL_REPRESENTATION('',(#9386),#9390);
#9386 = LINE('',#9387,#9388);
#9387 = CARTESIAN_POINT('',(-90.82333333333,9.006944444444));
#9388 = VECTOR('',#9389,1.);
#9389 = DIRECTION('',(-1.,0.));
#9390 = ( GEOMETRIC_REPRESENTATION_CONTEXT(2) 
PARAMETRIC_REPRESENTATION_CONTEXT() REPRESENTATION_CONTEXT('2D SPACE',''
  ) );
#9391 = PCURVE('',#7685,#9392);
#9392 = DEFINITIONAL_REPRESENTATION('',(#9393),#9397);
#9393 = LINE('',#9394,#9395);
#9394 = CARTESIAN_POINT('',(0.,6.075555555556));
#9395 = VECTOR('',#9396,1.);
#9396 = DIRECTION('',(0.,-1.));
#9397 = ( GEOMETRIC_REPRESENTATION_CONTEXT(2) 
PARAMETRIC_REPRESENTATION_CONTEXT() REPRESENTATION_CONTEXT('2D SPACE',''
  ) );
#9398 = ORIENTED_EDGE('',*,*,#9399,.T.);
#9399 = EDGE_CURVE('',#9377,#9400,#9402,.T.);
#9400 = VERTEX_POINT('',#9401);
#9401 = CARTESIAN_POINT('',(12.101111111111,9.404166666667,5.));
#9402 = SURFACE_CURVE('',#9403,(#9407,#9414),.PCURVE_S1.);
#9403 = LINE('',#9404,#9405);
#9404 = CARTESIAN_POINT('',(12.101111111111,9.006944444444,5.));
#9405 = VECTOR('',#9406,1.);
#9406 = DIRECTION('',(-0.,1.,0.));
#9407 = PCURVE('',#3013,#9408);
#9408 = DEFINITIONAL_REPRESENTATION('',(#9409),#9413);
#9409 = LINE('',#9410,#9411);
#9410 = CARTESIAN_POINT('',(-96.89888888888,9.006944444444));
#9411 = VECTOR('',#9412,1.);
#9412 = DIRECTION('',(0.,1.));
#9413 = ( GEOMETRIC_REPRESENTATION_CONTEXT(2) 
PARAMETRIC_REPRESENTATION_CONTEXT() REPRESENTATION_CONTEXT('2D SPACE',''
  ) );
#9414 = PCURVE('',#7657,#9415);
#9415 = DEFINITIONAL_REPRESENTATION('',(#9416),#9420);
#9416 = LINE('',#9417,#9418);
#9417 = CARTESIAN_POINT('',(0.,0.));
#9418 = VECTOR('',#9419,1.);
#9419 = DIRECTION('',(0.,-1.));
#9420 = ( GEOMETRIC_REPRESENTATION_CONTEXT(2) 
PARAMETRIC_REPRESENTATION_CONTEXT() REPRESENTATION_CONTEXT('2D SPACE',''
  ) );
#9421 = ORIENTED_EDGE('',*,*,#9422,.T.);
#9422 = EDGE_CURVE('',#9400,#9423,#9425,.T.);
#9423 = VERTEX_POINT('',#9424);
#9424 = CARTESIAN_POINT('',(6.045555555556,9.404166666667,5.));
#9425 = SURFACE_CURVE('',#9426,(#9430,#9437),.PCURVE_S1.);
#9426 = LINE('',#9427,#9428);
#9427 = CARTESIAN_POINT('',(12.121111111111,9.404166666667,5.));
#9428 = VECTOR('',#9429,1.);
#9429 = DIRECTION('',(-1.,0.,0.));
#9430 = PCURVE('',#3013,#9431);
#9431 = DEFINITIONAL_REPRESENTATION('',(#9432),#9436);
#9432 = LINE('',#9433,#9434);
#9433 = CARTESIAN_POINT('',(-96.87888888888,9.404166666667));
#9434 = VECTOR('',#9435,1.);
#9435 = DIRECTION('',(-1.,0.));
#9436 = ( GEOMETRIC_REPRESENTATION_CONTEXT(2) 
PARAMETRIC_REPRESENTATION_CONTEXT() REPRESENTATION_CONTEXT('2D SPACE',''
  ) );
#9437 = PCURVE('',#7629,#9438);
#9438 = DEFINITIONAL_REPRESENTATION('',(#9439),#9443);
#9439 = LINE('',#9440,#9441);
#9440 = CARTESIAN_POINT('',(0.,6.075555555556));
#9441 = VECTOR('',#9442,1.);
#9442 = DIRECTION('',(0.,-1.));
#9443 = ( GEOMETRIC_REPRESENTATION_CONTEXT(2) 
PARAMETRIC_REPRESENTATION_CONTEXT() REPRESENTATION_CONTEXT('2D SPACE',''
  ) );
#9444 = ORIENTED_EDGE('',*,*,#9445,.T.);
#9445 = EDGE_CURVE('',#9423,#8594,#9446,.T.);
#9446 = SURFACE_CURVE('',#9447,(#9451,#9458),.PCURVE_S1.);
#9447 = LINE('',#9448,#9449);
#9448 = CARTESIAN_POINT('',(6.045555555556,9.404166666667,5.));
#9449 = VECTOR('',#9450,1.);
#9450 = DIRECTION('',(-0.,1.,0.));
#9451 = PCURVE('',#3013,#9452);
#9452 = DEFINITIONAL_REPRESENTATION('',(#9453),#9457);
#9453 = LINE('',#9454,#9455);
#9454 = CARTESIAN_POINT('',(-102.9544444444,9.404166666667));
#9455 = VECTOR('',#9456,1.);
#9456 = DIRECTION('',(0.,1.));
#9457 = ( GEOMETRIC_REPRESENTATION_CONTEXT(2) 
PARAMETRIC_REPRESENTATION_CONTEXT() REPRESENTATION_CONTEXT('2D SPACE',''
  ) );
#9458 = PCURVE('',#7601,#9459);
#9459 = DEFINITIONAL_REPRESENTATION('',(#9460),#9464);
#9460 = LINE('',#9461,#9462);
#9461 = CARTESIAN_POINT('',(0.,0.));
#9462 = VECTOR('',#9463,1.);
#9463 = DIRECTION('',(0.,-1.));
#9464 = ( GEOMETRIC_REPRESENTATION_CONTEXT(2) 
PARAMETRIC_REPRESENTATION_CONTEXT() REPRESENTATION_CONTEXT('2D SPACE',''
  ) );
#9465 = ORIENTED_EDGE('',*,*,#8614,.T.);
#9466 = ORIENTED_EDGE('',*,*,#2997,.T.);
#9467 = ORIENTED_EDGE('',*,*,#3098,.T.);
#9468 = ORIENTED_EDGE('',*,*,#3197,.T.);
#9469 = ORIENTED_EDGE('',*,*,#9470,.T.);
#9470 = EDGE_CURVE('',#3198,#9471,#9473,.T.);
#9471 = VERTEX_POINT('',#9472);
#9472 = CARTESIAN_POINT('',(6.045555555556,-9.801388888889,5.));
#9473 = SURFACE_CURVE('',#9474,(#9478,#9485),.PCURVE_S1.);
#9474 = LINE('',#9475,#9476);
#9475 = CARTESIAN_POINT('',(-1.E-02,-9.801388888889,5.));
#9476 = VECTOR('',#9477,1.);
#9477 = DIRECTION('',(1.,0.,0.));
#9478 = PCURVE('',#3013,#9479);
#9479 = DEFINITIONAL_REPRESENTATION('',(#9480),#9484);
#9480 = LINE('',#9481,#9482);
#9481 = CARTESIAN_POINT('',(-109.01,-9.801388888889));
#9482 = VECTOR('',#9483,1.);
#9483 = DIRECTION('',(1.,0.));
#9484 = ( GEOMETRIC_REPRESENTATION_CONTEXT(2) 
PARAMETRIC_REPRESENTATION_CONTEXT() REPRESENTATION_CONTEXT('2D SPACE',''
  ) );
#9485 = PCURVE('',#3236,#9486);
#9486 = DEFINITIONAL_REPRESENTATION('',(#9487),#9491);
#9487 = LINE('',#9488,#9489);
#9488 = CARTESIAN_POINT('',(0.,0.));
#9489 = VECTOR('',#9490,1.);
#9490 = DIRECTION('',(0.,1.));
#9491 = ( GEOMETRIC_REPRESENTATION_CONTEXT(2) 
PARAMETRIC_REPRESENTATION_CONTEXT() REPRESENTATION_CONTEXT('2D SPACE',''
  ) );
#9492 = ORIENTED_EDGE('',*,*,#9493,.T.);
#9493 = EDGE_CURVE('',#9471,#9494,#9496,.T.);
#9494 = VERTEX_POINT('',#9495);
#9495 = CARTESIAN_POINT('',(6.045555555556,-9.404166666667,5.));
#9496 = SURFACE_CURVE('',#9497,(#9501,#9508),.PCURVE_S1.);
#9497 = LINE('',#9498,#9499);
#9498 = CARTESIAN_POINT('',(6.045555555556,-12.40416666666,5.));
#9499 = VECTOR('',#9500,1.);
#9500 = DIRECTION('',(-0.,1.,0.));
#9501 = PCURVE('',#3013,#9502);
#9502 = DEFINITIONAL_REPRESENTATION('',(#9503),#9507);
#9503 = LINE('',#9504,#9505);
#9504 = CARTESIAN_POINT('',(-102.9544444444,-12.40416666666));
#9505 = VECTOR('',#9506,1.);
#9506 = DIRECTION('',(0.,1.));
#9507 = ( GEOMETRIC_REPRESENTATION_CONTEXT(2) 
PARAMETRIC_REPRESENTATION_CONTEXT() REPRESENTATION_CONTEXT('2D SPACE',''
  ) );
#9508 = PCURVE('',#9509,#9514);
#9509 = PLANE('',#9510);
#9510 = AXIS2_PLACEMENT_3D('',#9511,#9512,#9513);
#9511 = CARTESIAN_POINT('',(6.045555555556,-12.40416666666,5.));
#9512 = DIRECTION('',(1.,0.,-0.));
#9513 = DIRECTION('',(0.,0.,1.));
#9514 = DEFINITIONAL_REPRESENTATION('',(#9515),#9519);
#9515 = LINE('',#9516,#9517);
#9516 = CARTESIAN_POINT('',(0.,0.));
#9517 = VECTOR('',#9518,1.);
#9518 = DIRECTION('',(0.,-1.));
#9519 = ( GEOMETRIC_REPRESENTATION_CONTEXT(2) 
PARAMETRIC_REPRESENTATION_CONTEXT() REPRESENTATION_CONTEXT('2D SPACE',''
  ) );
#9520 = ORIENTED_EDGE('',*,*,#9521,.T.);
#9521 = EDGE_CURVE('',#9494,#9522,#9524,.T.);
#9522 = VERTEX_POINT('',#9523);
#9523 = CARTESIAN_POINT('',(12.101111111111,-9.404166666667,5.));
#9524 = SURFACE_CURVE('',#9525,(#9529,#9536),.PCURVE_S1.);
#9525 = LINE('',#9526,#9527);
#9526 = CARTESIAN_POINT('',(6.045555555556,-9.404166666667,5.));
#9527 = VECTOR('',#9528,1.);
#9528 = DIRECTION('',(1.,0.,0.));
#9529 = PCURVE('',#3013,#9530);
#9530 = DEFINITIONAL_REPRESENTATION('',(#9531),#9535);
#9531 = LINE('',#9532,#9533);
#9532 = CARTESIAN_POINT('',(-102.9544444444,-9.404166666667));
#9533 = VECTOR('',#9534,1.);
#9534 = DIRECTION('',(1.,0.));
#9535 = ( GEOMETRIC_REPRESENTATION_CONTEXT(2) 
PARAMETRIC_REPRESENTATION_CONTEXT() REPRESENTATION_CONTEXT('2D SPACE',''
  ) );
#9536 = PCURVE('',#9537,#9542);
#9537 = PLANE('',#9538);
#9538 = AXIS2_PLACEMENT_3D('',#9539,#9540,#9541);
#9539 = CARTESIAN_POINT('',(6.045555555556,-9.404166666667,5.));
#9540 = DIRECTION('',(-0.,1.,0.));
#9541 = DIRECTION('',(0.,0.,1.));
#9542 = DEFINITIONAL_REPRESENTATION('',(#9543),#9547);
#9543 = LINE('',#9544,#9545);
#9544 = CARTESIAN_POINT('',(0.,0.));
#9545 = VECTOR('',#9546,1.);
#9546 = DIRECTION('',(0.,1.));
#9547 = ( GEOMETRIC_REPRESENTATION_CONTEXT(2) 
PARAMETRIC_REPRESENTATION_CONTEXT() REPRESENTATION_CONTEXT('2D SPACE',''
  ) );
#9548 = ORIENTED_EDGE('',*,*,#9549,.T.);
#9549 = EDGE_CURVE('',#9522,#9550,#9552,.T.);
#9550 = VERTEX_POINT('',#9551);
#9551 = CARTESIAN_POINT('',(12.101111111111,-9.006944444444,5.));
#9552 = SURFACE_CURVE('',#9553,(#9557,#9564),.PCURVE_S1.);
#9553 = LINE('',#9554,#9555);
#9554 = CARTESIAN_POINT('',(12.101111111111,-12.00694444444,5.));
#9555 = VECTOR('',#9556,1.);
#9556 = DIRECTION('',(-0.,1.,0.));
#9557 = PCURVE('',#3013,#9558);
#9558 = DEFINITIONAL_REPRESENTATION('',(#9559),#9563);
#9559 = LINE('',#9560,#9561);
#9560 = CARTESIAN_POINT('',(-96.89888888888,-12.00694444444));
#9561 = VECTOR('',#9562,1.);
#9562 = DIRECTION('',(0.,1.));
#9563 = ( GEOMETRIC_REPRESENTATION_CONTEXT(2) 
PARAMETRIC_REPRESENTATION_CONTEXT() REPRESENTATION_CONTEXT('2D SPACE',''
  ) );
#9564 = PCURVE('',#9565,#9570);
#9565 = PLANE('',#9566);
#9566 = AXIS2_PLACEMENT_3D('',#9567,#9568,#9569);
#9567 = CARTESIAN_POINT('',(12.101111111111,-12.00694444444,5.));
#9568 = DIRECTION('',(1.,0.,-0.));
#9569 = DIRECTION('',(0.,0.,1.));
#9570 = DEFINITIONAL_REPRESENTATION('',(#9571),#9575);
#9571 = LINE('',#9572,#9573);
#9572 = CARTESIAN_POINT('',(0.,0.));
#9573 = VECTOR('',#9574,1.);
#9574 = DIRECTION('',(0.,-1.));
#9575 = ( GEOMETRIC_REPRESENTATION_CONTEXT(2) 
PARAMETRIC_REPRESENTATION_CONTEXT() REPRESENTATION_CONTEXT('2D SPACE',''
  ) );
#9576 = ORIENTED_EDGE('',*,*,#9577,.T.);
#9577 = EDGE_CURVE('',#9550,#9578,#9580,.T.);
#9578 = VERTEX_POINT('',#9579);
#9579 = CARTESIAN_POINT('',(18.156666666667,-9.006944444444,5.));
#9580 = SURFACE_CURVE('',#9581,(#9585,#9592),.PCURVE_S1.);
#9581 = LINE('',#9582,#9583);
#9582 = CARTESIAN_POINT('',(12.101111111111,-9.006944444444,5.));
#9583 = VECTOR('',#9584,1.);
#9584 = DIRECTION('',(1.,0.,0.));
#9585 = PCURVE('',#3013,#9586);
#9586 = DEFINITIONAL_REPRESENTATION('',(#9587),#9591);
#9587 = LINE('',#9588,#9589);
#9588 = CARTESIAN_POINT('',(-96.89888888888,-9.006944444444));
#9589 = VECTOR('',#9590,1.);
#9590 = DIRECTION('',(1.,0.));
#9591 = ( GEOMETRIC_REPRESENTATION_CONTEXT(2) 
PARAMETRIC_REPRESENTATION_CONTEXT() REPRESENTATION_CONTEXT('2D SPACE',''
  ) );
#9592 = PCURVE('',#9593,#9598);
#9593 = PLANE('',#9594);
#9594 = AXIS2_PLACEMENT_3D('',#9595,#9596,#9597);
#9595 = CARTESIAN_POINT('',(12.101111111111,-9.006944444444,5.));
#9596 = DIRECTION('',(-0.,1.,0.));
#9597 = DIRECTION('',(0.,0.,1.));
#9598 = DEFINITIONAL_REPRESENTATION('',(#9599),#9603);
#9599 = LINE('',#9600,#9601);
#9600 = CARTESIAN_POINT('',(0.,0.));
#9601 = VECTOR('',#9602,1.);
#9602 = DIRECTION('',(0.,1.));
#9603 = ( GEOMETRIC_REPRESENTATION_CONTEXT(2) 
PARAMETRIC_REPRESENTATION_CONTEXT() REPRESENTATION_CONTEXT('2D SPACE',''
  ) );
#9604 = ORIENTED_EDGE('',*,*,#9605,.T.);
#9605 = EDGE_CURVE('',#9578,#9606,#9608,.T.);
#9606 = VERTEX_POINT('',#9607);
#9607 = CARTESIAN_POINT('',(18.156666666667,-8.609722222222,5.));
#9608 = SURFACE_CURVE('',#9609,(#9613,#9620),.PCURVE_S1.);
#9609 = LINE('',#9610,#9611);
#9610 = CARTESIAN_POINT('',(18.156666666667,-11.60972222222,5.));
#9611 = VECTOR('',#9612,1.);
#9612 = DIRECTION('',(-0.,1.,0.));
#9613 = PCURVE('',#3013,#9614);
#9614 = DEFINITIONAL_REPRESENTATION('',(#9615),#9619);
#9615 = LINE('',#9616,#9617);
#9616 = CARTESIAN_POINT('',(-90.84333333333,-11.60972222222));
#9617 = VECTOR('',#9618,1.);
#9618 = DIRECTION('',(0.,1.));
#9619 = ( GEOMETRIC_REPRESENTATION_CONTEXT(2) 
PARAMETRIC_REPRESENTATION_CONTEXT() REPRESENTATION_CONTEXT('2D SPACE',''
  ) );
#9620 = PCURVE('',#9621,#9626);
#9621 = PLANE('',#9622);
#9622 = AXIS2_PLACEMENT_3D('',#9623,#9624,#9625);
#9623 = CARTESIAN_POINT('',(18.156666666667,-11.60972222222,5.));
#9624 = DIRECTION('',(1.,0.,-0.));
#9625 = DIRECTION('',(0.,0.,1.));
#9626 = DEFINITIONAL_REPRESENTATION('',(#9627),#9631);
#9627 = LINE('',#9628,#9629);
#9628 = CARTESIAN_POINT('',(0.,0.));
#9629 = VECTOR('',#9630,1.);
#9630 = DIRECTION('',(0.,-1.));
#9631 = ( GEOMETRIC_REPRESENTATION_CONTEXT(2) 
PARAMETRIC_REPRESENTATION_CONTEXT() REPRESENTATION_CONTEXT('2D SPACE',''
  ) );
#9632 = ORIENTED_EDGE('',*,*,#9633,.T.);
#9633 = EDGE_CURVE('',#9606,#9634,#9636,.T.);
#9634 = VERTEX_POINT('',#9635);
#9635 = CARTESIAN_POINT('',(24.212222222222,-8.609722222222,5.));
#9636 = SURFACE_CURVE('',#9637,(#9641,#9648),.PCURVE_S1.);
#9637 = LINE('',#9638,#9639);
#9638 = CARTESIAN_POINT('',(18.156666666667,-8.609722222222,5.));
#9639 = VECTOR('',#9640,1.);
#9640 = DIRECTION('',(1.,0.,0.));
#9641 = PCURVE('',#3013,#9642);
#9642 = DEFINITIONAL_REPRESENTATION('',(#9643),#9647);
#9643 = LINE('',#9644,#9645);
#9644 = CARTESIAN_POINT('',(-90.84333333333,-8.609722222222));
#9645 = VECTOR('',#9646,1.);
#9646 = DIRECTION('',(1.,0.));
#9647 = ( GEOMETRIC_REPRESENTATION_CONTEXT(2) 
PARAMETRIC_REPRESENTATION_CONTEXT() REPRESENTATION_CONTEXT('2D SPACE',''
  ) );
#9648 = PCURVE('',#9649,#9654);
#9649 = PLANE('',#9650);
#9650 = AXIS2_PLACEMENT_3D('',#9651,#9652,#9653);
#9651 = CARTESIAN_POINT('',(18.156666666667,-8.609722222222,5.));
#9652 = DIRECTION('',(-0.,1.,0.));
#9653 = DIRECTION('',(0.,0.,1.));
#9654 = DEFINITIONAL_REPRESENTATION('',(#9655),#9659);
#9655 = LINE('',#9656,#9657);
#9656 = CARTESIAN_POINT('',(0.,0.));
#9657 = VECTOR('',#9658,1.);
#9658 = DIRECTION('',(0.,1.));
#9659 = ( GEOMETRIC_REPRESENTATION_CONTEXT(2) 
PARAMETRIC_REPRESENTATION_CONTEXT() REPRESENTATION_CONTEXT('2D SPACE',''
  ) );
#9660 = ORIENTED_EDGE('',*,*,#9661,.T.);
#9661 = EDGE_CURVE('',#9634,#9662,#9664,.T.);
#9662 = VERTEX_POINT('',#9663);
#9663 = CARTESIAN_POINT('',(24.212222222222,-8.2125,5.));
#9664 = SURFACE_CURVE('',#9665,(#9669,#9676),.PCURVE_S1.);
#9665 = LINE('',#9666,#9667);
#9666 = CARTESIAN_POINT('',(24.212222222222,-11.2125,5.));
#9667 = VECTOR('',#9668,1.);
#9668 = DIRECTION('',(-0.,1.,0.));
#9669 = PCURVE('',#3013,#9670);
#9670 = DEFINITIONAL_REPRESENTATION('',(#9671),#9675);
#9671 = LINE('',#9672,#9673);
#9672 = CARTESIAN_POINT('',(-84.78777777777,-11.2125));
#9673 = VECTOR('',#9674,1.);
#9674 = DIRECTION('',(0.,1.));
#9675 = ( GEOMETRIC_REPRESENTATION_CONTEXT(2) 
PARAMETRIC_REPRESENTATION_CONTEXT() REPRESENTATION_CONTEXT('2D SPACE',''
  ) );
#9676 = PCURVE('',#9677,#9682);
#9677 = PLANE('',#9678);
#9678 = AXIS2_PLACEMENT_3D('',#9679,#9680,#9681);
#9679 = CARTESIAN_POINT('',(24.212222222222,-11.2125,5.));
#9680 = DIRECTION('',(1.,0.,-0.));
#9681 = DIRECTION('',(0.,0.,1.));
#9682 = DEFINITIONAL_REPRESENTATION('',(#9683),#9687);
#9683 = LINE('',#9684,#9685);
#9684 = CARTESIAN_POINT('',(0.,0.));
#9685 = VECTOR('',#9686,1.);
#9686 = DIRECTION('',(0.,-1.));
#9687 = ( GEOMETRIC_REPRESENTATION_CONTEXT(2) 
PARAMETRIC_REPRESENTATION_CONTEXT() REPRESENTATION_CONTEXT('2D SPACE',''
  ) );
#9688 = ORIENTED_EDGE('',*,*,#9689,.T.);
#9689 = EDGE_CURVE('',#9662,#9690,#9692,.T.);
#9690 = VERTEX_POINT('',#9691);
#9691 = CARTESIAN_POINT('',(30.267777777778,-8.2125,5.));
#9692 = SURFACE_CURVE('',#9693,(#9697,#9704),.PCURVE_S1.);
#9693 = LINE('',#9694,#9695);
#9694 = CARTESIAN_POINT('',(24.212222222222,-8.2125,5.));
#9695 = VECTOR('',#9696,1.);
#9696 = DIRECTION('',(1.,0.,0.));
#9697 = PCURVE('',#3013,#9698);
#9698 = DEFINITIONAL_REPRESENTATION('',(#9699),#9703);
#9699 = LINE('',#9700,#9701);
#9700 = CARTESIAN_POINT('',(-84.78777777777,-8.2125));
#9701 = VECTOR('',#9702,1.);
#9702 = DIRECTION('',(1.,0.));
#9703 = ( GEOMETRIC_REPRESENTATION_CONTEXT(2) 
PARAMETRIC_REPRESENTATION_CONTEXT() REPRESENTATION_CONTEXT('2D SPACE',''
  ) );
#9704 = PCURVE('',#9705,#9710);
#9705 = PLANE('',#9706);
#9706 = AXIS2_PLACEMENT_3D('',#9707,#9708,#9709);
#9707 = CARTESIAN_POINT('',(24.212222222222,-8.2125,5.));
#9708 = DIRECTION('',(-0.,1.,0.));
#9709 = DIRECTION('',(0.,0.,1.));
#9710 = DEFINITIONAL_REPRESENTATION('',(#9711),#9715);
#9711 = LINE('',#9712,#9713);
#9712 = CARTESIAN_POINT('',(0.,0.));
#9713 = VECTOR('',#9714,1.);
#9714 = DIRECTION('',(0.,1.));
#9715 = ( GEOMETRIC_REPRESENTATION_CONTEXT(2) 
PARAMETRIC_REPRESENTATION_CONTEXT() REPRESENTATION_CONTEXT('2D SPACE',''
  ) );
#9716 = ORIENTED_EDGE('',*,*,#9717,.T.);
#9717 = EDGE_CURVE('',#9690,#9718,#9720,.T.);
#9718 = VERTEX_POINT('',#9719);
#9719 = CARTESIAN_POINT('',(30.267777777778,-7.815277777778,5.));
#9720 = SURFACE_CURVE('',#9721,(#9725,#9732),.PCURVE_S1.);
#9721 = LINE('',#9722,#9723);
#9722 = CARTESIAN_POINT('',(30.267777777778,-10.81527777777,5.));
#9723 = VECTOR('',#9724,1.);
#9724 = DIRECTION('',(-0.,1.,0.));
#9725 = PCURVE('',#3013,#9726);
#9726 = DEFINITIONAL_REPRESENTATION('',(#9727),#9731);
#9727 = LINE('',#9728,#9729);
#9728 = CARTESIAN_POINT('',(-78.73222222222,-10.81527777777));
#9729 = VECTOR('',#9730,1.);
#9730 = DIRECTION('',(0.,1.));
#9731 = ( GEOMETRIC_REPRESENTATION_CONTEXT(2) 
PARAMETRIC_REPRESENTATION_CONTEXT() REPRESENTATION_CONTEXT('2D SPACE',''
  ) );
#9732 = PCURVE('',#9733,#9738);
#9733 = PLANE('',#9734);
#9734 = AXIS2_PLACEMENT_3D('',#9735,#9736,#9737);
#9735 = CARTESIAN_POINT('',(30.267777777778,-10.81527777777,5.));
#9736 = DIRECTION('',(1.,0.,-0.));
#9737 = DIRECTION('',(0.,0.,1.));
#9738 = DEFINITIONAL_REPRESENTATION('',(#9739),#9743);
#9739 = LINE('',#9740,#9741);
#9740 = CARTESIAN_POINT('',(0.,0.));
#9741 = VECTOR('',#9742,1.);
#9742 = DIRECTION('',(0.,-1.));
#9743 = ( GEOMETRIC_REPRESENTATION_CONTEXT(2) 
PARAMETRIC_REPRESENTATION_CONTEXT() REPRESENTATION_CONTEXT('2D SPACE',''
  ) );
#9744 = ORIENTED_EDGE('',*,*,#9745,.T.);
#9745 = EDGE_CURVE('',#9718,#9746,#9748,.T.);
#9746 = VERTEX_POINT('',#9747);
#9747 = CARTESIAN_POINT('',(36.323333333333,-7.815277777778,5.));
#9748 = SURFACE_CURVE('',#9749,(#9753,#9760),.PCURVE_S1.);
#9749 = LINE('',#9750,#9751);
#9750 = CARTESIAN_POINT('',(30.267777777778,-7.815277777778,5.));
#9751 = VECTOR('',#9752,1.);
#9752 = DIRECTION('',(1.,0.,0.));
#9753 = PCURVE('',#3013,#9754);
#9754 = DEFINITIONAL_REPRESENTATION('',(#9755),#9759);
#9755 = LINE('',#9756,#9757);
#9756 = CARTESIAN_POINT('',(-78.73222222222,-7.815277777778));
#9757 = VECTOR('',#9758,1.);
#9758 = DIRECTION('',(1.,0.));
#9759 = ( GEOMETRIC_REPRESENTATION_CONTEXT(2) 
PARAMETRIC_REPRESENTATION_CONTEXT() REPRESENTATION_CONTEXT('2D SPACE',''
  ) );
#9760 = PCURVE('',#9761,#9766);
#9761 = PLANE('',#9762);
#9762 = AXIS2_PLACEMENT_3D('',#9763,#9764,#9765);
#9763 = CARTESIAN_POINT('',(30.267777777778,-7.815277777778,5.));
#9764 = DIRECTION('',(-0.,1.,0.));
#9765 = DIRECTION('',(0.,0.,1.));
#9766 = DEFINITIONAL_REPRESENTATION('',(#9767),#9771);
#9767 = LINE('',#9768,#9769);
#9768 = CARTESIAN_POINT('',(0.,0.));
#9769 = VECTOR('',#9770,1.);
#9770 = DIRECTION('',(0.,1.));
#9771 = ( GEOMETRIC_REPRESENTATION_CONTEXT(2) 
PARAMETRIC_REPRESENTATION_CONTEXT() REPRESENTATION_CONTEXT('2D SPACE',''
  ) );
#9772 = ORIENTED_EDGE('',*,*,#9773,.T.);
#9773 = EDGE_CURVE('',#9746,#9774,#9776,.T.);
#9774 = VERTEX_POINT('',#9775);
#9775 = CARTESIAN_POINT('',(36.323333333333,-7.418055555556,5.));
#9776 = SURFACE_CURVE('',#9777,(#9781,#9788),.PCURVE_S1.);
#9777 = LINE('',#9778,#9779);
#9778 = CARTESIAN_POINT('',(36.323333333333,-10.41805555555,5.));
#9779 = VECTOR('',#9780,1.);
#9780 = DIRECTION('',(-0.,1.,0.));
#9781 = PCURVE('',#3013,#9782);
#9782 = DEFINITIONAL_REPRESENTATION('',(#9783),#9787);
#9783 = LINE('',#9784,#9785);
#9784 = CARTESIAN_POINT('',(-72.67666666666,-10.41805555555));
#9785 = VECTOR('',#9786,1.);
#9786 = DIRECTION('',(0.,1.));
#9787 = ( GEOMETRIC_REPRESENTATION_CONTEXT(2) 
PARAMETRIC_REPRESENTATION_CONTEXT() REPRESENTATION_CONTEXT('2D SPACE',''
  ) );
#9788 = PCURVE('',#9789,#9794);
#9789 = PLANE('',#9790);
#9790 = AXIS2_PLACEMENT_3D('',#9791,#9792,#9793);
#9791 = CARTESIAN_POINT('',(36.323333333333,-10.41805555555,5.));
#9792 = DIRECTION('',(1.,0.,-0.));
#9793 = DIRECTION('',(0.,0.,1.));
#9794 = DEFINITIONAL_REPRESENTATION('',(#9795),#9799);
#9795 = LINE('',#9796,#9797);
#9796 = CARTESIAN_POINT('',(0.,0.));
#9797 = VECTOR('',#9798,1.);
#9798 = DIRECTION('',(0.,-1.));
#9799 = ( GEOMETRIC_REPRESENTATION_CONTEXT(2) 
PARAMETRIC_REPRESENTATION_CONTEXT() REPRESENTATION_CONTEXT('2D SPACE',''
  ) );
#9800 = ORIENTED_EDGE('',*,*,#9801,.T.);
#9801 = EDGE_CURVE('',#9774,#9802,#9804,.T.);
#9802 = VERTEX_POINT('',#9803);
#9803 = CARTESIAN_POINT('',(42.378888888889,-7.418055555556,5.));
#9804 = SURFACE_CURVE('',#9805,(#9809,#9816),.PCURVE_S1.);
#9805 = LINE('',#9806,#9807);
#9806 = CARTESIAN_POINT('',(36.323333333333,-7.418055555556,5.));
#9807 = VECTOR('',#9808,1.);
#9808 = DIRECTION('',(1.,0.,0.));
#9809 = PCURVE('',#3013,#9810);
#9810 = DEFINITIONAL_REPRESENTATION('',(#9811),#9815);
#9811 = LINE('',#9812,#9813);
#9812 = CARTESIAN_POINT('',(-72.67666666666,-7.418055555556));
#9813 = VECTOR('',#9814,1.);
#9814 = DIRECTION('',(1.,0.));
#9815 = ( GEOMETRIC_REPRESENTATION_CONTEXT(2) 
PARAMETRIC_REPRESENTATION_CONTEXT() REPRESENTATION_CONTEXT('2D SPACE',''
  ) );
#9816 = PCURVE('',#9817,#9822);
#9817 = PLANE('',#9818);
#9818 = AXIS2_PLACEMENT_3D('',#9819,#9820,#9821);
#9819 = CARTESIAN_POINT('',(36.323333333333,-7.418055555556,5.));
#9820 = DIRECTION('',(-0.,1.,0.));
#9821 = DIRECTION('',(0.,0.,1.));
#9822 = DEFINITIONAL_REPRESENTATION('',(#9823),#9827);
#9823 = LINE('',#9824,#9825);
#9824 = CARTESIAN_POINT('',(0.,0.));
#9825 = VECTOR('',#9826,1.);
#9826 = DIRECTION('',(0.,1.));
#9827 = ( GEOMETRIC_REPRESENTATION_CONTEXT(2) 
PARAMETRIC_REPRESENTATION_CONTEXT() REPRESENTATION_CONTEXT('2D SPACE',''
  ) );
#9828 = ORIENTED_EDGE('',*,*,#9829,.T.);
#9829 = EDGE_CURVE('',#9802,#9830,#9832,.T.);
#9830 = VERTEX_POINT('',#9831);
#9831 = CARTESIAN_POINT('',(42.378888888889,-7.020833333333,5.));
#9832 = SURFACE_CURVE('',#9833,(#9837,#9844),.PCURVE_S1.);
#9833 = LINE('',#9834,#9835);
#9834 = CARTESIAN_POINT('',(42.378888888889,-10.02083333333,5.));
#9835 = VECTOR('',#9836,1.);
#9836 = DIRECTION('',(-0.,1.,0.));
#9837 = PCURVE('',#3013,#9838);
#9838 = DEFINITIONAL_REPRESENTATION('',(#9839),#9843);
#9839 = LINE('',#9840,#9841);
#9840 = CARTESIAN_POINT('',(-66.62111111111,-10.02083333333));
#9841 = VECTOR('',#9842,1.);
#9842 = DIRECTION('',(0.,1.));
#9843 = ( GEOMETRIC_REPRESENTATION_CONTEXT(2) 
PARAMETRIC_REPRESENTATION_CONTEXT() REPRESENTATION_CONTEXT('2D SPACE',''
  ) );
#9844 = PCURVE('',#9845,#9850);
#9845 = PLANE('',#9846);
#9846 = AXIS2_PLACEMENT_3D('',#9847,#9848,#9849);
#9847 = CARTESIAN_POINT('',(42.378888888889,-10.02083333333,5.));
#9848 = DIRECTION('',(1.,0.,-0.));
#9849 = DIRECTION('',(0.,0.,1.));
#9850 = DEFINITIONAL_REPRESENTATION('',(#9851),#9855);
#9851 = LINE('',#9852,#9853);
#9852 = CARTESIAN_POINT('',(0.,0.));
#9853 = VECTOR('',#9854,1.);
#9854 = DIRECTION('',(0.,-1.));
#9855 = ( GEOMETRIC_REPRESENTATION_CONTEXT(2) 
PARAMETRIC_REPRESENTATION_CONTEXT() REPRESENTATION_CONTEXT('2D SPACE',''
  ) );
#9856 = ORIENTED_EDGE('',*,*,#9857,.T.);
#9857 = EDGE_CURVE('',#9830,#9858,#9860,.T.);
#9858 = VERTEX_POINT('',#9859);
#9859 = CARTESIAN_POINT('',(48.434444444444,-7.020833333333,5.));
#9860 = SURFACE_CURVE('',#9861,(#9865,#9872),.PCURVE_S1.);
#9861 = LINE('',#9862,#9863);
#9862 = CARTESIAN_POINT('',(42.378888888889,-7.020833333333,5.));
#9863 = VECTOR('',#9864,1.);
#9864 = DIRECTION('',(1.,0.,0.));
#9865 = PCURVE('',#3013,#9866);
#9866 = DEFINITIONAL_REPRESENTATION('',(#9867),#9871);
#9867 = LINE('',#9868,#9869);
#9868 = CARTESIAN_POINT('',(-66.62111111111,-7.020833333333));
#9869 = VECTOR('',#9870,1.);
#9870 = DIRECTION('',(1.,0.));
#9871 = ( GEOMETRIC_REPRESENTATION_CONTEXT(2) 
PARAMETRIC_REPRESENTATION_CONTEXT() REPRESENTATION_CONTEXT('2D SPACE',''
  ) );
#9872 = PCURVE('',#9873,#9878);
#9873 = PLANE('',#9874);
#9874 = AXIS2_PLACEMENT_3D('',#9875,#9876,#9877);
#9875 = CARTESIAN_POINT('',(42.378888888889,-7.020833333333,5.));
#9876 = DIRECTION('',(-0.,1.,0.));
#9877 = DIRECTION('',(0.,0.,1.));
#9878 = DEFINITIONAL_REPRESENTATION('',(#9879),#9883);
#9879 = LINE('',#9880,#9881);
#9880 = CARTESIAN_POINT('',(0.,0.));
#9881 = VECTOR('',#9882,1.);
#9882 = DIRECTION('',(0.,1.));
#9883 = ( GEOMETRIC_REPRESENTATION_CONTEXT(2) 
PARAMETRIC_REPRESENTATION_CONTEXT() REPRESENTATION_CONTEXT('2D SPACE',''
  ) );
#9884 = ORIENTED_EDGE('',*,*,#9885,.T.);
#9885 = EDGE_CURVE('',#9858,#9886,#9888,.T.);
#9886 = VERTEX_POINT('',#9887);
#9887 = CARTESIAN_POINT('',(48.434444444444,-6.623611111111,5.));
#9888 = SURFACE_CURVE('',#9889,(#9893,#9900),.PCURVE_S1.);
#9889 = LINE('',#9890,#9891);
#9890 = CARTESIAN_POINT('',(48.434444444444,-9.623611111111,5.));
#9891 = VECTOR('',#9892,1.);
#9892 = DIRECTION('',(-0.,1.,0.));
#9893 = PCURVE('',#3013,#9894);
#9894 = DEFINITIONAL_REPRESENTATION('',(#9895),#9899);
#9895 = LINE('',#9896,#9897);
#9896 = CARTESIAN_POINT('',(-60.56555555555,-9.623611111111));
#9897 = VECTOR('',#9898,1.);
#9898 = DIRECTION('',(0.,1.));
#9899 = ( GEOMETRIC_REPRESENTATION_CONTEXT(2) 
PARAMETRIC_REPRESENTATION_CONTEXT() REPRESENTATION_CONTEXT('2D SPACE',''
  ) );
#9900 = PCURVE('',#9901,#9906);
#9901 = PLANE('',#9902);
#9902 = AXIS2_PLACEMENT_3D('',#9903,#9904,#9905);
#9903 = CARTESIAN_POINT('',(48.434444444444,-9.623611111111,5.));
#9904 = DIRECTION('',(1.,0.,-0.));
#9905 = DIRECTION('',(0.,0.,1.));
#9906 = DEFINITIONAL_REPRESENTATION('',(#9907),#9911);
#9907 = LINE('',#9908,#9909);
#9908 = CARTESIAN_POINT('',(0.,0.));
#9909 = VECTOR('',#9910,1.);
#9910 = DIRECTION('',(0.,-1.));
#9911 = ( GEOMETRIC_REPRESENTATION_CONTEXT(2) 
PARAMETRIC_REPRESENTATION_CONTEXT() REPRESENTATION_CONTEXT('2D SPACE',''
  ) );
#9912 = ORIENTED_EDGE('',*,*,#9913,.T.);
#9913 = EDGE_CURVE('',#9886,#9914,#9916,.T.);
#9914 = VERTEX_POINT('',#9915);
#9915 = CARTESIAN_POINT('',(54.49,-6.623611111111,5.));
#9916 = SURFACE_CURVE('',#9917,(#9921,#9928),.PCURVE_S1.);
#9917 = LINE('',#9918,#9919);
#9918 = CARTESIAN_POINT('',(48.434444444444,-6.623611111111,5.));
#9919 = VECTOR('',#9920,1.);
#9920 = DIRECTION('',(1.,0.,0.));
#9921 = PCURVE('',#3013,#9922);
#9922 = DEFINITIONAL_REPRESENTATION('',(#9923),#9927);
#9923 = LINE('',#9924,#9925);
#9924 = CARTESIAN_POINT('',(-60.56555555555,-6.623611111111));
#9925 = VECTOR('',#9926,1.);
#9926 = DIRECTION('',(1.,0.));
#9927 = ( GEOMETRIC_REPRESENTATION_CONTEXT(2) 
PARAMETRIC_REPRESENTATION_CONTEXT() REPRESENTATION_CONTEXT('2D SPACE',''
  ) );
#9928 = PCURVE('',#9929,#9934);
#9929 = PLANE('',#9930);
#9930 = AXIS2_PLACEMENT_3D('',#9931,#9932,#9933);
#9931 = CARTESIAN_POINT('',(48.434444444444,-6.623611111111,5.));
#9932 = DIRECTION('',(-0.,1.,0.));
#9933 = DIRECTION('',(0.,0.,1.));
#9934 = DEFINITIONAL_REPRESENTATION('',(#9935),#9939);
#9935 = LINE('',#9936,#9937);
#9936 = CARTESIAN_POINT('',(0.,0.));
#9937 = VECTOR('',#9938,1.);
#9938 = DIRECTION('',(0.,1.));
#9939 = ( GEOMETRIC_REPRESENTATION_CONTEXT(2) 
PARAMETRIC_REPRESENTATION_CONTEXT() REPRESENTATION_CONTEXT('2D SPACE',''
  ) );
#9940 = ORIENTED_EDGE('',*,*,#9941,.T.);
#9941 = EDGE_CURVE('',#9914,#9942,#9944,.T.);
#9942 = VERTEX_POINT('',#9943);
#9943 = CARTESIAN_POINT('',(54.49,-6.226388888889,5.));
#9944 = SURFACE_CURVE('',#9945,(#9949,#9956),.PCURVE_S1.);
#9945 = LINE('',#9946,#9947);
#9946 = CARTESIAN_POINT('',(54.49,-9.226388888889,5.));
#9947 = VECTOR('',#9948,1.);
#9948 = DIRECTION('',(-0.,1.,0.));
#9949 = PCURVE('',#3013,#9950);
#9950 = DEFINITIONAL_REPRESENTATION('',(#9951),#9955);
#9951 = LINE('',#9952,#9953);
#9952 = CARTESIAN_POINT('',(-54.51,-9.226388888889));
#9953 = VECTOR('',#9954,1.);
#9954 = DIRECTION('',(0.,1.));
#9955 = ( GEOMETRIC_REPRESENTATION_CONTEXT(2) 
PARAMETRIC_REPRESENTATION_CONTEXT() REPRESENTATION_CONTEXT('2D SPACE',''
  ) );
#9956 = PCURVE('',#9957,#9962);
#9957 = PLANE('',#9958);
#9958 = AXIS2_PLACEMENT_3D('',#9959,#9960,#9961);
#9959 = CARTESIAN_POINT('',(54.49,-9.226388888889,5.));
#9960 = DIRECTION('',(1.,0.,-0.));
#9961 = DIRECTION('',(0.,0.,1.));
#9962 = DEFINITIONAL_REPRESENTATION('',(#9963),#9967);
#9963 = LINE('',#9964,#9965);
#9964 = CARTESIAN_POINT('',(0.,0.));
#9965 = VECTOR('',#9966,1.);
#9966 = DIRECTION('',(0.,-1.));
#9967 = ( GEOMETRIC_REPRESENTATION_CONTEXT(2) 
PARAMETRIC_REPRESENTATION_CONTEXT() REPRESENTATION_CONTEXT('2D SPACE',''
  ) );
#9968 = ORIENTED_EDGE('',*,*,#9969,.T.);
#9969 = EDGE_CURVE('',#9942,#9970,#9972,.T.);
#9970 = VERTEX_POINT('',#9971);
#9971 = CARTESIAN_POINT('',(60.545555555556,-6.226388888889,5.));
#9972 = SURFACE_CURVE('',#9973,(#9977,#9984),.PCURVE_S1.);
#9973 = LINE('',#9974,#9975);
#9974 = CARTESIAN_POINT('',(54.49,-6.226388888889,5.));
#9975 = VECTOR('',#9976,1.);
#9976 = DIRECTION('',(1.,0.,0.));
#9977 = PCURVE('',#3013,#9978);
#9978 = DEFINITIONAL_REPRESENTATION('',(#9979),#9983);
#9979 = LINE('',#9980,#9981);
#9980 = CARTESIAN_POINT('',(-54.51,-6.226388888889));
#9981 = VECTOR('',#9982,1.);
#9982 = DIRECTION('',(1.,0.));
#9983 = ( GEOMETRIC_REPRESENTATION_CONTEXT(2) 
PARAMETRIC_REPRESENTATION_CONTEXT() REPRESENTATION_CONTEXT('2D SPACE',''
  ) );
#9984 = PCURVE('',#9985,#9990);
#9985 = PLANE('',#9986);
#9986 = AXIS2_PLACEMENT_3D('',#9987,#9988,#9989);
#9987 = CARTESIAN_POINT('',(54.49,-6.226388888889,5.));
#9988 = DIRECTION('',(-0.,1.,0.));
#9989 = DIRECTION('',(0.,0.,1.));
#9990 = DEFINITIONAL_REPRESENTATION('',(#9991),#9995);
#9991 = LINE('',#9992,#9993);
#9992 = CARTESIAN_POINT('',(0.,0.));
#9993 = VECTOR('',#9994,1.);
#9994 = DIRECTION('',(0.,1.));
#9995 = ( GEOMETRIC_REPRESENTATION_CONTEXT(2) 
PARAMETRIC_REPRESENTATION_CONTEXT() REPRESENTATION_CONTEXT('2D SPACE',''
  ) );
#9996 = ORIENTED_EDGE('',*,*,#9997,.T.);
#9997 = EDGE_CURVE('',#9970,#9998,#10000,.T.);
#9998 = VERTEX_POINT('',#9999);
#9999 = CARTESIAN_POINT('',(60.545555555556,-5.829166666667,5.));
#10000 = SURFACE_CURVE('',#10001,(#10005,#10012),.PCURVE_S1.);
#10001 = LINE('',#10002,#10003);
#10002 = CARTESIAN_POINT('',(60.545555555556,-8.829166666667,5.));
#10003 = VECTOR('',#10004,1.);
#10004 = DIRECTION('',(-0.,1.,0.));
#10005 = PCURVE('',#3013,#10006);
#10006 = DEFINITIONAL_REPRESENTATION('',(#10007),#10011);
#10007 = LINE('',#10008,#10009);
#10008 = CARTESIAN_POINT('',(-48.45444444444,-8.829166666667));
#10009 = VECTOR('',#10010,1.);
#10010 = DIRECTION('',(0.,1.));
#10011 = ( GEOMETRIC_REPRESENTATION_CONTEXT(2) 
PARAMETRIC_REPRESENTATION_CONTEXT() REPRESENTATION_CONTEXT('2D SPACE',''
  ) );
#10012 = PCURVE('',#10013,#10018);
#10013 = PLANE('',#10014);
#10014 = AXIS2_PLACEMENT_3D('',#10015,#10016,#10017);
#10015 = CARTESIAN_POINT('',(60.545555555556,-8.829166666667,5.));
#10016 = DIRECTION('',(1.,0.,-0.));
#10017 = DIRECTION('',(0.,0.,1.));
#10018 = DEFINITIONAL_REPRESENTATION('',(#10019),#10023);
#10019 = LINE('',#10020,#10021);
#10020 = CARTESIAN_POINT('',(0.,0.));
#10021 = VECTOR('',#10022,1.);
#10022 = DIRECTION('',(0.,-1.));
#10023 = ( GEOMETRIC_REPRESENTATION_CONTEXT(2) 
PARAMETRIC_REPRESENTATION_CONTEXT() REPRESENTATION_CONTEXT('2D SPACE',''
  ) );
#10024 = ORIENTED_EDGE('',*,*,#10025,.T.);
#10025 = EDGE_CURVE('',#9998,#10026,#10028,.T.);
#10026 = VERTEX_POINT('',#10027);
#10027 = CARTESIAN_POINT('',(66.601111111111,-5.829166666667,5.));
#10028 = SURFACE_CURVE('',#10029,(#10033,#10040),.PCURVE_S1.);
#10029 = LINE('',#10030,#10031);
#10030 = CARTESIAN_POINT('',(60.545555555556,-5.829166666667,5.));
#10031 = VECTOR('',#10032,1.);
#10032 = DIRECTION('',(1.,0.,0.));
#10033 = PCURVE('',#3013,#10034);
#10034 = DEFINITIONAL_REPRESENTATION('',(#10035),#10039);
#10035 = LINE('',#10036,#10037);
#10036 = CARTESIAN_POINT('',(-48.45444444444,-5.829166666667));
#10037 = VECTOR('',#10038,1.);
#10038 = DIRECTION('',(1.,0.));
#10039 = ( GEOMETRIC_REPRESENTATION_CONTEXT(2) 
PARAMETRIC_REPRESENTATION_CONTEXT() REPRESENTATION_CONTEXT('2D SPACE',''
  ) );
#10040 = PCURVE('',#10041,#10046);
#10041 = PLANE('',#10042);
#10042 = AXIS2_PLACEMENT_3D('',#10043,#10044,#10045);
#10043 = CARTESIAN_POINT('',(60.545555555556,-5.829166666667,5.));
#10044 = DIRECTION('',(-0.,1.,0.));
#10045 = DIRECTION('',(0.,0.,1.));
#10046 = DEFINITIONAL_REPRESENTATION('',(#10047),#10051);
#10047 = LINE('',#10048,#10049);
#10048 = CARTESIAN_POINT('',(0.,0.));
#10049 = VECTOR('',#10050,1.);
#10050 = DIRECTION('',(0.,1.));
#10051 = ( GEOMETRIC_REPRESENTATION_CONTEXT(2) 
PARAMETRIC_REPRESENTATION_CONTEXT() REPRESENTATION_CONTEXT('2D SPACE',''
  ) );
#10052 = ORIENTED_EDGE('',*,*,#10053,.T.);
#10053 = EDGE_CURVE('',#10026,#10054,#10056,.T.);
#10054 = VERTEX_POINT('',#10055);
#10055 = CARTESIAN_POINT('',(66.601111111111,-5.431944444444,5.));
#10056 = SURFACE_CURVE('',#10057,(#10061,#10068),.PCURVE_S1.);
#10057 = LINE('',#10058,#10059);
#10058 = CARTESIAN_POINT('',(66.601111111111,-8.431944444444,5.));
#10059 = VECTOR('',#10060,1.);
#10060 = DIRECTION('',(-0.,1.,0.));
#10061 = PCURVE('',#3013,#10062);
#10062 = DEFINITIONAL_REPRESENTATION('',(#10063),#10067);
#10063 = LINE('',#10064,#10065);
#10064 = CARTESIAN_POINT('',(-42.39888888888,-8.431944444444));
#10065 = VECTOR('',#10066,1.);
#10066 = DIRECTION('',(0.,1.));
#10067 = ( GEOMETRIC_REPRESENTATION_CONTEXT(2) 
PARAMETRIC_REPRESENTATION_CONTEXT() REPRESENTATION_CONTEXT('2D SPACE',''
  ) );
#10068 = PCURVE('',#10069,#10074);
#10069 = PLANE('',#10070);
#10070 = AXIS2_PLACEMENT_3D('',#10071,#10072,#10073);
#10071 = CARTESIAN_POINT('',(66.601111111111,-8.431944444444,5.));
#10072 = DIRECTION('',(1.,0.,-0.));
#10073 = DIRECTION('',(0.,0.,1.));
#10074 = DEFINITIONAL_REPRESENTATION('',(#10075),#10079);
#10075 = LINE('',#10076,#10077);
#10076 = CARTESIAN_POINT('',(0.,0.));
#10077 = VECTOR('',#10078,1.);
#10078 = DIRECTION('',(0.,-1.));
#10079 = ( GEOMETRIC_REPRESENTATION_CONTEXT(2) 
PARAMETRIC_REPRESENTATION_CONTEXT() REPRESENTATION_CONTEXT('2D SPACE',''
  ) );
#10080 = ORIENTED_EDGE('',*,*,#10081,.T.);
#10081 = EDGE_CURVE('',#10054,#10082,#10084,.T.);
#10082 = VERTEX_POINT('',#10083);
#10083 = CARTESIAN_POINT('',(72.656666666667,-5.431944444444,5.));
#10084 = SURFACE_CURVE('',#10085,(#10089,#10096),.PCURVE_S1.);
#10085 = LINE('',#10086,#10087);
#10086 = CARTESIAN_POINT('',(66.601111111111,-5.431944444444,5.));
#10087 = VECTOR('',#10088,1.);
#10088 = DIRECTION('',(1.,0.,0.));
#10089 = PCURVE('',#3013,#10090);
#10090 = DEFINITIONAL_REPRESENTATION('',(#10091),#10095);
#10091 = LINE('',#10092,#10093);
#10092 = CARTESIAN_POINT('',(-42.39888888888,-5.431944444444));
#10093 = VECTOR('',#10094,1.);
#10094 = DIRECTION('',(1.,0.));
#10095 = ( GEOMETRIC_REPRESENTATION_CONTEXT(2) 
PARAMETRIC_REPRESENTATION_CONTEXT() REPRESENTATION_CONTEXT('2D SPACE',''
  ) );
#10096 = PCURVE('',#10097,#10102);
#10097 = PLANE('',#10098);
#10098 = AXIS2_PLACEMENT_3D('',#10099,#10100,#10101);
#10099 = CARTESIAN_POINT('',(66.601111111111,-5.431944444444,5.));
#10100 = DIRECTION('',(-0.,1.,0.));
#10101 = DIRECTION('',(0.,0.,1.));
#10102 = DEFINITIONAL_REPRESENTATION('',(#10103),#10107);
#10103 = LINE('',#10104,#10105);
#10104 = CARTESIAN_POINT('',(0.,0.));
#10105 = VECTOR('',#10106,1.);
#10106 = DIRECTION('',(0.,1.));
#10107 = ( GEOMETRIC_REPRESENTATION_CONTEXT(2) 
PARAMETRIC_REPRESENTATION_CONTEXT() REPRESENTATION_CONTEXT('2D SPACE',''
  ) );
#10108 = ORIENTED_EDGE('',*,*,#10109,.T.);
#10109 = EDGE_CURVE('',#10082,#10110,#10112,.T.);
#10110 = VERTEX_POINT('',#10111);
#10111 = CARTESIAN_POINT('',(72.656666666667,-5.034722222222,5.));
#10112 = SURFACE_CURVE('',#10113,(#10117,#10124),.PCURVE_S1.);
#10113 = LINE('',#10114,#10115);
#10114 = CARTESIAN_POINT('',(72.656666666667,-8.034722222222,5.));
#10115 = VECTOR('',#10116,1.);
#10116 = DIRECTION('',(-0.,1.,0.));
#10117 = PCURVE('',#3013,#10118);
#10118 = DEFINITIONAL_REPRESENTATION('',(#10119),#10123);
#10119 = LINE('',#10120,#10121);
#10120 = CARTESIAN_POINT('',(-36.34333333333,-8.034722222222));
#10121 = VECTOR('',#10122,1.);
#10122 = DIRECTION('',(0.,1.));
#10123 = ( GEOMETRIC_REPRESENTATION_CONTEXT(2) 
PARAMETRIC_REPRESENTATION_CONTEXT() REPRESENTATION_CONTEXT('2D SPACE',''
  ) );
#10124 = PCURVE('',#10125,#10130);
#10125 = PLANE('',#10126);
#10126 = AXIS2_PLACEMENT_3D('',#10127,#10128,#10129);
#10127 = CARTESIAN_POINT('',(72.656666666667,-8.034722222222,5.));
#10128 = DIRECTION('',(1.,0.,-0.));
#10129 = DIRECTION('',(0.,0.,1.));
#10130 = DEFINITIONAL_REPRESENTATION('',(#10131),#10135);
#10131 = LINE('',#10132,#10133);
#10132 = CARTESIAN_POINT('',(0.,0.));
#10133 = VECTOR('',#10134,1.);
#10134 = DIRECTION('',(0.,-1.));
#10135 = ( GEOMETRIC_REPRESENTATION_CONTEXT(2) 
PARAMETRIC_REPRESENTATION_CONTEXT() REPRESENTATION_CONTEXT('2D SPACE',''
  ) );
#10136 = ORIENTED_EDGE('',*,*,#10137,.T.);
#10137 = EDGE_CURVE('',#10110,#10138,#10140,.T.);
#10138 = VERTEX_POINT('',#10139);
#10139 = CARTESIAN_POINT('',(78.712222222222,-5.034722222222,5.));
#10140 = SURFACE_CURVE('',#10141,(#10145,#10152),.PCURVE_S1.);
#10141 = LINE('',#10142,#10143);
#10142 = CARTESIAN_POINT('',(72.656666666667,-5.034722222222,5.));
#10143 = VECTOR('',#10144,1.);
#10144 = DIRECTION('',(1.,0.,0.));
#10145 = PCURVE('',#3013,#10146);
#10146 = DEFINITIONAL_REPRESENTATION('',(#10147),#10151);
#10147 = LINE('',#10148,#10149);
#10148 = CARTESIAN_POINT('',(-36.34333333333,-5.034722222222));
#10149 = VECTOR('',#10150,1.);
#10150 = DIRECTION('',(1.,0.));
#10151 = ( GEOMETRIC_REPRESENTATION_CONTEXT(2) 
PARAMETRIC_REPRESENTATION_CONTEXT() REPRESENTATION_CONTEXT('2D SPACE',''
  ) );
#10152 = PCURVE('',#10153,#10158);
#10153 = PLANE('',#10154);
#10154 = AXIS2_PLACEMENT_3D('',#10155,#10156,#10157);
#10155 = CARTESIAN_POINT('',(72.656666666667,-5.034722222222,5.));
#10156 = DIRECTION('',(-0.,1.,0.));
#10157 = DIRECTION('',(0.,0.,1.));
#10158 = DEFINITIONAL_REPRESENTATION('',(#10159),#10163);
#10159 = LINE('',#10160,#10161);
#10160 = CARTESIAN_POINT('',(0.,0.));
#10161 = VECTOR('',#10162,1.);
#10162 = DIRECTION('',(0.,1.));
#10163 = ( GEOMETRIC_REPRESENTATION_CONTEXT(2) 
PARAMETRIC_REPRESENTATION_CONTEXT() REPRESENTATION_CONTEXT('2D SPACE',''
  ) );
#10164 = ORIENTED_EDGE('',*,*,#10165,.T.);
#10165 = EDGE_CURVE('',#10138,#10166,#10168,.T.);
#10166 = VERTEX_POINT('',#10167);
#10167 = CARTESIAN_POINT('',(78.712222222222,-4.664351851852,5.));
#10168 = SURFACE_CURVE('',#10169,(#10173,#10180),.PCURVE_S1.);
#10169 = LINE('',#10170,#10171);
#10170 = CARTESIAN_POINT('',(78.712222222222,-7.664351851852,5.));
#10171 = VECTOR('',#10172,1.);
#10172 = DIRECTION('',(-0.,1.,0.));
#10173 = PCURVE('',#3013,#10174);
#10174 = DEFINITIONAL_REPRESENTATION('',(#10175),#10179);
#10175 = LINE('',#10176,#10177);
#10176 = CARTESIAN_POINT('',(-30.28777777777,-7.664351851852));
#10177 = VECTOR('',#10178,1.);
#10178 = DIRECTION('',(0.,1.));
#10179 = ( GEOMETRIC_REPRESENTATION_CONTEXT(2) 
PARAMETRIC_REPRESENTATION_CONTEXT() REPRESENTATION_CONTEXT('2D SPACE',''
  ) );
#10180 = PCURVE('',#10181,#10186);
#10181 = PLANE('',#10182);
#10182 = AXIS2_PLACEMENT_3D('',#10183,#10184,#10185);
#10183 = CARTESIAN_POINT('',(78.712222222222,-7.664351851852,5.));
#10184 = DIRECTION('',(1.,0.,-0.));
#10185 = DIRECTION('',(0.,0.,1.));
#10186 = DEFINITIONAL_REPRESENTATION('',(#10187),#10191);
#10187 = LINE('',#10188,#10189);
#10188 = CARTESIAN_POINT('',(0.,0.));
#10189 = VECTOR('',#10190,1.);
#10190 = DIRECTION('',(0.,-1.));
#10191 = ( GEOMETRIC_REPRESENTATION_CONTEXT(2) 
PARAMETRIC_REPRESENTATION_CONTEXT() REPRESENTATION_CONTEXT('2D SPACE',''
  ) );
#10192 = ORIENTED_EDGE('',*,*,#10193,.T.);
#10193 = EDGE_CURVE('',#10166,#10194,#10196,.T.);
#10194 = VERTEX_POINT('',#10195);
#10195 = CARTESIAN_POINT('',(84.767777777778,-4.664351851852,5.));
#10196 = SURFACE_CURVE('',#10197,(#10201,#10208),.PCURVE_S1.);
#10197 = LINE('',#10198,#10199);
#10198 = CARTESIAN_POINT('',(78.712222222222,-4.664351851852,5.));
#10199 = VECTOR('',#10200,1.);
#10200 = DIRECTION('',(1.,0.,0.));
#10201 = PCURVE('',#3013,#10202);
#10202 = DEFINITIONAL_REPRESENTATION('',(#10203),#10207);
#10203 = LINE('',#10204,#10205);
#10204 = CARTESIAN_POINT('',(-30.28777777777,-4.664351851852));
#10205 = VECTOR('',#10206,1.);
#10206 = DIRECTION('',(1.,0.));
#10207 = ( GEOMETRIC_REPRESENTATION_CONTEXT(2) 
PARAMETRIC_REPRESENTATION_CONTEXT() REPRESENTATION_CONTEXT('2D SPACE',''
  ) );
#10208 = PCURVE('',#10209,#10214);
#10209 = PLANE('',#10210);
#10210 = AXIS2_PLACEMENT_3D('',#10211,#10212,#10213);
#10211 = CARTESIAN_POINT('',(78.712222222222,-4.664351851852,5.));
#10212 = DIRECTION('',(-0.,1.,0.));
#10213 = DIRECTION('',(0.,0.,1.));
#10214 = DEFINITIONAL_REPRESENTATION('',(#10215),#10219);
#10215 = LINE('',#10216,#10217);
#10216 = CARTESIAN_POINT('',(0.,0.));
#10217 = VECTOR('',#10218,1.);
#10218 = DIRECTION('',(0.,1.));
#10219 = ( GEOMETRIC_REPRESENTATION_CONTEXT(2) 
PARAMETRIC_REPRESENTATION_CONTEXT() REPRESENTATION_CONTEXT('2D SPACE',''
  ) );
#10220 = ORIENTED_EDGE('',*,*,#10221,.T.);
#10221 = EDGE_CURVE('',#10194,#10222,#10224,.T.);
#10222 = VERTEX_POINT('',#10223);
#10223 = CARTESIAN_POINT('',(84.767777777778,-4.456252258012,5.));
#10224 = SURFACE_CURVE('',#10225,(#10229,#10236),.PCURVE_S1.);
#10225 = LINE('',#10226,#10227);
#10226 = CARTESIAN_POINT('',(84.767777777778,-7.456252258012,5.));
#10227 = VECTOR('',#10228,1.);
#10228 = DIRECTION('',(-0.,1.,0.));
#10229 = PCURVE('',#3013,#10230);
#10230 = DEFINITIONAL_REPRESENTATION('',(#10231),#10235);
#10231 = LINE('',#10232,#10233);
#10232 = CARTESIAN_POINT('',(-24.23222222222,-7.456252258012));
#10233 = VECTOR('',#10234,1.);
#10234 = DIRECTION('',(0.,1.));
#10235 = ( GEOMETRIC_REPRESENTATION_CONTEXT(2) 
PARAMETRIC_REPRESENTATION_CONTEXT() REPRESENTATION_CONTEXT('2D SPACE',''
  ) );
#10236 = PCURVE('',#10237,#10242);
#10237 = PLANE('',#10238);
#10238 = AXIS2_PLACEMENT_3D('',#10239,#10240,#10241);
#10239 = CARTESIAN_POINT('',(84.767777777778,-7.456252258012,5.));
#10240 = DIRECTION('',(1.,0.,-0.));
#10241 = DIRECTION('',(0.,0.,1.));
#10242 = DEFINITIONAL_REPRESENTATION('',(#10243),#10247);
#10243 = LINE('',#10244,#10245);
#10244 = CARTESIAN_POINT('',(0.,0.));
#10245 = VECTOR('',#10246,1.);
#10246 = DIRECTION('',(0.,-1.));
#10247 = ( GEOMETRIC_REPRESENTATION_CONTEXT(2) 
PARAMETRIC_REPRESENTATION_CONTEXT() REPRESENTATION_CONTEXT('2D SPACE',''
  ) );
#10248 = ORIENTED_EDGE('',*,*,#10249,.T.);
#10249 = EDGE_CURVE('',#10222,#10250,#10252,.T.);
#10250 = VERTEX_POINT('',#10251);
#10251 = CARTESIAN_POINT('',(90.843333333333,-4.456252258012,5.));
#10252 = SURFACE_CURVE('',#10253,(#10257,#10264),.PCURVE_S1.);
#10253 = LINE('',#10254,#10255);
#10254 = CARTESIAN_POINT('',(84.767777777778,-4.456252258012,5.));
#10255 = VECTOR('',#10256,1.);
#10256 = DIRECTION('',(1.,0.,0.));
#10257 = PCURVE('',#3013,#10258);
#10258 = DEFINITIONAL_REPRESENTATION('',(#10259),#10263);
#10259 = LINE('',#10260,#10261);
#10260 = CARTESIAN_POINT('',(-24.23222222222,-4.456252258012));
#10261 = VECTOR('',#10262,1.);
#10262 = DIRECTION('',(1.,0.));
#10263 = ( GEOMETRIC_REPRESENTATION_CONTEXT(2) 
PARAMETRIC_REPRESENTATION_CONTEXT() REPRESENTATION_CONTEXT('2D SPACE',''
  ) );
#10264 = PCURVE('',#10265,#10270);
#10265 = PLANE('',#10266);
#10266 = AXIS2_PLACEMENT_3D('',#10267,#10268,#10269);
#10267 = CARTESIAN_POINT('',(84.767777777778,-4.456252258012,5.));
#10268 = DIRECTION('',(-0.,1.,0.));
#10269 = DIRECTION('',(0.,0.,1.));
#10270 = DEFINITIONAL_REPRESENTATION('',(#10271),#10275);
#10271 = LINE('',#10272,#10273);
#10272 = CARTESIAN_POINT('',(0.,0.));
#10273 = VECTOR('',#10274,1.);
#10274 = DIRECTION('',(0.,1.));
#10275 = ( GEOMETRIC_REPRESENTATION_CONTEXT(2) 
PARAMETRIC_REPRESENTATION_CONTEXT() REPRESENTATION_CONTEXT('2D SPACE',''
  ) );
#10276 = ORIENTED_EDGE('',*,*,#10277,.T.);
#10277 = EDGE_CURVE('',#10250,#10278,#10280,.T.);
#10278 = VERTEX_POINT('',#10279);
#10279 = CARTESIAN_POINT('',(90.843333333333,-4.485684911401,5.));
#10280 = SURFACE_CURVE('',#10281,(#10285,#10292),.PCURVE_S1.);
#10281 = LINE('',#10282,#10283);
#10282 = CARTESIAN_POINT('',(90.843333333333,-7.470968584706,5.));
#10283 = VECTOR('',#10284,1.);
#10284 = DIRECTION('',(0.,-1.,0.));
#10285 = PCURVE('',#3013,#10286);
#10286 = DEFINITIONAL_REPRESENTATION('',(#10287),#10291);
#10287 = LINE('',#10288,#10289);
#10288 = CARTESIAN_POINT('',(-18.15666666666,-7.470968584706));
#10289 = VECTOR('',#10290,1.);
#10290 = DIRECTION('',(0.,-1.));
#10291 = ( GEOMETRIC_REPRESENTATION_CONTEXT(2) 
PARAMETRIC_REPRESENTATION_CONTEXT() REPRESENTATION_CONTEXT('2D SPACE',''
  ) );
#10292 = PCURVE('',#10293,#10298);
#10293 = PLANE('',#10294);
#10294 = AXIS2_PLACEMENT_3D('',#10295,#10296,#10297);
#10295 = CARTESIAN_POINT('',(90.843333333333,-7.456252258012,0.));
#10296 = DIRECTION('',(1.,0.,-0.));
#10297 = DIRECTION('',(0.,0.,1.));
#10298 = DEFINITIONAL_REPRESENTATION('',(#10299),#10302);
#10299 = B_SPLINE_CURVE_WITH_KNOTS('',1,(#10300,#10301),.UNSPECIFIED.,
  .F.,.F.,(2,2),(-14.92722084271,-1.471632669478E-02),
  .PIECEWISE_BEZIER_KNOTS.);
#10300 = CARTESIAN_POINT('',(5.,-14.91250451602));
#10301 = CARTESIAN_POINT('',(5.,0.));
#10302 = ( GEOMETRIC_REPRESENTATION_CONTEXT(2) 
PARAMETRIC_REPRESENTATION_CONTEXT() REPRESENTATION_CONTEXT('2D SPACE',''
  ) );
#10303 = ORIENTED_EDGE('',*,*,#10304,.T.);
#10304 = EDGE_CURVE('',#10278,#10305,#10307,.T.);
#10305 = VERTEX_POINT('',#10306);
#10306 = CARTESIAN_POINT('',(96.898888888889,-4.485684911401,5.));
#10307 = SURFACE_CURVE('',#10308,(#10312,#10319),.PCURVE_S1.);
#10308 = LINE('',#10309,#10310);
#10309 = CARTESIAN_POINT('',(90.843333333333,-4.485684911401,5.));
#10310 = VECTOR('',#10311,1.);
#10311 = DIRECTION('',(1.,0.,0.));
#10312 = PCURVE('',#3013,#10313);
#10313 = DEFINITIONAL_REPRESENTATION('',(#10314),#10318);
#10314 = LINE('',#10315,#10316);
#10315 = CARTESIAN_POINT('',(-18.15666666666,-4.485684911401));
#10316 = VECTOR('',#10317,1.);
#10317 = DIRECTION('',(1.,0.));
#10318 = ( GEOMETRIC_REPRESENTATION_CONTEXT(2) 
PARAMETRIC_REPRESENTATION_CONTEXT() REPRESENTATION_CONTEXT('2D SPACE',''
  ) );
#10319 = PCURVE('',#10320,#10325);
#10320 = PLANE('',#10321);
#10321 = AXIS2_PLACEMENT_3D('',#10322,#10323,#10324);
#10322 = CARTESIAN_POINT('',(90.823333333333,-4.485684911401,5.));
#10323 = DIRECTION('',(-0.,1.,0.));
#10324 = DIRECTION('',(0.,0.,1.));
#10325 = DEFINITIONAL_REPRESENTATION('',(#10326),#10330);
#10326 = LINE('',#10327,#10328);
#10327 = CARTESIAN_POINT('',(0.,1.999999999998E-02));
#10328 = VECTOR('',#10329,1.);
#10329 = DIRECTION('',(0.,1.));
#10330 = ( GEOMETRIC_REPRESENTATION_CONTEXT(2) 
PARAMETRIC_REPRESENTATION_CONTEXT() REPRESENTATION_CONTEXT('2D SPACE',''
  ) );
#10331 = ORIENTED_EDGE('',*,*,#10332,.T.);
#10332 = EDGE_CURVE('',#10305,#10333,#10335,.T.);
#10333 = VERTEX_POINT('',#10334);
#10334 = CARTESIAN_POINT('',(96.898888888889,-4.706861568358,5.));
#10335 = SURFACE_CURVE('',#10336,(#10340,#10347),.PCURVE_S1.);
#10336 = LINE('',#10337,#10338);
#10337 = CARTESIAN_POINT('',(96.898888888889,-7.59627323988,5.));
#10338 = VECTOR('',#10339,1.);
#10339 = DIRECTION('',(0.,-1.,0.));
#10340 = PCURVE('',#3013,#10341);
#10341 = DEFINITIONAL_REPRESENTATION('',(#10342),#10346);
#10342 = LINE('',#10343,#10344);
#10343 = CARTESIAN_POINT('',(-12.10111111111,-7.59627323988));
#10344 = VECTOR('',#10345,1.);
#10345 = DIRECTION('',(0.,-1.));
#10346 = ( GEOMETRIC_REPRESENTATION_CONTEXT(2) 
PARAMETRIC_REPRESENTATION_CONTEXT() REPRESENTATION_CONTEXT('2D SPACE',''
  ) );
#10347 = PCURVE('',#10348,#10353);
#10348 = PLANE('',#10349);
#10349 = AXIS2_PLACEMENT_3D('',#10350,#10351,#10352);
#10350 = CARTESIAN_POINT('',(96.898888888889,-7.485684911401,0.));
#10351 = DIRECTION('',(1.,0.,-0.));
#10352 = DIRECTION('',(0.,0.,1.));
#10353 = DEFINITIONAL_REPRESENTATION('',(#10354),#10357);
#10354 = B_SPLINE_CURVE_WITH_KNOTS('',1,(#10355,#10356),.UNSPECIFIED.,
  .F.,.F.,(2,2),(-15.08195815128,-0.110588328479),
  .PIECEWISE_BEZIER_KNOTS.);
#10355 = CARTESIAN_POINT('',(5.,-14.9713698228));
#10356 = CARTESIAN_POINT('',(5.,0.));
#10357 = ( GEOMETRIC_REPRESENTATION_CONTEXT(2) 
PARAMETRIC_REPRESENTATION_CONTEXT() REPRESENTATION_CONTEXT('2D SPACE',''
  ) );
#10358 = ORIENTED_EDGE('',*,*,#10359,.T.);
#10359 = EDGE_CURVE('',#10333,#10360,#10362,.T.);
#10360 = VERTEX_POINT('',#10361);
#10361 = CARTESIAN_POINT('',(102.95444444444,-4.706861568358,5.));
#10362 = SURFACE_CURVE('',#10363,(#10367,#10374),.PCURVE_S1.);
#10363 = LINE('',#10364,#10365);
#10364 = CARTESIAN_POINT('',(96.898888888889,-4.706861568358,5.));
#10365 = VECTOR('',#10366,1.);
#10366 = DIRECTION('',(1.,0.,0.));
#10367 = PCURVE('',#3013,#10368);
#10368 = DEFINITIONAL_REPRESENTATION('',(#10369),#10373);
#10369 = LINE('',#10370,#10371);
#10370 = CARTESIAN_POINT('',(-12.10111111111,-4.706861568358));
#10371 = VECTOR('',#10372,1.);
#10372 = DIRECTION('',(1.,0.));
#10373 = ( GEOMETRIC_REPRESENTATION_CONTEXT(2) 
PARAMETRIC_REPRESENTATION_CONTEXT() REPRESENTATION_CONTEXT('2D SPACE',''
  ) );
#10374 = PCURVE('',#10375,#10380);
#10375 = PLANE('',#10376);
#10376 = AXIS2_PLACEMENT_3D('',#10377,#10378,#10379);
#10377 = CARTESIAN_POINT('',(96.878888888889,-4.706861568358,5.));
#10378 = DIRECTION('',(-0.,1.,0.));
#10379 = DIRECTION('',(0.,0.,1.));
#10380 = DEFINITIONAL_REPRESENTATION('',(#10381),#10385);
#10381 = LINE('',#10382,#10383);
#10382 = CARTESIAN_POINT('',(0.,2.000000000001E-02));
#10383 = VECTOR('',#10384,1.);
#10384 = DIRECTION('',(0.,1.));
#10385 = ( GEOMETRIC_REPRESENTATION_CONTEXT(2) 
PARAMETRIC_REPRESENTATION_CONTEXT() REPRESENTATION_CONTEXT('2D SPACE',''
  ) );
#10386 = ORIENTED_EDGE('',*,*,#10387,.T.);
#10387 = EDGE_CURVE('',#10360,#10388,#10390,.T.);
#10388 = VERTEX_POINT('',#10389);
#10389 = CARTESIAN_POINT('',(102.95444444444,-4.952908107391,5.));
#10390 = SURFACE_CURVE('',#10391,(#10395,#10402),.PCURVE_S1.);
#10391 = LINE('',#10392,#10393);
#10392 = CARTESIAN_POINT('',(102.95444444444,-7.829884837875,5.));
#10393 = VECTOR('',#10394,1.);
#10394 = DIRECTION('',(0.,-1.,0.));
#10395 = PCURVE('',#3013,#10396);
#10396 = DEFINITIONAL_REPRESENTATION('',(#10397),#10401);
#10397 = LINE('',#10398,#10399);
#10398 = CARTESIAN_POINT('',(-6.045555555556,-7.829884837875));
#10399 = VECTOR('',#10400,1.);
#10400 = DIRECTION('',(0.,-1.));
#10401 = ( GEOMETRIC_REPRESENTATION_CONTEXT(2) 
PARAMETRIC_REPRESENTATION_CONTEXT() REPRESENTATION_CONTEXT('2D SPACE',''
  ) );
#10402 = PCURVE('',#10403,#10408);
#10403 = PLANE('',#10404);
#10404 = AXIS2_PLACEMENT_3D('',#10405,#10406,#10407);
#10405 = CARTESIAN_POINT('',(102.95444444444,-7.706861568358,0.));
#10406 = DIRECTION('',(1.,0.,-0.));
#10407 = DIRECTION('',(0.,0.,1.));
#10408 = DEFINITIONAL_REPRESENTATION('',(#10409),#10412);
#10409 = B_SPLINE_CURVE_WITH_KNOTS('',1,(#10410,#10411),.UNSPECIFIED.,
  .F.,.F.,(2,2),(-15.53674640623,-0.123023269516),
  .PIECEWISE_BEZIER_KNOTS.);
#10410 = CARTESIAN_POINT('',(5.,-15.41372313671));
#10411 = CARTESIAN_POINT('',(5.,0.));
#10412 = ( GEOMETRIC_REPRESENTATION_CONTEXT(2) 
PARAMETRIC_REPRESENTATION_CONTEXT() REPRESENTATION_CONTEXT('2D SPACE',''
  ) );
#10413 = ORIENTED_EDGE('',*,*,#10414,.T.);
#10414 = EDGE_CURVE('',#10388,#10415,#10417,.T.);
#10415 = VERTEX_POINT('',#10416);
#10416 = CARTESIAN_POINT('',(109.01,-4.952908107391,5.));
#10417 = SURFACE_CURVE('',#10418,(#10422,#10429),.PCURVE_S1.);
#10418 = LINE('',#10419,#10420);
#10419 = CARTESIAN_POINT('',(102.93444444444,-4.952908107391,5.));
#10420 = VECTOR('',#10421,1.);
#10421 = DIRECTION('',(1.,0.,-0.));
#10422 = PCURVE('',#3013,#10423);
#10423 = DEFINITIONAL_REPRESENTATION('',(#10424),#10428);
#10424 = LINE('',#10425,#10426);
#10425 = CARTESIAN_POINT('',(-6.065555555556,-4.952908107391));
#10426 = VECTOR('',#10427,1.);
#10427 = DIRECTION('',(1.,0.));
#10428 = ( GEOMETRIC_REPRESENTATION_CONTEXT(2) 
PARAMETRIC_REPRESENTATION_CONTEXT() REPRESENTATION_CONTEXT('2D SPACE',''
  ) );
#10429 = PCURVE('',#10430,#10435);
#10430 = PLANE('',#10431);
#10431 = AXIS2_PLACEMENT_3D('',#10432,#10433,#10434);
#10432 = CARTESIAN_POINT('',(102.93444444444,-4.952908107391,5.));
#10433 = DIRECTION('',(-0.,1.,0.));
#10434 = DIRECTION('',(0.,0.,1.));
#10435 = DEFINITIONAL_REPRESENTATION('',(#10436),#10440);
#10436 = LINE('',#10437,#10438);
#10437 = CARTESIAN_POINT('',(0.,0.));
#10438 = VECTOR('',#10439,1.);
#10439 = DIRECTION('',(0.,1.));
#10440 = ( GEOMETRIC_REPRESENTATION_CONTEXT(2) 
PARAMETRIC_REPRESENTATION_CONTEXT() REPRESENTATION_CONTEXT('2D SPACE',''
  ) );
#10441 = ORIENTED_EDGE('',*,*,#10442,.T.);
#10442 = EDGE_CURVE('',#10415,#6294,#10443,.T.);
#10443 = SURFACE_CURVE('',#10444,(#10448,#10455),.PCURVE_S1.);
#10444 = LINE('',#10445,#10446);
#10445 = CARTESIAN_POINT('',(109.01,-3.976454053696,5.));
#10446 = VECTOR('',#10447,1.);
#10447 = DIRECTION('',(0.,-1.,0.));
#10448 = PCURVE('',#3013,#10449);
#10449 = DEFINITIONAL_REPRESENTATION('',(#10450),#10454);
#10450 = LINE('',#10451,#10452);
#10451 = CARTESIAN_POINT('',(1.000000000001E-02,-3.976454053696));
#10452 = VECTOR('',#10453,1.);
#10453 = DIRECTION('',(0.,-1.));
#10454 = ( GEOMETRIC_REPRESENTATION_CONTEXT(2) 
PARAMETRIC_REPRESENTATION_CONTEXT() REPRESENTATION_CONTEXT('2D SPACE',''
  ) );
#10455 = PCURVE('',#6309,#10456);
#10456 = DEFINITIONAL_REPRESENTATION('',(#10457),#10460);
#10457 = B_SPLINE_CURVE_WITH_KNOTS('',1,(#10458,#10459),.UNSPECIFIED.,
  .F.,.F.,(2,2),(-11.92936216108,3.976454053696),
  .PIECEWISE_BEZIER_KNOTS.);
#10458 = CARTESIAN_POINT('',(5.,-15.90581621478));
#10459 = CARTESIAN_POINT('',(5.,0.));
#10460 = ( GEOMETRIC_REPRESENTATION_CONTEXT(2) 
PARAMETRIC_REPRESENTATION_CONTEXT() REPRESENTATION_CONTEXT('2D SPACE',''
  ) );
#10461 = ORIENTED_EDGE('',*,*,#6321,.F.);
#10462 = FACE_BOUND('',#10463,.T.);
#10463 = EDGE_LOOP('',(#10464));
#10464 = ORIENTED_EDGE('',*,*,#6588,.F.);
#10465 = FACE_BOUND('',#10466,.T.);
#10466 = EDGE_LOOP('',(#10467,#10468,#10469));
#10467 = ORIENTED_EDGE('',*,*,#6662,.T.);
#10468 = ORIENTED_EDGE('',*,*,#6758,.T.);
#10469 = ORIENTED_EDGE('',*,*,#6710,.T.);
#10470 = FACE_BOUND('',#10471,.T.);
#10471 = EDGE_LOOP('',(#10472,#10473,#10474));
#10472 = ORIENTED_EDGE('',*,*,#6806,.T.);
#10473 = ORIENTED_EDGE('',*,*,#6902,.T.);
#10474 = ORIENTED_EDGE('',*,*,#6854,.T.);
#10475 = FACE_BOUND('',#10476,.T.);
#10476 = EDGE_LOOP('',(#10477));
#10477 = ORIENTED_EDGE('',*,*,#6926,.F.);
#10478 = FACE_BOUND('',#10479,.T.);
#10479 = EDGE_LOOP('',(#10480));
#10480 = ORIENTED_EDGE('',*,*,#6976,.F.);
#10481 = FACE_BOUND('',#10482,.T.);
#10482 = EDGE_LOOP('',(#10483));
#10483 = ORIENTED_EDGE('',*,*,#7026,.F.);
#10484 = FACE_BOUND('',#10485,.T.);
#10485 = EDGE_LOOP('',(#10486,#10487,#10488));
#10486 = ORIENTED_EDGE('',*,*,#7100,.T.);
#10487 = ORIENTED_EDGE('',*,*,#7196,.T.);
#10488 = ORIENTED_EDGE('',*,*,#7148,.T.);
#10489 = FACE_BOUND('',#10490,.T.);
#10490 = EDGE_LOOP('',(#10491));
#10491 = ORIENTED_EDGE('',*,*,#7220,.F.);
#10492 = FACE_BOUND('',#10493,.T.);
#10493 = EDGE_LOOP('',(#10494,#10495,#10496));
#10494 = ORIENTED_EDGE('',*,*,#7294,.T.);
#10495 = ORIENTED_EDGE('',*,*,#7390,.T.);
#10496 = ORIENTED_EDGE('',*,*,#7342,.T.);
#10497 = FACE_BOUND('',#10498,.T.);
#10498 = EDGE_LOOP('',(#10499,#10500,#10501));
#10499 = ORIENTED_EDGE('',*,*,#7534,.T.);
#10500 = ORIENTED_EDGE('',*,*,#7486,.T.);
#10501 = ORIENTED_EDGE('',*,*,#7438,.T.);
#10502 = ADVANCED_FACE('',(#10503),#3236,.T.);
#10503 = FACE_BOUND('',#10504,.T.);
#10504 = EDGE_LOOP('',(#10505,#10506,#10507,#10530));
#10505 = ORIENTED_EDGE('',*,*,#9470,.F.);
#10506 = ORIENTED_EDGE('',*,*,#3220,.T.);
#10507 = ORIENTED_EDGE('',*,*,#10508,.T.);
#10508 = EDGE_CURVE('',#3221,#10509,#10511,.T.);
#10509 = VERTEX_POINT('',#10510);
#10510 = CARTESIAN_POINT('',(6.045555555556,-9.801388888889,11.));
#10511 = SURFACE_CURVE('',#10512,(#10516,#10523),.PCURVE_S1.);
#10512 = LINE('',#10513,#10514);
#10513 = CARTESIAN_POINT('',(-1.E-02,-9.801388888889,11.));
#10514 = VECTOR('',#10515,1.);
#10515 = DIRECTION('',(1.,0.,-0.));
#10516 = PCURVE('',#3236,#10517);
#10517 = DEFINITIONAL_REPRESENTATION('',(#10518),#10522);
#10518 = LINE('',#10519,#10520);
#10519 = CARTESIAN_POINT('',(6.,0.));
#10520 = VECTOR('',#10521,1.);
#10521 = DIRECTION('',(0.,1.));
#10522 = ( GEOMETRIC_REPRESENTATION_CONTEXT(2) 
PARAMETRIC_REPRESENTATION_CONTEXT() REPRESENTATION_CONTEXT('2D SPACE',''
  ) );
#10523 = PCURVE('',#3264,#10524);
#10524 = DEFINITIONAL_REPRESENTATION('',(#10525),#10529);
#10525 = LINE('',#10526,#10527);
#10526 = CARTESIAN_POINT('',(0.,3.));
#10527 = VECTOR('',#10528,1.);
#10528 = DIRECTION('',(1.,0.));
#10529 = ( GEOMETRIC_REPRESENTATION_CONTEXT(2) 
PARAMETRIC_REPRESENTATION_CONTEXT() REPRESENTATION_CONTEXT('2D SPACE',''
  ) );
#10530 = ORIENTED_EDGE('',*,*,#10531,.T.);
#10531 = EDGE_CURVE('',#10509,#9471,#10532,.T.);
#10532 = SURFACE_CURVE('',#10533,(#10537,#10543),.PCURVE_S1.);
#10533 = LINE('',#10534,#10535);
#10534 = CARTESIAN_POINT('',(6.045555555556,-9.801388888889,5.));
#10535 = VECTOR('',#10536,1.);
#10536 = DIRECTION('',(-0.,0.,-1.));
#10537 = PCURVE('',#3236,#10538);
#10538 = DEFINITIONAL_REPRESENTATION('',(#10539),#10542);
#10539 = B_SPLINE_CURVE_WITH_KNOTS('',1,(#10540,#10541),.UNSPECIFIED.,
  .F.,.F.,(2,2),(-6.,-0.),.PIECEWISE_BEZIER_KNOTS.);
#10540 = CARTESIAN_POINT('',(6.,6.055555555556));
#10541 = CARTESIAN_POINT('',(0.,6.055555555556));
#10542 = ( GEOMETRIC_REPRESENTATION_CONTEXT(2) 
PARAMETRIC_REPRESENTATION_CONTEXT() REPRESENTATION_CONTEXT('2D SPACE',''
  ) );
#10543 = PCURVE('',#9509,#10544);
#10544 = DEFINITIONAL_REPRESENTATION('',(#10545),#10548);
#10545 = B_SPLINE_CURVE_WITH_KNOTS('',1,(#10546,#10547),.UNSPECIFIED.,
  .F.,.F.,(2,2),(-6.,-0.),.PIECEWISE_BEZIER_KNOTS.);
#10546 = CARTESIAN_POINT('',(6.,-2.602777777778));
#10547 = CARTESIAN_POINT('',(0.,-2.602777777778));
#10548 = ( GEOMETRIC_REPRESENTATION_CONTEXT(2) 
PARAMETRIC_REPRESENTATION_CONTEXT() REPRESENTATION_CONTEXT('2D SPACE',''
  ) );
#10549 = ADVANCED_FACE('',(#10550),#3264,.T.);
#10550 = FACE_BOUND('',#10551,.T.);
#10551 = EDGE_LOOP('',(#10552,#10553,#10554,#10555,#10556,#10557,#10558,
    #10559,#10560,#10561,#10562,#10563,#10564,#10565,#10566,#10567,
    #10568,#10569,#10570,#10571,#10572,#10573,#10574,#10575,#10576,
    #10577,#10578,#10579,#10580,#10581,#10582,#10583,#10584,#10585,
    #10586,#10587,#10588,#10589,#10612,#10635,#10658,#10681,#10704,
    #10727,#10750,#10773,#10796,#10819,#10842,#10865,#10888,#10911,
    #10934,#10957,#10980,#11003,#11026,#11049,#11072,#11095,#11118,
    #11141,#11164,#11187,#11210,#11233,#11256,#11279,#11302,#11325,
    #11348,#11371));
#10552 = ORIENTED_EDGE('',*,*,#10508,.F.);
#10553 = ORIENTED_EDGE('',*,*,#3248,.F.);
#10554 = ORIENTED_EDGE('',*,*,#3352,.T.);
#10555 = ORIENTED_EDGE('',*,*,#3471,.T.);
#10556 = ORIENTED_EDGE('',*,*,#3548,.T.);
#10557 = ORIENTED_EDGE('',*,*,#3669,.T.);
#10558 = ORIENTED_EDGE('',*,*,#3744,.T.);
#10559 = ORIENTED_EDGE('',*,*,#3865,.T.);
#10560 = ORIENTED_EDGE('',*,*,#3940,.T.);
#10561 = ORIENTED_EDGE('',*,*,#4061,.T.);
#10562 = ORIENTED_EDGE('',*,*,#4136,.T.);
#10563 = ORIENTED_EDGE('',*,*,#4257,.T.);
#10564 = ORIENTED_EDGE('',*,*,#4332,.T.);
#10565 = ORIENTED_EDGE('',*,*,#4453,.T.);
#10566 = ORIENTED_EDGE('',*,*,#4528,.T.);
#10567 = ORIENTED_EDGE('',*,*,#4649,.T.);
#10568 = ORIENTED_EDGE('',*,*,#4724,.T.);
#10569 = ORIENTED_EDGE('',*,*,#4845,.T.);
#10570 = ORIENTED_EDGE('',*,*,#4920,.T.);
#10571 = ORIENTED_EDGE('',*,*,#5041,.T.);
#10572 = ORIENTED_EDGE('',*,*,#5116,.T.);
#10573 = ORIENTED_EDGE('',*,*,#5237,.T.);
#10574 = ORIENTED_EDGE('',*,*,#5312,.T.);
#10575 = ORIENTED_EDGE('',*,*,#5433,.T.);
#10576 = ORIENTED_EDGE('',*,*,#5508,.T.);
#10577 = ORIENTED_EDGE('',*,*,#5629,.T.);
#10578 = ORIENTED_EDGE('',*,*,#5704,.T.);
#10579 = ORIENTED_EDGE('',*,*,#5825,.T.);
#10580 = ORIENTED_EDGE('',*,*,#5900,.T.);
#10581 = ORIENTED_EDGE('',*,*,#6074,.T.);
#10582 = ORIENTED_EDGE('',*,*,#6199,.T.);
#10583 = ORIENTED_EDGE('',*,*,#6366,.F.);
#10584 = ORIENTED_EDGE('',*,*,#6465,.T.);
#10585 = ORIENTED_EDGE('',*,*,#6562,.F.);
#10586 = ORIENTED_EDGE('',*,*,#6536,.T.);
#10587 = ORIENTED_EDGE('',*,*,#6437,.F.);
#10588 = ORIENTED_EDGE('',*,*,#6270,.T.);
#10589 = ORIENTED_EDGE('',*,*,#10590,.T.);
#10590 = EDGE_CURVE('',#6271,#10591,#10593,.T.);
#10591 = VERTEX_POINT('',#10592);
#10592 = CARTESIAN_POINT('',(109.01,-4.952908107391,11.));
#10593 = SURFACE_CURVE('',#10594,(#10598,#10605),.PCURVE_S1.);
#10594 = LINE('',#10595,#10596);
#10595 = CARTESIAN_POINT('',(109.01,-7.952908107391,11.));
#10596 = VECTOR('',#10597,1.);
#10597 = DIRECTION('',(-0.,1.,0.));
#10598 = PCURVE('',#3264,#10599);
#10599 = DEFINITIONAL_REPRESENTATION('',(#10600),#10604);
#10600 = LINE('',#10601,#10602);
#10601 = CARTESIAN_POINT('',(109.02,4.848480781498));
#10602 = VECTOR('',#10603,1.);
#10603 = DIRECTION('',(0.,1.));
#10604 = ( GEOMETRIC_REPRESENTATION_CONTEXT(2) 
PARAMETRIC_REPRESENTATION_CONTEXT() REPRESENTATION_CONTEXT('2D SPACE',''
  ) );
#10605 = PCURVE('',#6309,#10606);
#10606 = DEFINITIONAL_REPRESENTATION('',(#10607),#10611);
#10607 = LINE('',#10608,#10609);
#10608 = CARTESIAN_POINT('',(11.,0.));
#10609 = VECTOR('',#10610,1.);
#10610 = DIRECTION('',(0.,-1.));
#10611 = ( GEOMETRIC_REPRESENTATION_CONTEXT(2) 
PARAMETRIC_REPRESENTATION_CONTEXT() REPRESENTATION_CONTEXT('2D SPACE',''
  ) );
#10612 = ORIENTED_EDGE('',*,*,#10613,.F.);
#10613 = EDGE_CURVE('',#10614,#10591,#10616,.T.);
#10614 = VERTEX_POINT('',#10615);
#10615 = CARTESIAN_POINT('',(102.95444444444,-4.952908107391,11.));
#10616 = SURFACE_CURVE('',#10617,(#10621,#10628),.PCURVE_S1.);
#10617 = LINE('',#10618,#10619);
#10618 = CARTESIAN_POINT('',(102.93444444444,-4.952908107391,11.));
#10619 = VECTOR('',#10620,1.);
#10620 = DIRECTION('',(1.,0.,-0.));
#10621 = PCURVE('',#3264,#10622);
#10622 = DEFINITIONAL_REPRESENTATION('',(#10623),#10627);
#10623 = LINE('',#10624,#10625);
#10624 = CARTESIAN_POINT('',(102.94444444444,7.848480781498));
#10625 = VECTOR('',#10626,1.);
#10626 = DIRECTION('',(1.,0.));
#10627 = ( GEOMETRIC_REPRESENTATION_CONTEXT(2) 
PARAMETRIC_REPRESENTATION_CONTEXT() REPRESENTATION_CONTEXT('2D SPACE',''
  ) );
#10628 = PCURVE('',#10430,#10629);
#10629 = DEFINITIONAL_REPRESENTATION('',(#10630),#10634);
#10630 = LINE('',#10631,#10632);
#10631 = CARTESIAN_POINT('',(6.,0.));
#10632 = VECTOR('',#10633,1.);
#10633 = DIRECTION('',(0.,1.));
#10634 = ( GEOMETRIC_REPRESENTATION_CONTEXT(2) 
PARAMETRIC_REPRESENTATION_CONTEXT() REPRESENTATION_CONTEXT('2D SPACE',''
  ) );
#10635 = ORIENTED_EDGE('',*,*,#10636,.T.);
#10636 = EDGE_CURVE('',#10614,#10637,#10639,.T.);
#10637 = VERTEX_POINT('',#10638);
#10638 = CARTESIAN_POINT('',(102.95444444444,-4.706861568358,11.));
#10639 = SURFACE_CURVE('',#10640,(#10644,#10651),.PCURVE_S1.);
#10640 = LINE('',#10641,#10642);
#10641 = CARTESIAN_POINT('',(102.95444444444,-7.706861568358,11.));
#10642 = VECTOR('',#10643,1.);
#10643 = DIRECTION('',(-0.,1.,0.));
#10644 = PCURVE('',#3264,#10645);
#10645 = DEFINITIONAL_REPRESENTATION('',(#10646),#10650);
#10646 = LINE('',#10647,#10648);
#10647 = CARTESIAN_POINT('',(102.96444444444,5.09452732053));
#10648 = VECTOR('',#10649,1.);
#10649 = DIRECTION('',(0.,1.));
#10650 = ( GEOMETRIC_REPRESENTATION_CONTEXT(2) 
PARAMETRIC_REPRESENTATION_CONTEXT() REPRESENTATION_CONTEXT('2D SPACE',''
  ) );
#10651 = PCURVE('',#10403,#10652);
#10652 = DEFINITIONAL_REPRESENTATION('',(#10653),#10657);
#10653 = LINE('',#10654,#10655);
#10654 = CARTESIAN_POINT('',(11.,0.));
#10655 = VECTOR('',#10656,1.);
#10656 = DIRECTION('',(0.,-1.));
#10657 = ( GEOMETRIC_REPRESENTATION_CONTEXT(2) 
PARAMETRIC_REPRESENTATION_CONTEXT() REPRESENTATION_CONTEXT('2D SPACE',''
  ) );
#10658 = ORIENTED_EDGE('',*,*,#10659,.F.);
#10659 = EDGE_CURVE('',#10660,#10637,#10662,.T.);
#10660 = VERTEX_POINT('',#10661);
#10661 = CARTESIAN_POINT('',(96.898888888889,-4.706861568358,11.));
#10662 = SURFACE_CURVE('',#10663,(#10667,#10674),.PCURVE_S1.);
#10663 = LINE('',#10664,#10665);
#10664 = CARTESIAN_POINT('',(96.878888888889,-4.706861568358,11.));
#10665 = VECTOR('',#10666,1.);
#10666 = DIRECTION('',(1.,0.,-0.));
#10667 = PCURVE('',#3264,#10668);
#10668 = DEFINITIONAL_REPRESENTATION('',(#10669),#10673);
#10669 = LINE('',#10670,#10671);
#10670 = CARTESIAN_POINT('',(96.888888888889,8.09452732053));
#10671 = VECTOR('',#10672,1.);
#10672 = DIRECTION('',(1.,0.));
#10673 = ( GEOMETRIC_REPRESENTATION_CONTEXT(2) 
PARAMETRIC_REPRESENTATION_CONTEXT() REPRESENTATION_CONTEXT('2D SPACE',''
  ) );
#10674 = PCURVE('',#10375,#10675);
#10675 = DEFINITIONAL_REPRESENTATION('',(#10676),#10680);
#10676 = LINE('',#10677,#10678);
#10677 = CARTESIAN_POINT('',(6.,0.));
#10678 = VECTOR('',#10679,1.);
#10679 = DIRECTION('',(0.,1.));
#10680 = ( GEOMETRIC_REPRESENTATION_CONTEXT(2) 
PARAMETRIC_REPRESENTATION_CONTEXT() REPRESENTATION_CONTEXT('2D SPACE',''
  ) );
#10681 = ORIENTED_EDGE('',*,*,#10682,.T.);
#10682 = EDGE_CURVE('',#10660,#10683,#10685,.T.);
#10683 = VERTEX_POINT('',#10684);
#10684 = CARTESIAN_POINT('',(96.898888888889,-4.485684911401,11.));
#10685 = SURFACE_CURVE('',#10686,(#10690,#10697),.PCURVE_S1.);
#10686 = LINE('',#10687,#10688);
#10687 = CARTESIAN_POINT('',(96.898888888889,-7.485684911401,11.));
#10688 = VECTOR('',#10689,1.);
#10689 = DIRECTION('',(-0.,1.,0.));
#10690 = PCURVE('',#3264,#10691);
#10691 = DEFINITIONAL_REPRESENTATION('',(#10692),#10696);
#10692 = LINE('',#10693,#10694);
#10693 = CARTESIAN_POINT('',(96.908888888889,5.315703977488));
#10694 = VECTOR('',#10695,1.);
#10695 = DIRECTION('',(0.,1.));
#10696 = ( GEOMETRIC_REPRESENTATION_CONTEXT(2) 
PARAMETRIC_REPRESENTATION_CONTEXT() REPRESENTATION_CONTEXT('2D SPACE',''
  ) );
#10697 = PCURVE('',#10348,#10698);
#10698 = DEFINITIONAL_REPRESENTATION('',(#10699),#10703);
#10699 = LINE('',#10700,#10701);
#10700 = CARTESIAN_POINT('',(11.,0.));
#10701 = VECTOR('',#10702,1.);
#10702 = DIRECTION('',(0.,-1.));
#10703 = ( GEOMETRIC_REPRESENTATION_CONTEXT(2) 
PARAMETRIC_REPRESENTATION_CONTEXT() REPRESENTATION_CONTEXT('2D SPACE',''
  ) );
#10704 = ORIENTED_EDGE('',*,*,#10705,.F.);
#10705 = EDGE_CURVE('',#10706,#10683,#10708,.T.);
#10706 = VERTEX_POINT('',#10707);
#10707 = CARTESIAN_POINT('',(90.843333333333,-4.485684911401,11.));
#10708 = SURFACE_CURVE('',#10709,(#10713,#10720),.PCURVE_S1.);
#10709 = LINE('',#10710,#10711);
#10710 = CARTESIAN_POINT('',(90.823333333333,-4.485684911401,11.));
#10711 = VECTOR('',#10712,1.);
#10712 = DIRECTION('',(1.,0.,-0.));
#10713 = PCURVE('',#3264,#10714);
#10714 = DEFINITIONAL_REPRESENTATION('',(#10715),#10719);
#10715 = LINE('',#10716,#10717);
#10716 = CARTESIAN_POINT('',(90.833333333333,8.315703977488));
#10717 = VECTOR('',#10718,1.);
#10718 = DIRECTION('',(1.,0.));
#10719 = ( GEOMETRIC_REPRESENTATION_CONTEXT(2) 
PARAMETRIC_REPRESENTATION_CONTEXT() REPRESENTATION_CONTEXT('2D SPACE',''
  ) );
#10720 = PCURVE('',#10320,#10721);
#10721 = DEFINITIONAL_REPRESENTATION('',(#10722),#10726);
#10722 = LINE('',#10723,#10724);
#10723 = CARTESIAN_POINT('',(6.,0.));
#10724 = VECTOR('',#10725,1.);
#10725 = DIRECTION('',(0.,1.));
#10726 = ( GEOMETRIC_REPRESENTATION_CONTEXT(2) 
PARAMETRIC_REPRESENTATION_CONTEXT() REPRESENTATION_CONTEXT('2D SPACE',''
  ) );
#10727 = ORIENTED_EDGE('',*,*,#10728,.T.);
#10728 = EDGE_CURVE('',#10706,#10729,#10731,.T.);
#10729 = VERTEX_POINT('',#10730);
#10730 = CARTESIAN_POINT('',(90.843333333333,-4.456252258012,11.));
#10731 = SURFACE_CURVE('',#10732,(#10736,#10743),.PCURVE_S1.);
#10732 = LINE('',#10733,#10734);
#10733 = CARTESIAN_POINT('',(90.843333333333,-7.456252258012,11.));
#10734 = VECTOR('',#10735,1.);
#10735 = DIRECTION('',(-0.,1.,0.));
#10736 = PCURVE('',#3264,#10737);
#10737 = DEFINITIONAL_REPRESENTATION('',(#10738),#10742);
#10738 = LINE('',#10739,#10740);
#10739 = CARTESIAN_POINT('',(90.853333333333,5.345136630877));
#10740 = VECTOR('',#10741,1.);
#10741 = DIRECTION('',(0.,1.));
#10742 = ( GEOMETRIC_REPRESENTATION_CONTEXT(2) 
PARAMETRIC_REPRESENTATION_CONTEXT() REPRESENTATION_CONTEXT('2D SPACE',''
  ) );
#10743 = PCURVE('',#10293,#10744);
#10744 = DEFINITIONAL_REPRESENTATION('',(#10745),#10749);
#10745 = LINE('',#10746,#10747);
#10746 = CARTESIAN_POINT('',(11.,0.));
#10747 = VECTOR('',#10748,1.);
#10748 = DIRECTION('',(0.,-1.));
#10749 = ( GEOMETRIC_REPRESENTATION_CONTEXT(2) 
PARAMETRIC_REPRESENTATION_CONTEXT() REPRESENTATION_CONTEXT('2D SPACE',''
  ) );
#10750 = ORIENTED_EDGE('',*,*,#10751,.F.);
#10751 = EDGE_CURVE('',#10752,#10729,#10754,.T.);
#10752 = VERTEX_POINT('',#10753);
#10753 = CARTESIAN_POINT('',(84.767777777778,-4.456252258012,11.));
#10754 = SURFACE_CURVE('',#10755,(#10759,#10766),.PCURVE_S1.);
#10755 = LINE('',#10756,#10757);
#10756 = CARTESIAN_POINT('',(84.767777777778,-4.456252258012,11.));
#10757 = VECTOR('',#10758,1.);
#10758 = DIRECTION('',(1.,0.,-0.));
#10759 = PCURVE('',#3264,#10760);
#10760 = DEFINITIONAL_REPRESENTATION('',(#10761),#10765);
#10761 = LINE('',#10762,#10763);
#10762 = CARTESIAN_POINT('',(84.777777777778,8.345136630877));
#10763 = VECTOR('',#10764,1.);
#10764 = DIRECTION('',(1.,0.));
#10765 = ( GEOMETRIC_REPRESENTATION_CONTEXT(2) 
PARAMETRIC_REPRESENTATION_CONTEXT() REPRESENTATION_CONTEXT('2D SPACE',''
  ) );
#10766 = PCURVE('',#10265,#10767);
#10767 = DEFINITIONAL_REPRESENTATION('',(#10768),#10772);
#10768 = LINE('',#10769,#10770);
#10769 = CARTESIAN_POINT('',(6.,0.));
#10770 = VECTOR('',#10771,1.);
#10771 = DIRECTION('',(0.,1.));
#10772 = ( GEOMETRIC_REPRESENTATION_CONTEXT(2) 
PARAMETRIC_REPRESENTATION_CONTEXT() REPRESENTATION_CONTEXT('2D SPACE',''
  ) );
#10773 = ORIENTED_EDGE('',*,*,#10774,.F.);
#10774 = EDGE_CURVE('',#10775,#10752,#10777,.T.);
#10775 = VERTEX_POINT('',#10776);
#10776 = CARTESIAN_POINT('',(84.767777777778,-4.664351851852,11.));
#10777 = SURFACE_CURVE('',#10778,(#10782,#10789),.PCURVE_S1.);
#10778 = LINE('',#10779,#10780);
#10779 = CARTESIAN_POINT('',(84.767777777778,-7.456252258012,11.));
#10780 = VECTOR('',#10781,1.);
#10781 = DIRECTION('',(-0.,1.,0.));
#10782 = PCURVE('',#3264,#10783);
#10783 = DEFINITIONAL_REPRESENTATION('',(#10784),#10788);
#10784 = LINE('',#10785,#10786);
#10785 = CARTESIAN_POINT('',(84.777777777778,5.345136630877));
#10786 = VECTOR('',#10787,1.);
#10787 = DIRECTION('',(0.,1.));
#10788 = ( GEOMETRIC_REPRESENTATION_CONTEXT(2) 
PARAMETRIC_REPRESENTATION_CONTEXT() REPRESENTATION_CONTEXT('2D SPACE',''
  ) );
#10789 = PCURVE('',#10237,#10790);
#10790 = DEFINITIONAL_REPRESENTATION('',(#10791),#10795);
#10791 = LINE('',#10792,#10793);
#10792 = CARTESIAN_POINT('',(6.,0.));
#10793 = VECTOR('',#10794,1.);
#10794 = DIRECTION('',(0.,-1.));
#10795 = ( GEOMETRIC_REPRESENTATION_CONTEXT(2) 
PARAMETRIC_REPRESENTATION_CONTEXT() REPRESENTATION_CONTEXT('2D SPACE',''
  ) );
#10796 = ORIENTED_EDGE('',*,*,#10797,.F.);
#10797 = EDGE_CURVE('',#10798,#10775,#10800,.T.);
#10798 = VERTEX_POINT('',#10799);
#10799 = CARTESIAN_POINT('',(78.712222222222,-4.664351851852,11.));
#10800 = SURFACE_CURVE('',#10801,(#10805,#10812),.PCURVE_S1.);
#10801 = LINE('',#10802,#10803);
#10802 = CARTESIAN_POINT('',(78.712222222222,-4.664351851852,11.));
#10803 = VECTOR('',#10804,1.);
#10804 = DIRECTION('',(1.,0.,-0.));
#10805 = PCURVE('',#3264,#10806);
#10806 = DEFINITIONAL_REPRESENTATION('',(#10807),#10811);
#10807 = LINE('',#10808,#10809);
#10808 = CARTESIAN_POINT('',(78.722222222222,8.137037037037));
#10809 = VECTOR('',#10810,1.);
#10810 = DIRECTION('',(1.,0.));
#10811 = ( GEOMETRIC_REPRESENTATION_CONTEXT(2) 
PARAMETRIC_REPRESENTATION_CONTEXT() REPRESENTATION_CONTEXT('2D SPACE',''
  ) );
#10812 = PCURVE('',#10209,#10813);
#10813 = DEFINITIONAL_REPRESENTATION('',(#10814),#10818);
#10814 = LINE('',#10815,#10816);
#10815 = CARTESIAN_POINT('',(6.,0.));
#10816 = VECTOR('',#10817,1.);
#10817 = DIRECTION('',(0.,1.));
#10818 = ( GEOMETRIC_REPRESENTATION_CONTEXT(2) 
PARAMETRIC_REPRESENTATION_CONTEXT() REPRESENTATION_CONTEXT('2D SPACE',''
  ) );
#10819 = ORIENTED_EDGE('',*,*,#10820,.F.);
#10820 = EDGE_CURVE('',#10821,#10798,#10823,.T.);
#10821 = VERTEX_POINT('',#10822);
#10822 = CARTESIAN_POINT('',(78.712222222222,-5.034722222222,11.));
#10823 = SURFACE_CURVE('',#10824,(#10828,#10835),.PCURVE_S1.);
#10824 = LINE('',#10825,#10826);
#10825 = CARTESIAN_POINT('',(78.712222222222,-7.664351851852,11.));
#10826 = VECTOR('',#10827,1.);
#10827 = DIRECTION('',(-0.,1.,0.));
#10828 = PCURVE('',#3264,#10829);
#10829 = DEFINITIONAL_REPRESENTATION('',(#10830),#10834);
#10830 = LINE('',#10831,#10832);
#10831 = CARTESIAN_POINT('',(78.722222222222,5.137037037037));
#10832 = VECTOR('',#10833,1.);
#10833 = DIRECTION('',(0.,1.));
#10834 = ( GEOMETRIC_REPRESENTATION_CONTEXT(2) 
PARAMETRIC_REPRESENTATION_CONTEXT() REPRESENTATION_CONTEXT('2D SPACE',''
  ) );
#10835 = PCURVE('',#10181,#10836);
#10836 = DEFINITIONAL_REPRESENTATION('',(#10837),#10841);
#10837 = LINE('',#10838,#10839);
#10838 = CARTESIAN_POINT('',(6.,0.));
#10839 = VECTOR('',#10840,1.);
#10840 = DIRECTION('',(0.,-1.));
#10841 = ( GEOMETRIC_REPRESENTATION_CONTEXT(2) 
PARAMETRIC_REPRESENTATION_CONTEXT() REPRESENTATION_CONTEXT('2D SPACE',''
  ) );
#10842 = ORIENTED_EDGE('',*,*,#10843,.F.);
#10843 = EDGE_CURVE('',#10844,#10821,#10846,.T.);
#10844 = VERTEX_POINT('',#10845);
#10845 = CARTESIAN_POINT('',(72.656666666667,-5.034722222222,11.));
#10846 = SURFACE_CURVE('',#10847,(#10851,#10858),.PCURVE_S1.);
#10847 = LINE('',#10848,#10849);
#10848 = CARTESIAN_POINT('',(72.656666666667,-5.034722222222,11.));
#10849 = VECTOR('',#10850,1.);
#10850 = DIRECTION('',(1.,0.,-0.));
#10851 = PCURVE('',#3264,#10852);
#10852 = DEFINITIONAL_REPRESENTATION('',(#10853),#10857);
#10853 = LINE('',#10854,#10855);
#10854 = CARTESIAN_POINT('',(72.666666666667,7.766666666667));
#10855 = VECTOR('',#10856,1.);
#10856 = DIRECTION('',(1.,0.));
#10857 = ( GEOMETRIC_REPRESENTATION_CONTEXT(2) 
PARAMETRIC_REPRESENTATION_CONTEXT() REPRESENTATION_CONTEXT('2D SPACE',''
  ) );
#10858 = PCURVE('',#10153,#10859);
#10859 = DEFINITIONAL_REPRESENTATION('',(#10860),#10864);
#10860 = LINE('',#10861,#10862);
#10861 = CARTESIAN_POINT('',(6.,0.));
#10862 = VECTOR('',#10863,1.);
#10863 = DIRECTION('',(0.,1.));
#10864 = ( GEOMETRIC_REPRESENTATION_CONTEXT(2) 
PARAMETRIC_REPRESENTATION_CONTEXT() REPRESENTATION_CONTEXT('2D SPACE',''
  ) );
#10865 = ORIENTED_EDGE('',*,*,#10866,.F.);
#10866 = EDGE_CURVE('',#10867,#10844,#10869,.T.);
#10867 = VERTEX_POINT('',#10868);
#10868 = CARTESIAN_POINT('',(72.656666666667,-5.431944444444,11.));
#10869 = SURFACE_CURVE('',#10870,(#10874,#10881),.PCURVE_S1.);
#10870 = LINE('',#10871,#10872);
#10871 = CARTESIAN_POINT('',(72.656666666667,-8.034722222222,11.));
#10872 = VECTOR('',#10873,1.);
#10873 = DIRECTION('',(-0.,1.,0.));
#10874 = PCURVE('',#3264,#10875);
#10875 = DEFINITIONAL_REPRESENTATION('',(#10876),#10880);
#10876 = LINE('',#10877,#10878);
#10877 = CARTESIAN_POINT('',(72.666666666667,4.766666666667));
#10878 = VECTOR('',#10879,1.);
#10879 = DIRECTION('',(0.,1.));
#10880 = ( GEOMETRIC_REPRESENTATION_CONTEXT(2) 
PARAMETRIC_REPRESENTATION_CONTEXT() REPRESENTATION_CONTEXT('2D SPACE',''
  ) );
#10881 = PCURVE('',#10125,#10882);
#10882 = DEFINITIONAL_REPRESENTATION('',(#10883),#10887);
#10883 = LINE('',#10884,#10885);
#10884 = CARTESIAN_POINT('',(6.,0.));
#10885 = VECTOR('',#10886,1.);
#10886 = DIRECTION('',(0.,-1.));
#10887 = ( GEOMETRIC_REPRESENTATION_CONTEXT(2) 
PARAMETRIC_REPRESENTATION_CONTEXT() REPRESENTATION_CONTEXT('2D SPACE',''
  ) );
#10888 = ORIENTED_EDGE('',*,*,#10889,.F.);
#10889 = EDGE_CURVE('',#10890,#10867,#10892,.T.);
#10890 = VERTEX_POINT('',#10891);
#10891 = CARTESIAN_POINT('',(66.601111111111,-5.431944444444,11.));
#10892 = SURFACE_CURVE('',#10893,(#10897,#10904),.PCURVE_S1.);
#10893 = LINE('',#10894,#10895);
#10894 = CARTESIAN_POINT('',(66.601111111111,-5.431944444444,11.));
#10895 = VECTOR('',#10896,1.);
#10896 = DIRECTION('',(1.,0.,-0.));
#10897 = PCURVE('',#3264,#10898);
#10898 = DEFINITIONAL_REPRESENTATION('',(#10899),#10903);
#10899 = LINE('',#10900,#10901);
#10900 = CARTESIAN_POINT('',(66.611111111111,7.369444444444));
#10901 = VECTOR('',#10902,1.);
#10902 = DIRECTION('',(1.,0.));
#10903 = ( GEOMETRIC_REPRESENTATION_CONTEXT(2) 
PARAMETRIC_REPRESENTATION_CONTEXT() REPRESENTATION_CONTEXT('2D SPACE',''
  ) );
#10904 = PCURVE('',#10097,#10905);
#10905 = DEFINITIONAL_REPRESENTATION('',(#10906),#10910);
#10906 = LINE('',#10907,#10908);
#10907 = CARTESIAN_POINT('',(6.,0.));
#10908 = VECTOR('',#10909,1.);
#10909 = DIRECTION('',(0.,1.));
#10910 = ( GEOMETRIC_REPRESENTATION_CONTEXT(2) 
PARAMETRIC_REPRESENTATION_CONTEXT() REPRESENTATION_CONTEXT('2D SPACE',''
  ) );
#10911 = ORIENTED_EDGE('',*,*,#10912,.F.);
#10912 = EDGE_CURVE('',#10913,#10890,#10915,.T.);
#10913 = VERTEX_POINT('',#10914);
#10914 = CARTESIAN_POINT('',(66.601111111111,-5.829166666667,11.));
#10915 = SURFACE_CURVE('',#10916,(#10920,#10927),.PCURVE_S1.);
#10916 = LINE('',#10917,#10918);
#10917 = CARTESIAN_POINT('',(66.601111111111,-8.431944444444,11.));
#10918 = VECTOR('',#10919,1.);
#10919 = DIRECTION('',(-0.,1.,0.));
#10920 = PCURVE('',#3264,#10921);
#10921 = DEFINITIONAL_REPRESENTATION('',(#10922),#10926);
#10922 = LINE('',#10923,#10924);
#10923 = CARTESIAN_POINT('',(66.611111111111,4.369444444444));
#10924 = VECTOR('',#10925,1.);
#10925 = DIRECTION('',(0.,1.));
#10926 = ( GEOMETRIC_REPRESENTATION_CONTEXT(2) 
PARAMETRIC_REPRESENTATION_CONTEXT() REPRESENTATION_CONTEXT('2D SPACE',''
  ) );
#10927 = PCURVE('',#10069,#10928);
#10928 = DEFINITIONAL_REPRESENTATION('',(#10929),#10933);
#10929 = LINE('',#10930,#10931);
#10930 = CARTESIAN_POINT('',(6.,0.));
#10931 = VECTOR('',#10932,1.);
#10932 = DIRECTION('',(0.,-1.));
#10933 = ( GEOMETRIC_REPRESENTATION_CONTEXT(2) 
PARAMETRIC_REPRESENTATION_CONTEXT() REPRESENTATION_CONTEXT('2D SPACE',''
  ) );
#10934 = ORIENTED_EDGE('',*,*,#10935,.F.);
#10935 = EDGE_CURVE('',#10936,#10913,#10938,.T.);
#10936 = VERTEX_POINT('',#10937);
#10937 = CARTESIAN_POINT('',(60.545555555556,-5.829166666667,11.));
#10938 = SURFACE_CURVE('',#10939,(#10943,#10950),.PCURVE_S1.);
#10939 = LINE('',#10940,#10941);
#10940 = CARTESIAN_POINT('',(60.545555555556,-5.829166666667,11.));
#10941 = VECTOR('',#10942,1.);
#10942 = DIRECTION('',(1.,0.,-0.));
#10943 = PCURVE('',#3264,#10944);
#10944 = DEFINITIONAL_REPRESENTATION('',(#10945),#10949);
#10945 = LINE('',#10946,#10947);
#10946 = CARTESIAN_POINT('',(60.555555555556,6.972222222222));
#10947 = VECTOR('',#10948,1.);
#10948 = DIRECTION('',(1.,0.));
#10949 = ( GEOMETRIC_REPRESENTATION_CONTEXT(2) 
PARAMETRIC_REPRESENTATION_CONTEXT() REPRESENTATION_CONTEXT('2D SPACE',''
  ) );
#10950 = PCURVE('',#10041,#10951);
#10951 = DEFINITIONAL_REPRESENTATION('',(#10952),#10956);
#10952 = LINE('',#10953,#10954);
#10953 = CARTESIAN_POINT('',(6.,0.));
#10954 = VECTOR('',#10955,1.);
#10955 = DIRECTION('',(0.,1.));
#10956 = ( GEOMETRIC_REPRESENTATION_CONTEXT(2) 
PARAMETRIC_REPRESENTATION_CONTEXT() REPRESENTATION_CONTEXT('2D SPACE',''
  ) );
#10957 = ORIENTED_EDGE('',*,*,#10958,.F.);
#10958 = EDGE_CURVE('',#10959,#10936,#10961,.T.);
#10959 = VERTEX_POINT('',#10960);
#10960 = CARTESIAN_POINT('',(60.545555555556,-6.226388888889,11.));
#10961 = SURFACE_CURVE('',#10962,(#10966,#10973),.PCURVE_S1.);
#10962 = LINE('',#10963,#10964);
#10963 = CARTESIAN_POINT('',(60.545555555556,-8.829166666667,11.));
#10964 = VECTOR('',#10965,1.);
#10965 = DIRECTION('',(-0.,1.,0.));
#10966 = PCURVE('',#3264,#10967);
#10967 = DEFINITIONAL_REPRESENTATION('',(#10968),#10972);
#10968 = LINE('',#10969,#10970);
#10969 = CARTESIAN_POINT('',(60.555555555556,3.972222222222));
#10970 = VECTOR('',#10971,1.);
#10971 = DIRECTION('',(0.,1.));
#10972 = ( GEOMETRIC_REPRESENTATION_CONTEXT(2) 
PARAMETRIC_REPRESENTATION_CONTEXT() REPRESENTATION_CONTEXT('2D SPACE',''
  ) );
#10973 = PCURVE('',#10013,#10974);
#10974 = DEFINITIONAL_REPRESENTATION('',(#10975),#10979);
#10975 = LINE('',#10976,#10977);
#10976 = CARTESIAN_POINT('',(6.,0.));
#10977 = VECTOR('',#10978,1.);
#10978 = DIRECTION('',(0.,-1.));
#10979 = ( GEOMETRIC_REPRESENTATION_CONTEXT(2) 
PARAMETRIC_REPRESENTATION_CONTEXT() REPRESENTATION_CONTEXT('2D SPACE',''
  ) );
#10980 = ORIENTED_EDGE('',*,*,#10981,.F.);
#10981 = EDGE_CURVE('',#10982,#10959,#10984,.T.);
#10982 = VERTEX_POINT('',#10983);
#10983 = CARTESIAN_POINT('',(54.49,-6.226388888889,11.));
#10984 = SURFACE_CURVE('',#10985,(#10989,#10996),.PCURVE_S1.);
#10985 = LINE('',#10986,#10987);
#10986 = CARTESIAN_POINT('',(54.49,-6.226388888889,11.));
#10987 = VECTOR('',#10988,1.);
#10988 = DIRECTION('',(1.,0.,-0.));
#10989 = PCURVE('',#3264,#10990);
#10990 = DEFINITIONAL_REPRESENTATION('',(#10991),#10995);
#10991 = LINE('',#10992,#10993);
#10992 = CARTESIAN_POINT('',(54.5,6.575));
#10993 = VECTOR('',#10994,1.);
#10994 = DIRECTION('',(1.,0.));
#10995 = ( GEOMETRIC_REPRESENTATION_CONTEXT(2) 
PARAMETRIC_REPRESENTATION_CONTEXT() REPRESENTATION_CONTEXT('2D SPACE',''
  ) );
#10996 = PCURVE('',#9985,#10997);
#10997 = DEFINITIONAL_REPRESENTATION('',(#10998),#11002);
#10998 = LINE('',#10999,#11000);
#10999 = CARTESIAN_POINT('',(6.,0.));
#11000 = VECTOR('',#11001,1.);
#11001 = DIRECTION('',(0.,1.));
#11002 = ( GEOMETRIC_REPRESENTATION_CONTEXT(2) 
PARAMETRIC_REPRESENTATION_CONTEXT() REPRESENTATION_CONTEXT('2D SPACE',''
  ) );
#11003 = ORIENTED_EDGE('',*,*,#11004,.F.);
#11004 = EDGE_CURVE('',#11005,#10982,#11007,.T.);
#11005 = VERTEX_POINT('',#11006);
#11006 = CARTESIAN_POINT('',(54.49,-6.623611111111,11.));
#11007 = SURFACE_CURVE('',#11008,(#11012,#11019),.PCURVE_S1.);
#11008 = LINE('',#11009,#11010);
#11009 = CARTESIAN_POINT('',(54.49,-9.226388888889,11.));
#11010 = VECTOR('',#11011,1.);
#11011 = DIRECTION('',(-0.,1.,0.));
#11012 = PCURVE('',#3264,#11013);
#11013 = DEFINITIONAL_REPRESENTATION('',(#11014),#11018);
#11014 = LINE('',#11015,#11016);
#11015 = CARTESIAN_POINT('',(54.5,3.575));
#11016 = VECTOR('',#11017,1.);
#11017 = DIRECTION('',(0.,1.));
#11018 = ( GEOMETRIC_REPRESENTATION_CONTEXT(2) 
PARAMETRIC_REPRESENTATION_CONTEXT() REPRESENTATION_CONTEXT('2D SPACE',''
  ) );
#11019 = PCURVE('',#9957,#11020);
#11020 = DEFINITIONAL_REPRESENTATION('',(#11021),#11025);
#11021 = LINE('',#11022,#11023);
#11022 = CARTESIAN_POINT('',(6.,0.));
#11023 = VECTOR('',#11024,1.);
#11024 = DIRECTION('',(0.,-1.));
#11025 = ( GEOMETRIC_REPRESENTATION_CONTEXT(2) 
PARAMETRIC_REPRESENTATION_CONTEXT() REPRESENTATION_CONTEXT('2D SPACE',''
  ) );
#11026 = ORIENTED_EDGE('',*,*,#11027,.F.);
#11027 = EDGE_CURVE('',#11028,#11005,#11030,.T.);
#11028 = VERTEX_POINT('',#11029);
#11029 = CARTESIAN_POINT('',(48.434444444444,-6.623611111111,11.));
#11030 = SURFACE_CURVE('',#11031,(#11035,#11042),.PCURVE_S1.);
#11031 = LINE('',#11032,#11033);
#11032 = CARTESIAN_POINT('',(48.434444444444,-6.623611111111,11.));
#11033 = VECTOR('',#11034,1.);
#11034 = DIRECTION('',(1.,0.,-0.));
#11035 = PCURVE('',#3264,#11036);
#11036 = DEFINITIONAL_REPRESENTATION('',(#11037),#11041);
#11037 = LINE('',#11038,#11039);
#11038 = CARTESIAN_POINT('',(48.444444444444,6.177777777778));
#11039 = VECTOR('',#11040,1.);
#11040 = DIRECTION('',(1.,0.));
#11041 = ( GEOMETRIC_REPRESENTATION_CONTEXT(2) 
PARAMETRIC_REPRESENTATION_CONTEXT() REPRESENTATION_CONTEXT('2D SPACE',''
  ) );
#11042 = PCURVE('',#9929,#11043);
#11043 = DEFINITIONAL_REPRESENTATION('',(#11044),#11048);
#11044 = LINE('',#11045,#11046);
#11045 = CARTESIAN_POINT('',(6.,0.));
#11046 = VECTOR('',#11047,1.);
#11047 = DIRECTION('',(0.,1.));
#11048 = ( GEOMETRIC_REPRESENTATION_CONTEXT(2) 
PARAMETRIC_REPRESENTATION_CONTEXT() REPRESENTATION_CONTEXT('2D SPACE',''
  ) );
#11049 = ORIENTED_EDGE('',*,*,#11050,.F.);
#11050 = EDGE_CURVE('',#11051,#11028,#11053,.T.);
#11051 = VERTEX_POINT('',#11052);
#11052 = CARTESIAN_POINT('',(48.434444444444,-7.020833333333,11.));
#11053 = SURFACE_CURVE('',#11054,(#11058,#11065),.PCURVE_S1.);
#11054 = LINE('',#11055,#11056);
#11055 = CARTESIAN_POINT('',(48.434444444444,-9.623611111111,11.));
#11056 = VECTOR('',#11057,1.);
#11057 = DIRECTION('',(-0.,1.,0.));
#11058 = PCURVE('',#3264,#11059);
#11059 = DEFINITIONAL_REPRESENTATION('',(#11060),#11064);
#11060 = LINE('',#11061,#11062);
#11061 = CARTESIAN_POINT('',(48.444444444444,3.177777777778));
#11062 = VECTOR('',#11063,1.);
#11063 = DIRECTION('',(0.,1.));
#11064 = ( GEOMETRIC_REPRESENTATION_CONTEXT(2) 
PARAMETRIC_REPRESENTATION_CONTEXT() REPRESENTATION_CONTEXT('2D SPACE',''
  ) );
#11065 = PCURVE('',#9901,#11066);
#11066 = DEFINITIONAL_REPRESENTATION('',(#11067),#11071);
#11067 = LINE('',#11068,#11069);
#11068 = CARTESIAN_POINT('',(6.,0.));
#11069 = VECTOR('',#11070,1.);
#11070 = DIRECTION('',(0.,-1.));
#11071 = ( GEOMETRIC_REPRESENTATION_CONTEXT(2) 
PARAMETRIC_REPRESENTATION_CONTEXT() REPRESENTATION_CONTEXT('2D SPACE',''
  ) );
#11072 = ORIENTED_EDGE('',*,*,#11073,.F.);
#11073 = EDGE_CURVE('',#11074,#11051,#11076,.T.);
#11074 = VERTEX_POINT('',#11075);
#11075 = CARTESIAN_POINT('',(42.378888888889,-7.020833333333,11.));
#11076 = SURFACE_CURVE('',#11077,(#11081,#11088),.PCURVE_S1.);
#11077 = LINE('',#11078,#11079);
#11078 = CARTESIAN_POINT('',(42.378888888889,-7.020833333333,11.));
#11079 = VECTOR('',#11080,1.);
#11080 = DIRECTION('',(1.,0.,-0.));
#11081 = PCURVE('',#3264,#11082);
#11082 = DEFINITIONAL_REPRESENTATION('',(#11083),#11087);
#11083 = LINE('',#11084,#11085);
#11084 = CARTESIAN_POINT('',(42.388888888889,5.780555555556));
#11085 = VECTOR('',#11086,1.);
#11086 = DIRECTION('',(1.,0.));
#11087 = ( GEOMETRIC_REPRESENTATION_CONTEXT(2) 
PARAMETRIC_REPRESENTATION_CONTEXT() REPRESENTATION_CONTEXT('2D SPACE',''
  ) );
#11088 = PCURVE('',#9873,#11089);
#11089 = DEFINITIONAL_REPRESENTATION('',(#11090),#11094);
#11090 = LINE('',#11091,#11092);
#11091 = CARTESIAN_POINT('',(6.,0.));
#11092 = VECTOR('',#11093,1.);
#11093 = DIRECTION('',(0.,1.));
#11094 = ( GEOMETRIC_REPRESENTATION_CONTEXT(2) 
PARAMETRIC_REPRESENTATION_CONTEXT() REPRESENTATION_CONTEXT('2D SPACE',''
  ) );
#11095 = ORIENTED_EDGE('',*,*,#11096,.F.);
#11096 = EDGE_CURVE('',#11097,#11074,#11099,.T.);
#11097 = VERTEX_POINT('',#11098);
#11098 = CARTESIAN_POINT('',(42.378888888889,-7.418055555556,11.));
#11099 = SURFACE_CURVE('',#11100,(#11104,#11111),.PCURVE_S1.);
#11100 = LINE('',#11101,#11102);
#11101 = CARTESIAN_POINT('',(42.378888888889,-10.02083333333,11.));
#11102 = VECTOR('',#11103,1.);
#11103 = DIRECTION('',(-0.,1.,0.));
#11104 = PCURVE('',#3264,#11105);
#11105 = DEFINITIONAL_REPRESENTATION('',(#11106),#11110);
#11106 = LINE('',#11107,#11108);
#11107 = CARTESIAN_POINT('',(42.388888888889,2.780555555556));
#11108 = VECTOR('',#11109,1.);
#11109 = DIRECTION('',(0.,1.));
#11110 = ( GEOMETRIC_REPRESENTATION_CONTEXT(2) 
PARAMETRIC_REPRESENTATION_CONTEXT() REPRESENTATION_CONTEXT('2D SPACE',''
  ) );
#11111 = PCURVE('',#9845,#11112);
#11112 = DEFINITIONAL_REPRESENTATION('',(#11113),#11117);
#11113 = LINE('',#11114,#11115);
#11114 = CARTESIAN_POINT('',(6.,0.));
#11115 = VECTOR('',#11116,1.);
#11116 = DIRECTION('',(0.,-1.));
#11117 = ( GEOMETRIC_REPRESENTATION_CONTEXT(2) 
PARAMETRIC_REPRESENTATION_CONTEXT() REPRESENTATION_CONTEXT('2D SPACE',''
  ) );
#11118 = ORIENTED_EDGE('',*,*,#11119,.F.);
#11119 = EDGE_CURVE('',#11120,#11097,#11122,.T.);
#11120 = VERTEX_POINT('',#11121);
#11121 = CARTESIAN_POINT('',(36.323333333333,-7.418055555556,11.));
#11122 = SURFACE_CURVE('',#11123,(#11127,#11134),.PCURVE_S1.);
#11123 = LINE('',#11124,#11125);
#11124 = CARTESIAN_POINT('',(36.323333333333,-7.418055555556,11.));
#11125 = VECTOR('',#11126,1.);
#11126 = DIRECTION('',(1.,0.,-0.));
#11127 = PCURVE('',#3264,#11128);
#11128 = DEFINITIONAL_REPRESENTATION('',(#11129),#11133);
#11129 = LINE('',#11130,#11131);
#11130 = CARTESIAN_POINT('',(36.333333333333,5.383333333333));
#11131 = VECTOR('',#11132,1.);
#11132 = DIRECTION('',(1.,0.));
#11133 = ( GEOMETRIC_REPRESENTATION_CONTEXT(2) 
PARAMETRIC_REPRESENTATION_CONTEXT() REPRESENTATION_CONTEXT('2D SPACE',''
  ) );
#11134 = PCURVE('',#9817,#11135);
#11135 = DEFINITIONAL_REPRESENTATION('',(#11136),#11140);
#11136 = LINE('',#11137,#11138);
#11137 = CARTESIAN_POINT('',(6.,0.));
#11138 = VECTOR('',#11139,1.);
#11139 = DIRECTION('',(0.,1.));
#11140 = ( GEOMETRIC_REPRESENTATION_CONTEXT(2) 
PARAMETRIC_REPRESENTATION_CONTEXT() REPRESENTATION_CONTEXT('2D SPACE',''
  ) );
#11141 = ORIENTED_EDGE('',*,*,#11142,.F.);
#11142 = EDGE_CURVE('',#11143,#11120,#11145,.T.);
#11143 = VERTEX_POINT('',#11144);
#11144 = CARTESIAN_POINT('',(36.323333333333,-7.815277777778,11.));
#11145 = SURFACE_CURVE('',#11146,(#11150,#11157),.PCURVE_S1.);
#11146 = LINE('',#11147,#11148);
#11147 = CARTESIAN_POINT('',(36.323333333333,-10.41805555555,11.));
#11148 = VECTOR('',#11149,1.);
#11149 = DIRECTION('',(-0.,1.,0.));
#11150 = PCURVE('',#3264,#11151);
#11151 = DEFINITIONAL_REPRESENTATION('',(#11152),#11156);
#11152 = LINE('',#11153,#11154);
#11153 = CARTESIAN_POINT('',(36.333333333333,2.383333333333));
#11154 = VECTOR('',#11155,1.);
#11155 = DIRECTION('',(0.,1.));
#11156 = ( GEOMETRIC_REPRESENTATION_CONTEXT(2) 
PARAMETRIC_REPRESENTATION_CONTEXT() REPRESENTATION_CONTEXT('2D SPACE',''
  ) );
#11157 = PCURVE('',#9789,#11158);
#11158 = DEFINITIONAL_REPRESENTATION('',(#11159),#11163);
#11159 = LINE('',#11160,#11161);
#11160 = CARTESIAN_POINT('',(6.,0.));
#11161 = VECTOR('',#11162,1.);
#11162 = DIRECTION('',(0.,-1.));
#11163 = ( GEOMETRIC_REPRESENTATION_CONTEXT(2) 
PARAMETRIC_REPRESENTATION_CONTEXT() REPRESENTATION_CONTEXT('2D SPACE',''
  ) );
#11164 = ORIENTED_EDGE('',*,*,#11165,.F.);
#11165 = EDGE_CURVE('',#11166,#11143,#11168,.T.);
#11166 = VERTEX_POINT('',#11167);
#11167 = CARTESIAN_POINT('',(30.267777777778,-7.815277777778,11.));
#11168 = SURFACE_CURVE('',#11169,(#11173,#11180),.PCURVE_S1.);
#11169 = LINE('',#11170,#11171);
#11170 = CARTESIAN_POINT('',(30.267777777778,-7.815277777778,11.));
#11171 = VECTOR('',#11172,1.);
#11172 = DIRECTION('',(1.,0.,-0.));
#11173 = PCURVE('',#3264,#11174);
#11174 = DEFINITIONAL_REPRESENTATION('',(#11175),#11179);
#11175 = LINE('',#11176,#11177);
#11176 = CARTESIAN_POINT('',(30.277777777778,4.986111111111));
#11177 = VECTOR('',#11178,1.);
#11178 = DIRECTION('',(1.,0.));
#11179 = ( GEOMETRIC_REPRESENTATION_CONTEXT(2) 
PARAMETRIC_REPRESENTATION_CONTEXT() REPRESENTATION_CONTEXT('2D SPACE',''
  ) );
#11180 = PCURVE('',#9761,#11181);
#11181 = DEFINITIONAL_REPRESENTATION('',(#11182),#11186);
#11182 = LINE('',#11183,#11184);
#11183 = CARTESIAN_POINT('',(6.,0.));
#11184 = VECTOR('',#11185,1.);
#11185 = DIRECTION('',(0.,1.));
#11186 = ( GEOMETRIC_REPRESENTATION_CONTEXT(2) 
PARAMETRIC_REPRESENTATION_CONTEXT() REPRESENTATION_CONTEXT('2D SPACE',''
  ) );
#11187 = ORIENTED_EDGE('',*,*,#11188,.F.);
#11188 = EDGE_CURVE('',#11189,#11166,#11191,.T.);
#11189 = VERTEX_POINT('',#11190);
#11190 = CARTESIAN_POINT('',(30.267777777778,-8.2125,11.));
#11191 = SURFACE_CURVE('',#11192,(#11196,#11203),.PCURVE_S1.);
#11192 = LINE('',#11193,#11194);
#11193 = CARTESIAN_POINT('',(30.267777777778,-10.81527777777,11.));
#11194 = VECTOR('',#11195,1.);
#11195 = DIRECTION('',(-0.,1.,0.));
#11196 = PCURVE('',#3264,#11197);
#11197 = DEFINITIONAL_REPRESENTATION('',(#11198),#11202);
#11198 = LINE('',#11199,#11200);
#11199 = CARTESIAN_POINT('',(30.277777777778,1.986111111111));
#11200 = VECTOR('',#11201,1.);
#11201 = DIRECTION('',(0.,1.));
#11202 = ( GEOMETRIC_REPRESENTATION_CONTEXT(2) 
PARAMETRIC_REPRESENTATION_CONTEXT() REPRESENTATION_CONTEXT('2D SPACE',''
  ) );
#11203 = PCURVE('',#9733,#11204);
#11204 = DEFINITIONAL_REPRESENTATION('',(#11205),#11209);
#11205 = LINE('',#11206,#11207);
#11206 = CARTESIAN_POINT('',(6.,0.));
#11207 = VECTOR('',#11208,1.);
#11208 = DIRECTION('',(0.,-1.));
#11209 = ( GEOMETRIC_REPRESENTATION_CONTEXT(2) 
PARAMETRIC_REPRESENTATION_CONTEXT() REPRESENTATION_CONTEXT('2D SPACE',''
  ) );
#11210 = ORIENTED_EDGE('',*,*,#11211,.F.);
#11211 = EDGE_CURVE('',#11212,#11189,#11214,.T.);
#11212 = VERTEX_POINT('',#11213);
#11213 = CARTESIAN_POINT('',(24.212222222222,-8.2125,11.));
#11214 = SURFACE_CURVE('',#11215,(#11219,#11226),.PCURVE_S1.);
#11215 = LINE('',#11216,#11217);
#11216 = CARTESIAN_POINT('',(24.212222222222,-8.2125,11.));
#11217 = VECTOR('',#11218,1.);
#11218 = DIRECTION('',(1.,0.,-0.));
#11219 = PCURVE('',#3264,#11220);
#11220 = DEFINITIONAL_REPRESENTATION('',(#11221),#11225);
#11221 = LINE('',#11222,#11223);
#11222 = CARTESIAN_POINT('',(24.222222222222,4.588888888889));
#11223 = VECTOR('',#11224,1.);
#11224 = DIRECTION('',(1.,0.));
#11225 = ( GEOMETRIC_REPRESENTATION_CONTEXT(2) 
PARAMETRIC_REPRESENTATION_CONTEXT() REPRESENTATION_CONTEXT('2D SPACE',''
  ) );
#11226 = PCURVE('',#9705,#11227);
#11227 = DEFINITIONAL_REPRESENTATION('',(#11228),#11232);
#11228 = LINE('',#11229,#11230);
#11229 = CARTESIAN_POINT('',(6.,0.));
#11230 = VECTOR('',#11231,1.);
#11231 = DIRECTION('',(0.,1.));
#11232 = ( GEOMETRIC_REPRESENTATION_CONTEXT(2) 
PARAMETRIC_REPRESENTATION_CONTEXT() REPRESENTATION_CONTEXT('2D SPACE',''
  ) );
#11233 = ORIENTED_EDGE('',*,*,#11234,.F.);
#11234 = EDGE_CURVE('',#11235,#11212,#11237,.T.);
#11235 = VERTEX_POINT('',#11236);
#11236 = CARTESIAN_POINT('',(24.212222222222,-8.609722222222,11.));
#11237 = SURFACE_CURVE('',#11238,(#11242,#11249),.PCURVE_S1.);
#11238 = LINE('',#11239,#11240);
#11239 = CARTESIAN_POINT('',(24.212222222222,-11.2125,11.));
#11240 = VECTOR('',#11241,1.);
#11241 = DIRECTION('',(-0.,1.,0.));
#11242 = PCURVE('',#3264,#11243);
#11243 = DEFINITIONAL_REPRESENTATION('',(#11244),#11248);
#11244 = LINE('',#11245,#11246);
#11245 = CARTESIAN_POINT('',(24.222222222222,1.588888888889));
#11246 = VECTOR('',#11247,1.);
#11247 = DIRECTION('',(0.,1.));
#11248 = ( GEOMETRIC_REPRESENTATION_CONTEXT(2) 
PARAMETRIC_REPRESENTATION_CONTEXT() REPRESENTATION_CONTEXT('2D SPACE',''
  ) );
#11249 = PCURVE('',#9677,#11250);
#11250 = DEFINITIONAL_REPRESENTATION('',(#11251),#11255);
#11251 = LINE('',#11252,#11253);
#11252 = CARTESIAN_POINT('',(6.,0.));
#11253 = VECTOR('',#11254,1.);
#11254 = DIRECTION('',(0.,-1.));
#11255 = ( GEOMETRIC_REPRESENTATION_CONTEXT(2) 
PARAMETRIC_REPRESENTATION_CONTEXT() REPRESENTATION_CONTEXT('2D SPACE',''
  ) );
#11256 = ORIENTED_EDGE('',*,*,#11257,.F.);
#11257 = EDGE_CURVE('',#11258,#11235,#11260,.T.);
#11258 = VERTEX_POINT('',#11259);
#11259 = CARTESIAN_POINT('',(18.156666666667,-8.609722222222,11.));
#11260 = SURFACE_CURVE('',#11261,(#11265,#11272),.PCURVE_S1.);
#11261 = LINE('',#11262,#11263);
#11262 = CARTESIAN_POINT('',(18.156666666667,-8.609722222222,11.));
#11263 = VECTOR('',#11264,1.);
#11264 = DIRECTION('',(1.,0.,-0.));
#11265 = PCURVE('',#3264,#11266);
#11266 = DEFINITIONAL_REPRESENTATION('',(#11267),#11271);
#11267 = LINE('',#11268,#11269);
#11268 = CARTESIAN_POINT('',(18.166666666667,4.191666666667));
#11269 = VECTOR('',#11270,1.);
#11270 = DIRECTION('',(1.,0.));
#11271 = ( GEOMETRIC_REPRESENTATION_CONTEXT(2) 
PARAMETRIC_REPRESENTATION_CONTEXT() REPRESENTATION_CONTEXT('2D SPACE',''
  ) );
#11272 = PCURVE('',#9649,#11273);
#11273 = DEFINITIONAL_REPRESENTATION('',(#11274),#11278);
#11274 = LINE('',#11275,#11276);
#11275 = CARTESIAN_POINT('',(6.,0.));
#11276 = VECTOR('',#11277,1.);
#11277 = DIRECTION('',(0.,1.));
#11278 = ( GEOMETRIC_REPRESENTATION_CONTEXT(2) 
PARAMETRIC_REPRESENTATION_CONTEXT() REPRESENTATION_CONTEXT('2D SPACE',''
  ) );
#11279 = ORIENTED_EDGE('',*,*,#11280,.F.);
#11280 = EDGE_CURVE('',#11281,#11258,#11283,.T.);
#11281 = VERTEX_POINT('',#11282);
#11282 = CARTESIAN_POINT('',(18.156666666667,-9.006944444444,11.));
#11283 = SURFACE_CURVE('',#11284,(#11288,#11295),.PCURVE_S1.);
#11284 = LINE('',#11285,#11286);
#11285 = CARTESIAN_POINT('',(18.156666666667,-11.60972222222,11.));
#11286 = VECTOR('',#11287,1.);
#11287 = DIRECTION('',(-0.,1.,0.));
#11288 = PCURVE('',#3264,#11289);
#11289 = DEFINITIONAL_REPRESENTATION('',(#11290),#11294);
#11290 = LINE('',#11291,#11292);
#11291 = CARTESIAN_POINT('',(18.166666666667,1.191666666667));
#11292 = VECTOR('',#11293,1.);
#11293 = DIRECTION('',(0.,1.));
#11294 = ( GEOMETRIC_REPRESENTATION_CONTEXT(2) 
PARAMETRIC_REPRESENTATION_CONTEXT() REPRESENTATION_CONTEXT('2D SPACE',''
  ) );
#11295 = PCURVE('',#9621,#11296);
#11296 = DEFINITIONAL_REPRESENTATION('',(#11297),#11301);
#11297 = LINE('',#11298,#11299);
#11298 = CARTESIAN_POINT('',(6.,0.));
#11299 = VECTOR('',#11300,1.);
#11300 = DIRECTION('',(0.,-1.));
#11301 = ( GEOMETRIC_REPRESENTATION_CONTEXT(2) 
PARAMETRIC_REPRESENTATION_CONTEXT() REPRESENTATION_CONTEXT('2D SPACE',''
  ) );
#11302 = ORIENTED_EDGE('',*,*,#11303,.F.);
#11303 = EDGE_CURVE('',#11304,#11281,#11306,.T.);
#11304 = VERTEX_POINT('',#11305);
#11305 = CARTESIAN_POINT('',(12.101111111111,-9.006944444444,11.));
#11306 = SURFACE_CURVE('',#11307,(#11311,#11318),.PCURVE_S1.);
#11307 = LINE('',#11308,#11309);
#11308 = CARTESIAN_POINT('',(12.101111111111,-9.006944444444,11.));
#11309 = VECTOR('',#11310,1.);
#11310 = DIRECTION('',(1.,0.,-0.));
#11311 = PCURVE('',#3264,#11312);
#11312 = DEFINITIONAL_REPRESENTATION('',(#11313),#11317);
#11313 = LINE('',#11314,#11315);
#11314 = CARTESIAN_POINT('',(12.111111111111,3.794444444444));
#11315 = VECTOR('',#11316,1.);
#11316 = DIRECTION('',(1.,0.));
#11317 = ( GEOMETRIC_REPRESENTATION_CONTEXT(2) 
PARAMETRIC_REPRESENTATION_CONTEXT() REPRESENTATION_CONTEXT('2D SPACE',''
  ) );
#11318 = PCURVE('',#9593,#11319);
#11319 = DEFINITIONAL_REPRESENTATION('',(#11320),#11324);
#11320 = LINE('',#11321,#11322);
#11321 = CARTESIAN_POINT('',(6.,0.));
#11322 = VECTOR('',#11323,1.);
#11323 = DIRECTION('',(0.,1.));
#11324 = ( GEOMETRIC_REPRESENTATION_CONTEXT(2) 
PARAMETRIC_REPRESENTATION_CONTEXT() REPRESENTATION_CONTEXT('2D SPACE',''
  ) );
#11325 = ORIENTED_EDGE('',*,*,#11326,.F.);
#11326 = EDGE_CURVE('',#11327,#11304,#11329,.T.);
#11327 = VERTEX_POINT('',#11328);
#11328 = CARTESIAN_POINT('',(12.101111111111,-9.404166666667,11.));
#11329 = SURFACE_CURVE('',#11330,(#11334,#11341),.PCURVE_S1.);
#11330 = LINE('',#11331,#11332);
#11331 = CARTESIAN_POINT('',(12.101111111111,-12.00694444444,11.));
#11332 = VECTOR('',#11333,1.);
#11333 = DIRECTION('',(-0.,1.,0.));
#11334 = PCURVE('',#3264,#11335);
#11335 = DEFINITIONAL_REPRESENTATION('',(#11336),#11340);
#11336 = LINE('',#11337,#11338);
#11337 = CARTESIAN_POINT('',(12.111111111111,0.794444444444));
#11338 = VECTOR('',#11339,1.);
#11339 = DIRECTION('',(0.,1.));
#11340 = ( GEOMETRIC_REPRESENTATION_CONTEXT(2) 
PARAMETRIC_REPRESENTATION_CONTEXT() REPRESENTATION_CONTEXT('2D SPACE',''
  ) );
#11341 = PCURVE('',#9565,#11342);
#11342 = DEFINITIONAL_REPRESENTATION('',(#11343),#11347);
#11343 = LINE('',#11344,#11345);
#11344 = CARTESIAN_POINT('',(6.,0.));
#11345 = VECTOR('',#11346,1.);
#11346 = DIRECTION('',(0.,-1.));
#11347 = ( GEOMETRIC_REPRESENTATION_CONTEXT(2) 
PARAMETRIC_REPRESENTATION_CONTEXT() REPRESENTATION_CONTEXT('2D SPACE',''
  ) );
#11348 = ORIENTED_EDGE('',*,*,#11349,.F.);
#11349 = EDGE_CURVE('',#11350,#11327,#11352,.T.);
#11350 = VERTEX_POINT('',#11351);
#11351 = CARTESIAN_POINT('',(6.045555555556,-9.404166666667,11.));
#11352 = SURFACE_CURVE('',#11353,(#11357,#11364),.PCURVE_S1.);
#11353 = LINE('',#11354,#11355);
#11354 = CARTESIAN_POINT('',(6.045555555556,-9.404166666667,11.));
#11355 = VECTOR('',#11356,1.);
#11356 = DIRECTION('',(1.,0.,-0.));
#11357 = PCURVE('',#3264,#11358);
#11358 = DEFINITIONAL_REPRESENTATION('',(#11359),#11363);
#11359 = LINE('',#11360,#11361);
#11360 = CARTESIAN_POINT('',(6.055555555556,3.397222222222));
#11361 = VECTOR('',#11362,1.);
#11362 = DIRECTION('',(1.,0.));
#11363 = ( GEOMETRIC_REPRESENTATION_CONTEXT(2) 
PARAMETRIC_REPRESENTATION_CONTEXT() REPRESENTATION_CONTEXT('2D SPACE',''
  ) );
#11364 = PCURVE('',#9537,#11365);
#11365 = DEFINITIONAL_REPRESENTATION('',(#11366),#11370);
#11366 = LINE('',#11367,#11368);
#11367 = CARTESIAN_POINT('',(6.,0.));
#11368 = VECTOR('',#11369,1.);
#11369 = DIRECTION('',(0.,1.));
#11370 = ( GEOMETRIC_REPRESENTATION_CONTEXT(2) 
PARAMETRIC_REPRESENTATION_CONTEXT() REPRESENTATION_CONTEXT('2D SPACE',''
  ) );
#11371 = ORIENTED_EDGE('',*,*,#11372,.F.);
#11372 = EDGE_CURVE('',#10509,#11350,#11373,.T.);
#11373 = SURFACE_CURVE('',#11374,(#11378,#11385),.PCURVE_S1.);
#11374 = LINE('',#11375,#11376);
#11375 = CARTESIAN_POINT('',(6.045555555556,-12.40416666666,11.));
#11376 = VECTOR('',#11377,1.);
#11377 = DIRECTION('',(-0.,1.,0.));
#11378 = PCURVE('',#3264,#11379);
#11379 = DEFINITIONAL_REPRESENTATION('',(#11380),#11384);
#11380 = LINE('',#11381,#11382);
#11381 = CARTESIAN_POINT('',(6.055555555556,0.397222222222));
#11382 = VECTOR('',#11383,1.);
#11383 = DIRECTION('',(0.,1.));
#11384 = ( GEOMETRIC_REPRESENTATION_CONTEXT(2) 
PARAMETRIC_REPRESENTATION_CONTEXT() REPRESENTATION_CONTEXT('2D SPACE',''
  ) );
#11385 = PCURVE('',#9509,#11386);
#11386 = DEFINITIONAL_REPRESENTATION('',(#11387),#11391);
#11387 = LINE('',#11388,#11389);
#11388 = CARTESIAN_POINT('',(6.,0.));
#11389 = VECTOR('',#11390,1.);
#11390 = DIRECTION('',(0.,-1.));
#11391 = ( GEOMETRIC_REPRESENTATION_CONTEXT(2) 
PARAMETRIC_REPRESENTATION_CONTEXT() REPRESENTATION_CONTEXT('2D SPACE',''
  ) );
#11392 = ADVANCED_FACE('',(#11393),#6035,.T.);
#11393 = FACE_BOUND('',#11394,.T.);
#11394 = EDGE_LOOP('',(#11395,#11396,#11397,#11398,#11399));
#11395 = ORIENTED_EDGE('',*,*,#6022,.T.);
#11396 = ORIENTED_EDGE('',*,*,#8640,.T.);
#11397 = ORIENTED_EDGE('',*,*,#6343,.F.);
#11398 = ORIENTED_EDGE('',*,*,#6173,.F.);
#11399 = ORIENTED_EDGE('',*,*,#6099,.F.);
#11400 = ADVANCED_FACE('',(#11401),#5988,.T.);
#11401 = FACE_BOUND('',#11402,.T.);
#11402 = EDGE_LOOP('',(#11403,#11404,#11405,#11406));
#11403 = ORIENTED_EDGE('',*,*,#8667,.F.);
#11404 = ORIENTED_EDGE('',*,*,#5972,.T.);
#11405 = ORIENTED_EDGE('',*,*,#8537,.F.);
#11406 = ORIENTED_EDGE('',*,*,#11407,.F.);
#11407 = EDGE_CURVE('',#8668,#8510,#11408,.T.);
#11408 = SURFACE_CURVE('',#11409,(#11413,#11420),.PCURVE_S1.);
#11409 = LINE('',#11410,#11411);
#11410 = CARTESIAN_POINT('',(109.01,4.952908107391,5.));
#11411 = VECTOR('',#11412,1.);
#11412 = DIRECTION('',(0.,0.,1.));
#11413 = PCURVE('',#5988,#11414);
#11414 = DEFINITIONAL_REPRESENTATION('',(#11415),#11419);
#11415 = LINE('',#11416,#11417);
#11416 = CARTESIAN_POINT('',(5.,-12.90581621478));
#11417 = VECTOR('',#11418,1.);
#11418 = DIRECTION('',(1.,0.));
#11419 = ( GEOMETRIC_REPRESENTATION_CONTEXT(2) 
PARAMETRIC_REPRESENTATION_CONTEXT() REPRESENTATION_CONTEXT('2D SPACE',''
  ) );
#11420 = PCURVE('',#8525,#11421);
#11421 = DEFINITIONAL_REPRESENTATION('',(#11422),#11426);
#11422 = LINE('',#11423,#11424);
#11423 = CARTESIAN_POINT('',(0.,6.075555555556));
#11424 = VECTOR('',#11425,1.);
#11425 = DIRECTION('',(1.,0.));
#11426 = ( GEOMETRIC_REPRESENTATION_CONTEXT(2) 
PARAMETRIC_REPRESENTATION_CONTEXT() REPRESENTATION_CONTEXT('2D SPACE',''
  ) );
#11427 = ADVANCED_FACE('',(#11428),#6160,.F.);
#11428 = FACE_BOUND('',#11429,.T.);
#11429 = EDGE_LOOP('',(#11430));
#11430 = ORIENTED_EDGE('',*,*,#6145,.F.);
#11431 = ADVANCED_FACE('',(#11432),#6309,.T.);
#11432 = FACE_BOUND('',#11433,.T.);
#11433 = EDGE_LOOP('',(#11434,#11435,#11436,#11457));
#11434 = ORIENTED_EDGE('',*,*,#6293,.F.);
#11435 = ORIENTED_EDGE('',*,*,#10442,.F.);
#11436 = ORIENTED_EDGE('',*,*,#11437,.T.);
#11437 = EDGE_CURVE('',#10415,#10591,#11438,.T.);
#11438 = SURFACE_CURVE('',#11439,(#11443,#11450),.PCURVE_S1.);
#11439 = LINE('',#11440,#11441);
#11440 = CARTESIAN_POINT('',(109.01,-4.952908107391,5.));
#11441 = VECTOR('',#11442,1.);
#11442 = DIRECTION('',(0.,0.,1.));
#11443 = PCURVE('',#6309,#11444);
#11444 = DEFINITIONAL_REPRESENTATION('',(#11445),#11449);
#11445 = LINE('',#11446,#11447);
#11446 = CARTESIAN_POINT('',(5.,-3.));
#11447 = VECTOR('',#11448,1.);
#11448 = DIRECTION('',(1.,0.));
#11449 = ( GEOMETRIC_REPRESENTATION_CONTEXT(2) 
PARAMETRIC_REPRESENTATION_CONTEXT() REPRESENTATION_CONTEXT('2D SPACE',''
  ) );
#11450 = PCURVE('',#10430,#11451);
#11451 = DEFINITIONAL_REPRESENTATION('',(#11452),#11456);
#11452 = LINE('',#11453,#11454);
#11453 = CARTESIAN_POINT('',(0.,6.075555555556));
#11454 = VECTOR('',#11455,1.);
#11455 = DIRECTION('',(1.,0.));
#11456 = ( GEOMETRIC_REPRESENTATION_CONTEXT(2) 
PARAMETRIC_REPRESENTATION_CONTEXT() REPRESENTATION_CONTEXT('2D SPACE',''
  ) );
#11457 = ORIENTED_EDGE('',*,*,#10590,.F.);
#11458 = ADVANCED_FACE('',(#11459),#7601,.F.);
#11459 = FACE_BOUND('',#11460,.F.);
#11460 = EDGE_LOOP('',(#11461,#11462,#11483,#11484));
#11461 = ORIENTED_EDGE('',*,*,#7585,.F.);
#11462 = ORIENTED_EDGE('',*,*,#11463,.F.);
#11463 = EDGE_CURVE('',#9423,#7586,#11464,.T.);
#11464 = SURFACE_CURVE('',#11465,(#11469,#11476),.PCURVE_S1.);
#11465 = LINE('',#11466,#11467);
#11466 = CARTESIAN_POINT('',(6.045555555556,9.404166666667,5.));
#11467 = VECTOR('',#11468,1.);
#11468 = DIRECTION('',(0.,0.,1.));
#11469 = PCURVE('',#7601,#11470);
#11470 = DEFINITIONAL_REPRESENTATION('',(#11471),#11475);
#11471 = LINE('',#11472,#11473);
#11472 = CARTESIAN_POINT('',(0.,0.));
#11473 = VECTOR('',#11474,1.);
#11474 = DIRECTION('',(1.,0.));
#11475 = ( GEOMETRIC_REPRESENTATION_CONTEXT(2) 
PARAMETRIC_REPRESENTATION_CONTEXT() REPRESENTATION_CONTEXT('2D SPACE',''
  ) );
#11476 = PCURVE('',#7629,#11477);
#11477 = DEFINITIONAL_REPRESENTATION('',(#11478),#11482);
#11478 = LINE('',#11479,#11480);
#11479 = CARTESIAN_POINT('',(0.,0.));
#11480 = VECTOR('',#11481,1.);
#11481 = DIRECTION('',(1.,0.));
#11482 = ( GEOMETRIC_REPRESENTATION_CONTEXT(2) 
PARAMETRIC_REPRESENTATION_CONTEXT() REPRESENTATION_CONTEXT('2D SPACE',''
  ) );
#11483 = ORIENTED_EDGE('',*,*,#9445,.T.);
#11484 = ORIENTED_EDGE('',*,*,#8593,.F.);
#11485 = ADVANCED_FACE('',(#11486),#7629,.F.);
#11486 = FACE_BOUND('',#11487,.F.);
#11487 = EDGE_LOOP('',(#11488,#11507,#11508,#11509));
#11488 = ORIENTED_EDGE('',*,*,#11489,.T.);
#11489 = EDGE_CURVE('',#7614,#9400,#11490,.T.);
#11490 = SURFACE_CURVE('',#11491,(#11495,#11501),.PCURVE_S1.);
#11491 = LINE('',#11492,#11493);
#11492 = CARTESIAN_POINT('',(12.101111111111,9.404166666667,5.));
#11493 = VECTOR('',#11494,1.);
#11494 = DIRECTION('',(-0.,0.,-1.));
#11495 = PCURVE('',#7629,#11496);
#11496 = DEFINITIONAL_REPRESENTATION('',(#11497),#11500);
#11497 = B_SPLINE_CURVE_WITH_KNOTS('',1,(#11498,#11499),.UNSPECIFIED.,
  .F.,.F.,(2,2),(-6.,-0.),.PIECEWISE_BEZIER_KNOTS.);
#11498 = CARTESIAN_POINT('',(6.,6.055555555556));
#11499 = CARTESIAN_POINT('',(0.,6.055555555556));
#11500 = ( GEOMETRIC_REPRESENTATION_CONTEXT(2) 
PARAMETRIC_REPRESENTATION_CONTEXT() REPRESENTATION_CONTEXT('2D SPACE',''
  ) );
#11501 = PCURVE('',#7657,#11502);
#11502 = DEFINITIONAL_REPRESENTATION('',(#11503),#11506);
#11503 = B_SPLINE_CURVE_WITH_KNOTS('',1,(#11504,#11505),.UNSPECIFIED.,
  .F.,.F.,(2,2),(-6.,-0.),.PIECEWISE_BEZIER_KNOTS.);
#11504 = CARTESIAN_POINT('',(6.,-0.397222222222));
#11505 = CARTESIAN_POINT('',(0.,-0.397222222222));
#11506 = ( GEOMETRIC_REPRESENTATION_CONTEXT(2) 
PARAMETRIC_REPRESENTATION_CONTEXT() REPRESENTATION_CONTEXT('2D SPACE',''
  ) );
#11507 = ORIENTED_EDGE('',*,*,#9422,.T.);
#11508 = ORIENTED_EDGE('',*,*,#11463,.T.);
#11509 = ORIENTED_EDGE('',*,*,#7613,.T.);
#11510 = ADVANCED_FACE('',(#11511),#7657,.F.);
#11511 = FACE_BOUND('',#11512,.F.);
#11512 = EDGE_LOOP('',(#11513,#11514,#11535,#11536));
#11513 = ORIENTED_EDGE('',*,*,#7641,.F.);
#11514 = ORIENTED_EDGE('',*,*,#11515,.F.);
#11515 = EDGE_CURVE('',#9377,#7642,#11516,.T.);
#11516 = SURFACE_CURVE('',#11517,(#11521,#11528),.PCURVE_S1.);
#11517 = LINE('',#11518,#11519);
#11518 = CARTESIAN_POINT('',(12.101111111111,9.006944444444,5.));
#11519 = VECTOR('',#11520,1.);
#11520 = DIRECTION('',(0.,0.,1.));
#11521 = PCURVE('',#7657,#11522);
#11522 = DEFINITIONAL_REPRESENTATION('',(#11523),#11527);
#11523 = LINE('',#11524,#11525);
#11524 = CARTESIAN_POINT('',(0.,0.));
#11525 = VECTOR('',#11526,1.);
#11526 = DIRECTION('',(1.,0.));
#11527 = ( GEOMETRIC_REPRESENTATION_CONTEXT(2) 
PARAMETRIC_REPRESENTATION_CONTEXT() REPRESENTATION_CONTEXT('2D SPACE',''
  ) );
#11528 = PCURVE('',#7685,#11529);
#11529 = DEFINITIONAL_REPRESENTATION('',(#11530),#11534);
#11530 = LINE('',#11531,#11532);
#11531 = CARTESIAN_POINT('',(0.,0.));
#11532 = VECTOR('',#11533,1.);
#11533 = DIRECTION('',(1.,0.));
#11534 = ( GEOMETRIC_REPRESENTATION_CONTEXT(2) 
PARAMETRIC_REPRESENTATION_CONTEXT() REPRESENTATION_CONTEXT('2D SPACE',''
  ) );
#11535 = ORIENTED_EDGE('',*,*,#9399,.T.);
#11536 = ORIENTED_EDGE('',*,*,#11489,.F.);
#11537 = ADVANCED_FACE('',(#11538),#7685,.F.);
#11538 = FACE_BOUND('',#11539,.F.);
#11539 = EDGE_LOOP('',(#11540,#11559,#11560,#11561));
#11540 = ORIENTED_EDGE('',*,*,#11541,.T.);
#11541 = EDGE_CURVE('',#7670,#9354,#11542,.T.);
#11542 = SURFACE_CURVE('',#11543,(#11547,#11553),.PCURVE_S1.);
#11543 = LINE('',#11544,#11545);
#11544 = CARTESIAN_POINT('',(18.156666666667,9.006944444444,5.));
#11545 = VECTOR('',#11546,1.);
#11546 = DIRECTION('',(-0.,0.,-1.));
#11547 = PCURVE('',#7685,#11548);
#11548 = DEFINITIONAL_REPRESENTATION('',(#11549),#11552);
#11549 = B_SPLINE_CURVE_WITH_KNOTS('',1,(#11550,#11551),.UNSPECIFIED.,
  .F.,.F.,(2,2),(-6.,-0.),.PIECEWISE_BEZIER_KNOTS.);
#11550 = CARTESIAN_POINT('',(6.,6.055555555556));
#11551 = CARTESIAN_POINT('',(0.,6.055555555556));
#11552 = ( GEOMETRIC_REPRESENTATION_CONTEXT(2) 
PARAMETRIC_REPRESENTATION_CONTEXT() REPRESENTATION_CONTEXT('2D SPACE',''
  ) );
#11553 = PCURVE('',#7713,#11554);
#11554 = DEFINITIONAL_REPRESENTATION('',(#11555),#11558);
#11555 = B_SPLINE_CURVE_WITH_KNOTS('',1,(#11556,#11557),.UNSPECIFIED.,
  .F.,.F.,(2,2),(-6.,-0.),.PIECEWISE_BEZIER_KNOTS.);
#11556 = CARTESIAN_POINT('',(6.,-0.397222222222));
#11557 = CARTESIAN_POINT('',(0.,-0.397222222222));
#11558 = ( GEOMETRIC_REPRESENTATION_CONTEXT(2) 
PARAMETRIC_REPRESENTATION_CONTEXT() REPRESENTATION_CONTEXT('2D SPACE',''
  ) );
#11559 = ORIENTED_EDGE('',*,*,#9376,.T.);
#11560 = ORIENTED_EDGE('',*,*,#11515,.T.);
#11561 = ORIENTED_EDGE('',*,*,#7669,.T.);
#11562 = ADVANCED_FACE('',(#11563),#7713,.F.);
#11563 = FACE_BOUND('',#11564,.F.);
#11564 = EDGE_LOOP('',(#11565,#11566,#11587,#11588));
#11565 = ORIENTED_EDGE('',*,*,#7697,.F.);
#11566 = ORIENTED_EDGE('',*,*,#11567,.F.);
#11567 = EDGE_CURVE('',#9331,#7698,#11568,.T.);
#11568 = SURFACE_CURVE('',#11569,(#11573,#11580),.PCURVE_S1.);
#11569 = LINE('',#11570,#11571);
#11570 = CARTESIAN_POINT('',(18.156666666667,8.609722222222,5.));
#11571 = VECTOR('',#11572,1.);
#11572 = DIRECTION('',(0.,0.,1.));
#11573 = PCURVE('',#7713,#11574);
#11574 = DEFINITIONAL_REPRESENTATION('',(#11575),#11579);
#11575 = LINE('',#11576,#11577);
#11576 = CARTESIAN_POINT('',(0.,0.));
#11577 = VECTOR('',#11578,1.);
#11578 = DIRECTION('',(1.,0.));
#11579 = ( GEOMETRIC_REPRESENTATION_CONTEXT(2) 
PARAMETRIC_REPRESENTATION_CONTEXT() REPRESENTATION_CONTEXT('2D SPACE',''
  ) );
#11580 = PCURVE('',#7741,#11581);
#11581 = DEFINITIONAL_REPRESENTATION('',(#11582),#11586);
#11582 = LINE('',#11583,#11584);
#11583 = CARTESIAN_POINT('',(0.,0.));
#11584 = VECTOR('',#11585,1.);
#11585 = DIRECTION('',(1.,0.));
#11586 = ( GEOMETRIC_REPRESENTATION_CONTEXT(2) 
PARAMETRIC_REPRESENTATION_CONTEXT() REPRESENTATION_CONTEXT('2D SPACE',''
  ) );
#11587 = ORIENTED_EDGE('',*,*,#9353,.T.);
#11588 = ORIENTED_EDGE('',*,*,#11541,.F.);
#11589 = ADVANCED_FACE('',(#11590),#7741,.F.);
#11590 = FACE_BOUND('',#11591,.F.);
#11591 = EDGE_LOOP('',(#11592,#11611,#11612,#11613));
#11592 = ORIENTED_EDGE('',*,*,#11593,.T.);
#11593 = EDGE_CURVE('',#7726,#9308,#11594,.T.);
#11594 = SURFACE_CURVE('',#11595,(#11599,#11605),.PCURVE_S1.);
#11595 = LINE('',#11596,#11597);
#11596 = CARTESIAN_POINT('',(24.212222222222,8.609722222222,5.));
#11597 = VECTOR('',#11598,1.);
#11598 = DIRECTION('',(-0.,0.,-1.));
#11599 = PCURVE('',#7741,#11600);
#11600 = DEFINITIONAL_REPRESENTATION('',(#11601),#11604);
#11601 = B_SPLINE_CURVE_WITH_KNOTS('',1,(#11602,#11603),.UNSPECIFIED.,
  .F.,.F.,(2,2),(-6.,-0.),.PIECEWISE_BEZIER_KNOTS.);
#11602 = CARTESIAN_POINT('',(6.,6.055555555556));
#11603 = CARTESIAN_POINT('',(0.,6.055555555556));
#11604 = ( GEOMETRIC_REPRESENTATION_CONTEXT(2) 
PARAMETRIC_REPRESENTATION_CONTEXT() REPRESENTATION_CONTEXT('2D SPACE',''
  ) );
#11605 = PCURVE('',#7769,#11606);
#11606 = DEFINITIONAL_REPRESENTATION('',(#11607),#11610);
#11607 = B_SPLINE_CURVE_WITH_KNOTS('',1,(#11608,#11609),.UNSPECIFIED.,
  .F.,.F.,(2,2),(-6.,-0.),.PIECEWISE_BEZIER_KNOTS.);
#11608 = CARTESIAN_POINT('',(6.,-0.397222222222));
#11609 = CARTESIAN_POINT('',(0.,-0.397222222222));
#11610 = ( GEOMETRIC_REPRESENTATION_CONTEXT(2) 
PARAMETRIC_REPRESENTATION_CONTEXT() REPRESENTATION_CONTEXT('2D SPACE',''
  ) );
#11611 = ORIENTED_EDGE('',*,*,#9330,.T.);
#11612 = ORIENTED_EDGE('',*,*,#11567,.T.);
#11613 = ORIENTED_EDGE('',*,*,#7725,.T.);
#11614 = ADVANCED_FACE('',(#11615),#7769,.F.);
#11615 = FACE_BOUND('',#11616,.F.);
#11616 = EDGE_LOOP('',(#11617,#11618,#11639,#11640));
#11617 = ORIENTED_EDGE('',*,*,#7753,.F.);
#11618 = ORIENTED_EDGE('',*,*,#11619,.F.);
#11619 = EDGE_CURVE('',#9285,#7754,#11620,.T.);
#11620 = SURFACE_CURVE('',#11621,(#11625,#11632),.PCURVE_S1.);
#11621 = LINE('',#11622,#11623);
#11622 = CARTESIAN_POINT('',(24.212222222222,8.2125,5.));
#11623 = VECTOR('',#11624,1.);
#11624 = DIRECTION('',(0.,0.,1.));
#11625 = PCURVE('',#7769,#11626);
#11626 = DEFINITIONAL_REPRESENTATION('',(#11627),#11631);
#11627 = LINE('',#11628,#11629);
#11628 = CARTESIAN_POINT('',(0.,0.));
#11629 = VECTOR('',#11630,1.);
#11630 = DIRECTION('',(1.,0.));
#11631 = ( GEOMETRIC_REPRESENTATION_CONTEXT(2) 
PARAMETRIC_REPRESENTATION_CONTEXT() REPRESENTATION_CONTEXT('2D SPACE',''
  ) );
#11632 = PCURVE('',#7797,#11633);
#11633 = DEFINITIONAL_REPRESENTATION('',(#11634),#11638);
#11634 = LINE('',#11635,#11636);
#11635 = CARTESIAN_POINT('',(0.,0.));
#11636 = VECTOR('',#11637,1.);
#11637 = DIRECTION('',(1.,0.));
#11638 = ( GEOMETRIC_REPRESENTATION_CONTEXT(2) 
PARAMETRIC_REPRESENTATION_CONTEXT() REPRESENTATION_CONTEXT('2D SPACE',''
  ) );
#11639 = ORIENTED_EDGE('',*,*,#9307,.T.);
#11640 = ORIENTED_EDGE('',*,*,#11593,.F.);
#11641 = ADVANCED_FACE('',(#11642),#7797,.F.);
#11642 = FACE_BOUND('',#11643,.F.);
#11643 = EDGE_LOOP('',(#11644,#11663,#11664,#11665));
#11644 = ORIENTED_EDGE('',*,*,#11645,.T.);
#11645 = EDGE_CURVE('',#7782,#9262,#11646,.T.);
#11646 = SURFACE_CURVE('',#11647,(#11651,#11657),.PCURVE_S1.);
#11647 = LINE('',#11648,#11649);
#11648 = CARTESIAN_POINT('',(30.267777777778,8.2125,5.));
#11649 = VECTOR('',#11650,1.);
#11650 = DIRECTION('',(-0.,0.,-1.));
#11651 = PCURVE('',#7797,#11652);
#11652 = DEFINITIONAL_REPRESENTATION('',(#11653),#11656);
#11653 = B_SPLINE_CURVE_WITH_KNOTS('',1,(#11654,#11655),.UNSPECIFIED.,
  .F.,.F.,(2,2),(-6.,-0.),.PIECEWISE_BEZIER_KNOTS.);
#11654 = CARTESIAN_POINT('',(6.,6.055555555556));
#11655 = CARTESIAN_POINT('',(0.,6.055555555556));
#11656 = ( GEOMETRIC_REPRESENTATION_CONTEXT(2) 
PARAMETRIC_REPRESENTATION_CONTEXT() REPRESENTATION_CONTEXT('2D SPACE',''
  ) );
#11657 = PCURVE('',#7825,#11658);
#11658 = DEFINITIONAL_REPRESENTATION('',(#11659),#11662);
#11659 = B_SPLINE_CURVE_WITH_KNOTS('',1,(#11660,#11661),.UNSPECIFIED.,
  .F.,.F.,(2,2),(-6.,-0.),.PIECEWISE_BEZIER_KNOTS.);
#11660 = CARTESIAN_POINT('',(6.,-0.397222222222));
#11661 = CARTESIAN_POINT('',(0.,-0.397222222222));
#11662 = ( GEOMETRIC_REPRESENTATION_CONTEXT(2) 
PARAMETRIC_REPRESENTATION_CONTEXT() REPRESENTATION_CONTEXT('2D SPACE',''
  ) );
#11663 = ORIENTED_EDGE('',*,*,#9284,.T.);
#11664 = ORIENTED_EDGE('',*,*,#11619,.T.);
#11665 = ORIENTED_EDGE('',*,*,#7781,.T.);
#11666 = ADVANCED_FACE('',(#11667),#7825,.F.);
#11667 = FACE_BOUND('',#11668,.F.);
#11668 = EDGE_LOOP('',(#11669,#11670,#11691,#11692));
#11669 = ORIENTED_EDGE('',*,*,#7809,.F.);
#11670 = ORIENTED_EDGE('',*,*,#11671,.F.);
#11671 = EDGE_CURVE('',#9239,#7810,#11672,.T.);
#11672 = SURFACE_CURVE('',#11673,(#11677,#11684),.PCURVE_S1.);
#11673 = LINE('',#11674,#11675);
#11674 = CARTESIAN_POINT('',(30.267777777778,7.815277777778,5.));
#11675 = VECTOR('',#11676,1.);
#11676 = DIRECTION('',(0.,0.,1.));
#11677 = PCURVE('',#7825,#11678);
#11678 = DEFINITIONAL_REPRESENTATION('',(#11679),#11683);
#11679 = LINE('',#11680,#11681);
#11680 = CARTESIAN_POINT('',(0.,0.));
#11681 = VECTOR('',#11682,1.);
#11682 = DIRECTION('',(1.,0.));
#11683 = ( GEOMETRIC_REPRESENTATION_CONTEXT(2) 
PARAMETRIC_REPRESENTATION_CONTEXT() REPRESENTATION_CONTEXT('2D SPACE',''
  ) );
#11684 = PCURVE('',#7853,#11685);
#11685 = DEFINITIONAL_REPRESENTATION('',(#11686),#11690);
#11686 = LINE('',#11687,#11688);
#11687 = CARTESIAN_POINT('',(0.,0.));
#11688 = VECTOR('',#11689,1.);
#11689 = DIRECTION('',(1.,0.));
#11690 = ( GEOMETRIC_REPRESENTATION_CONTEXT(2) 
PARAMETRIC_REPRESENTATION_CONTEXT() REPRESENTATION_CONTEXT('2D SPACE',''
  ) );
#11691 = ORIENTED_EDGE('',*,*,#9261,.T.);
#11692 = ORIENTED_EDGE('',*,*,#11645,.F.);
#11693 = ADVANCED_FACE('',(#11694),#7853,.F.);
#11694 = FACE_BOUND('',#11695,.F.);
#11695 = EDGE_LOOP('',(#11696,#11715,#11716,#11717));
#11696 = ORIENTED_EDGE('',*,*,#11697,.T.);
#11697 = EDGE_CURVE('',#7838,#9216,#11698,.T.);
#11698 = SURFACE_CURVE('',#11699,(#11703,#11709),.PCURVE_S1.);
#11699 = LINE('',#11700,#11701);
#11700 = CARTESIAN_POINT('',(36.323333333333,7.815277777778,5.));
#11701 = VECTOR('',#11702,1.);
#11702 = DIRECTION('',(-0.,0.,-1.));
#11703 = PCURVE('',#7853,#11704);
#11704 = DEFINITIONAL_REPRESENTATION('',(#11705),#11708);
#11705 = B_SPLINE_CURVE_WITH_KNOTS('',1,(#11706,#11707),.UNSPECIFIED.,
  .F.,.F.,(2,2),(-6.,-0.),.PIECEWISE_BEZIER_KNOTS.);
#11706 = CARTESIAN_POINT('',(6.,6.055555555556));
#11707 = CARTESIAN_POINT('',(0.,6.055555555556));
#11708 = ( GEOMETRIC_REPRESENTATION_CONTEXT(2) 
PARAMETRIC_REPRESENTATION_CONTEXT() REPRESENTATION_CONTEXT('2D SPACE',''
  ) );
#11709 = PCURVE('',#7881,#11710);
#11710 = DEFINITIONAL_REPRESENTATION('',(#11711),#11714);
#11711 = B_SPLINE_CURVE_WITH_KNOTS('',1,(#11712,#11713),.UNSPECIFIED.,
  .F.,.F.,(2,2),(-6.,-0.),.PIECEWISE_BEZIER_KNOTS.);
#11712 = CARTESIAN_POINT('',(6.,-0.397222222222));
#11713 = CARTESIAN_POINT('',(0.,-0.397222222222));
#11714 = ( GEOMETRIC_REPRESENTATION_CONTEXT(2) 
PARAMETRIC_REPRESENTATION_CONTEXT() REPRESENTATION_CONTEXT('2D SPACE',''
  ) );
#11715 = ORIENTED_EDGE('',*,*,#9238,.T.);
#11716 = ORIENTED_EDGE('',*,*,#11671,.T.);
#11717 = ORIENTED_EDGE('',*,*,#7837,.T.);
#11718 = ADVANCED_FACE('',(#11719),#7881,.F.);
#11719 = FACE_BOUND('',#11720,.F.);
#11720 = EDGE_LOOP('',(#11721,#11722,#11743,#11744));
#11721 = ORIENTED_EDGE('',*,*,#7865,.F.);
#11722 = ORIENTED_EDGE('',*,*,#11723,.F.);
#11723 = EDGE_CURVE('',#9193,#7866,#11724,.T.);
#11724 = SURFACE_CURVE('',#11725,(#11729,#11736),.PCURVE_S1.);
#11725 = LINE('',#11726,#11727);
#11726 = CARTESIAN_POINT('',(36.323333333333,7.418055555556,5.));
#11727 = VECTOR('',#11728,1.);
#11728 = DIRECTION('',(0.,0.,1.));
#11729 = PCURVE('',#7881,#11730);
#11730 = DEFINITIONAL_REPRESENTATION('',(#11731),#11735);
#11731 = LINE('',#11732,#11733);
#11732 = CARTESIAN_POINT('',(0.,0.));
#11733 = VECTOR('',#11734,1.);
#11734 = DIRECTION('',(1.,0.));
#11735 = ( GEOMETRIC_REPRESENTATION_CONTEXT(2) 
PARAMETRIC_REPRESENTATION_CONTEXT() REPRESENTATION_CONTEXT('2D SPACE',''
  ) );
#11736 = PCURVE('',#7909,#11737);
#11737 = DEFINITIONAL_REPRESENTATION('',(#11738),#11742);
#11738 = LINE('',#11739,#11740);
#11739 = CARTESIAN_POINT('',(0.,0.));
#11740 = VECTOR('',#11741,1.);
#11741 = DIRECTION('',(1.,0.));
#11742 = ( GEOMETRIC_REPRESENTATION_CONTEXT(2) 
PARAMETRIC_REPRESENTATION_CONTEXT() REPRESENTATION_CONTEXT('2D SPACE',''
  ) );
#11743 = ORIENTED_EDGE('',*,*,#9215,.T.);
#11744 = ORIENTED_EDGE('',*,*,#11697,.F.);
#11745 = ADVANCED_FACE('',(#11746),#7909,.F.);
#11746 = FACE_BOUND('',#11747,.F.);
#11747 = EDGE_LOOP('',(#11748,#11767,#11768,#11769));
#11748 = ORIENTED_EDGE('',*,*,#11749,.T.);
#11749 = EDGE_CURVE('',#7894,#9170,#11750,.T.);
#11750 = SURFACE_CURVE('',#11751,(#11755,#11761),.PCURVE_S1.);
#11751 = LINE('',#11752,#11753);
#11752 = CARTESIAN_POINT('',(42.378888888889,7.418055555556,5.));
#11753 = VECTOR('',#11754,1.);
#11754 = DIRECTION('',(-0.,0.,-1.));
#11755 = PCURVE('',#7909,#11756);
#11756 = DEFINITIONAL_REPRESENTATION('',(#11757),#11760);
#11757 = B_SPLINE_CURVE_WITH_KNOTS('',1,(#11758,#11759),.UNSPECIFIED.,
  .F.,.F.,(2,2),(-6.,-0.),.PIECEWISE_BEZIER_KNOTS.);
#11758 = CARTESIAN_POINT('',(6.,6.055555555556));
#11759 = CARTESIAN_POINT('',(0.,6.055555555556));
#11760 = ( GEOMETRIC_REPRESENTATION_CONTEXT(2) 
PARAMETRIC_REPRESENTATION_CONTEXT() REPRESENTATION_CONTEXT('2D SPACE',''
  ) );
#11761 = PCURVE('',#7937,#11762);
#11762 = DEFINITIONAL_REPRESENTATION('',(#11763),#11766);
#11763 = B_SPLINE_CURVE_WITH_KNOTS('',1,(#11764,#11765),.UNSPECIFIED.,
  .F.,.F.,(2,2),(-6.,-0.),.PIECEWISE_BEZIER_KNOTS.);
#11764 = CARTESIAN_POINT('',(6.,-0.397222222222));
#11765 = CARTESIAN_POINT('',(0.,-0.397222222222));
#11766 = ( GEOMETRIC_REPRESENTATION_CONTEXT(2) 
PARAMETRIC_REPRESENTATION_CONTEXT() REPRESENTATION_CONTEXT('2D SPACE',''
  ) );
#11767 = ORIENTED_EDGE('',*,*,#9192,.T.);
#11768 = ORIENTED_EDGE('',*,*,#11723,.T.);
#11769 = ORIENTED_EDGE('',*,*,#7893,.T.);
#11770 = ADVANCED_FACE('',(#11771),#7937,.F.);
#11771 = FACE_BOUND('',#11772,.F.);
#11772 = EDGE_LOOP('',(#11773,#11774,#11795,#11796));
#11773 = ORIENTED_EDGE('',*,*,#7921,.F.);
#11774 = ORIENTED_EDGE('',*,*,#11775,.F.);
#11775 = EDGE_CURVE('',#9147,#7922,#11776,.T.);
#11776 = SURFACE_CURVE('',#11777,(#11781,#11788),.PCURVE_S1.);
#11777 = LINE('',#11778,#11779);
#11778 = CARTESIAN_POINT('',(42.378888888889,7.020833333333,5.));
#11779 = VECTOR('',#11780,1.);
#11780 = DIRECTION('',(0.,0.,1.));
#11781 = PCURVE('',#7937,#11782);
#11782 = DEFINITIONAL_REPRESENTATION('',(#11783),#11787);
#11783 = LINE('',#11784,#11785);
#11784 = CARTESIAN_POINT('',(0.,0.));
#11785 = VECTOR('',#11786,1.);
#11786 = DIRECTION('',(1.,0.));
#11787 = ( GEOMETRIC_REPRESENTATION_CONTEXT(2) 
PARAMETRIC_REPRESENTATION_CONTEXT() REPRESENTATION_CONTEXT('2D SPACE',''
  ) );
#11788 = PCURVE('',#7965,#11789);
#11789 = DEFINITIONAL_REPRESENTATION('',(#11790),#11794);
#11790 = LINE('',#11791,#11792);
#11791 = CARTESIAN_POINT('',(0.,0.));
#11792 = VECTOR('',#11793,1.);
#11793 = DIRECTION('',(1.,0.));
#11794 = ( GEOMETRIC_REPRESENTATION_CONTEXT(2) 
PARAMETRIC_REPRESENTATION_CONTEXT() REPRESENTATION_CONTEXT('2D SPACE',''
  ) );
#11795 = ORIENTED_EDGE('',*,*,#9169,.T.);
#11796 = ORIENTED_EDGE('',*,*,#11749,.F.);
#11797 = ADVANCED_FACE('',(#11798),#7965,.F.);
#11798 = FACE_BOUND('',#11799,.F.);
#11799 = EDGE_LOOP('',(#11800,#11819,#11820,#11821));
#11800 = ORIENTED_EDGE('',*,*,#11801,.T.);
#11801 = EDGE_CURVE('',#7950,#9124,#11802,.T.);
#11802 = SURFACE_CURVE('',#11803,(#11807,#11813),.PCURVE_S1.);
#11803 = LINE('',#11804,#11805);
#11804 = CARTESIAN_POINT('',(48.434444444444,7.020833333333,5.));
#11805 = VECTOR('',#11806,1.);
#11806 = DIRECTION('',(-0.,0.,-1.));
#11807 = PCURVE('',#7965,#11808);
#11808 = DEFINITIONAL_REPRESENTATION('',(#11809),#11812);
#11809 = B_SPLINE_CURVE_WITH_KNOTS('',1,(#11810,#11811),.UNSPECIFIED.,
  .F.,.F.,(2,2),(-6.,-0.),.PIECEWISE_BEZIER_KNOTS.);
#11810 = CARTESIAN_POINT('',(6.,6.055555555556));
#11811 = CARTESIAN_POINT('',(0.,6.055555555556));
#11812 = ( GEOMETRIC_REPRESENTATION_CONTEXT(2) 
PARAMETRIC_REPRESENTATION_CONTEXT() REPRESENTATION_CONTEXT('2D SPACE',''
  ) );
#11813 = PCURVE('',#7993,#11814);
#11814 = DEFINITIONAL_REPRESENTATION('',(#11815),#11818);
#11815 = B_SPLINE_CURVE_WITH_KNOTS('',1,(#11816,#11817),.UNSPECIFIED.,
  .F.,.F.,(2,2),(-6.,-0.),.PIECEWISE_BEZIER_KNOTS.);
#11816 = CARTESIAN_POINT('',(6.,-0.397222222222));
#11817 = CARTESIAN_POINT('',(0.,-0.397222222222));
#11818 = ( GEOMETRIC_REPRESENTATION_CONTEXT(2) 
PARAMETRIC_REPRESENTATION_CONTEXT() REPRESENTATION_CONTEXT('2D SPACE',''
  ) );
#11819 = ORIENTED_EDGE('',*,*,#9146,.T.);
#11820 = ORIENTED_EDGE('',*,*,#11775,.T.);
#11821 = ORIENTED_EDGE('',*,*,#7949,.T.);
#11822 = ADVANCED_FACE('',(#11823),#7993,.F.);
#11823 = FACE_BOUND('',#11824,.F.);
#11824 = EDGE_LOOP('',(#11825,#11826,#11847,#11848));
#11825 = ORIENTED_EDGE('',*,*,#7977,.F.);
#11826 = ORIENTED_EDGE('',*,*,#11827,.F.);
#11827 = EDGE_CURVE('',#9101,#7978,#11828,.T.);
#11828 = SURFACE_CURVE('',#11829,(#11833,#11840),.PCURVE_S1.);
#11829 = LINE('',#11830,#11831);
#11830 = CARTESIAN_POINT('',(48.434444444444,6.623611111111,5.));
#11831 = VECTOR('',#11832,1.);
#11832 = DIRECTION('',(0.,0.,1.));
#11833 = PCURVE('',#7993,#11834);
#11834 = DEFINITIONAL_REPRESENTATION('',(#11835),#11839);
#11835 = LINE('',#11836,#11837);
#11836 = CARTESIAN_POINT('',(0.,0.));
#11837 = VECTOR('',#11838,1.);
#11838 = DIRECTION('',(1.,0.));
#11839 = ( GEOMETRIC_REPRESENTATION_CONTEXT(2) 
PARAMETRIC_REPRESENTATION_CONTEXT() REPRESENTATION_CONTEXT('2D SPACE',''
  ) );
#11840 = PCURVE('',#8021,#11841);
#11841 = DEFINITIONAL_REPRESENTATION('',(#11842),#11846);
#11842 = LINE('',#11843,#11844);
#11843 = CARTESIAN_POINT('',(0.,0.));
#11844 = VECTOR('',#11845,1.);
#11845 = DIRECTION('',(1.,0.));
#11846 = ( GEOMETRIC_REPRESENTATION_CONTEXT(2) 
PARAMETRIC_REPRESENTATION_CONTEXT() REPRESENTATION_CONTEXT('2D SPACE',''
  ) );
#11847 = ORIENTED_EDGE('',*,*,#9123,.T.);
#11848 = ORIENTED_EDGE('',*,*,#11801,.F.);
#11849 = ADVANCED_FACE('',(#11850),#8021,.F.);
#11850 = FACE_BOUND('',#11851,.F.);
#11851 = EDGE_LOOP('',(#11852,#11871,#11872,#11873));
#11852 = ORIENTED_EDGE('',*,*,#11853,.T.);
#11853 = EDGE_CURVE('',#8006,#9078,#11854,.T.);
#11854 = SURFACE_CURVE('',#11855,(#11859,#11865),.PCURVE_S1.);
#11855 = LINE('',#11856,#11857);
#11856 = CARTESIAN_POINT('',(54.49,6.623611111111,5.));
#11857 = VECTOR('',#11858,1.);
#11858 = DIRECTION('',(-0.,0.,-1.));
#11859 = PCURVE('',#8021,#11860);
#11860 = DEFINITIONAL_REPRESENTATION('',(#11861),#11864);
#11861 = B_SPLINE_CURVE_WITH_KNOTS('',1,(#11862,#11863),.UNSPECIFIED.,
  .F.,.F.,(2,2),(-6.,-0.),.PIECEWISE_BEZIER_KNOTS.);
#11862 = CARTESIAN_POINT('',(6.,6.055555555556));
#11863 = CARTESIAN_POINT('',(0.,6.055555555556));
#11864 = ( GEOMETRIC_REPRESENTATION_CONTEXT(2) 
PARAMETRIC_REPRESENTATION_CONTEXT() REPRESENTATION_CONTEXT('2D SPACE',''
  ) );
#11865 = PCURVE('',#8049,#11866);
#11866 = DEFINITIONAL_REPRESENTATION('',(#11867),#11870);
#11867 = B_SPLINE_CURVE_WITH_KNOTS('',1,(#11868,#11869),.UNSPECIFIED.,
  .F.,.F.,(2,2),(-6.,-0.),.PIECEWISE_BEZIER_KNOTS.);
#11868 = CARTESIAN_POINT('',(6.,-0.397222222222));
#11869 = CARTESIAN_POINT('',(0.,-0.397222222222));
#11870 = ( GEOMETRIC_REPRESENTATION_CONTEXT(2) 
PARAMETRIC_REPRESENTATION_CONTEXT() REPRESENTATION_CONTEXT('2D SPACE',''
  ) );
#11871 = ORIENTED_EDGE('',*,*,#9100,.T.);
#11872 = ORIENTED_EDGE('',*,*,#11827,.T.);
#11873 = ORIENTED_EDGE('',*,*,#8005,.T.);
#11874 = ADVANCED_FACE('',(#11875),#8049,.F.);
#11875 = FACE_BOUND('',#11876,.F.);
#11876 = EDGE_LOOP('',(#11877,#11878,#11899,#11900));
#11877 = ORIENTED_EDGE('',*,*,#8033,.F.);
#11878 = ORIENTED_EDGE('',*,*,#11879,.F.);
#11879 = EDGE_CURVE('',#9055,#8034,#11880,.T.);
#11880 = SURFACE_CURVE('',#11881,(#11885,#11892),.PCURVE_S1.);
#11881 = LINE('',#11882,#11883);
#11882 = CARTESIAN_POINT('',(54.49,6.226388888889,5.));
#11883 = VECTOR('',#11884,1.);
#11884 = DIRECTION('',(0.,0.,1.));
#11885 = PCURVE('',#8049,#11886);
#11886 = DEFINITIONAL_REPRESENTATION('',(#11887),#11891);
#11887 = LINE('',#11888,#11889);
#11888 = CARTESIAN_POINT('',(0.,0.));
#11889 = VECTOR('',#11890,1.);
#11890 = DIRECTION('',(1.,0.));
#11891 = ( GEOMETRIC_REPRESENTATION_CONTEXT(2) 
PARAMETRIC_REPRESENTATION_CONTEXT() REPRESENTATION_CONTEXT('2D SPACE',''
  ) );
#11892 = PCURVE('',#8077,#11893);
#11893 = DEFINITIONAL_REPRESENTATION('',(#11894),#11898);
#11894 = LINE('',#11895,#11896);
#11895 = CARTESIAN_POINT('',(0.,0.));
#11896 = VECTOR('',#11897,1.);
#11897 = DIRECTION('',(1.,0.));
#11898 = ( GEOMETRIC_REPRESENTATION_CONTEXT(2) 
PARAMETRIC_REPRESENTATION_CONTEXT() REPRESENTATION_CONTEXT('2D SPACE',''
  ) );
#11899 = ORIENTED_EDGE('',*,*,#9077,.T.);
#11900 = ORIENTED_EDGE('',*,*,#11853,.F.);
#11901 = ADVANCED_FACE('',(#11902),#8077,.F.);
#11902 = FACE_BOUND('',#11903,.F.);
#11903 = EDGE_LOOP('',(#11904,#11923,#11924,#11925));
#11904 = ORIENTED_EDGE('',*,*,#11905,.T.);
#11905 = EDGE_CURVE('',#8062,#9032,#11906,.T.);
#11906 = SURFACE_CURVE('',#11907,(#11911,#11917),.PCURVE_S1.);
#11907 = LINE('',#11908,#11909);
#11908 = CARTESIAN_POINT('',(60.545555555556,6.226388888889,5.));
#11909 = VECTOR('',#11910,1.);
#11910 = DIRECTION('',(-0.,0.,-1.));
#11911 = PCURVE('',#8077,#11912);
#11912 = DEFINITIONAL_REPRESENTATION('',(#11913),#11916);
#11913 = B_SPLINE_CURVE_WITH_KNOTS('',1,(#11914,#11915),.UNSPECIFIED.,
  .F.,.F.,(2,2),(-6.,-0.),.PIECEWISE_BEZIER_KNOTS.);
#11914 = CARTESIAN_POINT('',(6.,6.055555555556));
#11915 = CARTESIAN_POINT('',(0.,6.055555555556));
#11916 = ( GEOMETRIC_REPRESENTATION_CONTEXT(2) 
PARAMETRIC_REPRESENTATION_CONTEXT() REPRESENTATION_CONTEXT('2D SPACE',''
  ) );
#11917 = PCURVE('',#8105,#11918);
#11918 = DEFINITIONAL_REPRESENTATION('',(#11919),#11922);
#11919 = B_SPLINE_CURVE_WITH_KNOTS('',1,(#11920,#11921),.UNSPECIFIED.,
  .F.,.F.,(2,2),(-6.,-0.),.PIECEWISE_BEZIER_KNOTS.);
#11920 = CARTESIAN_POINT('',(6.,-0.397222222222));
#11921 = CARTESIAN_POINT('',(0.,-0.397222222222));
#11922 = ( GEOMETRIC_REPRESENTATION_CONTEXT(2) 
PARAMETRIC_REPRESENTATION_CONTEXT() REPRESENTATION_CONTEXT('2D SPACE',''
  ) );
#11923 = ORIENTED_EDGE('',*,*,#9054,.T.);
#11924 = ORIENTED_EDGE('',*,*,#11879,.T.);
#11925 = ORIENTED_EDGE('',*,*,#8061,.T.);
#11926 = ADVANCED_FACE('',(#11927),#8105,.F.);
#11927 = FACE_BOUND('',#11928,.F.);
#11928 = EDGE_LOOP('',(#11929,#11930,#11951,#11952));
#11929 = ORIENTED_EDGE('',*,*,#8089,.F.);
#11930 = ORIENTED_EDGE('',*,*,#11931,.F.);
#11931 = EDGE_CURVE('',#9009,#8090,#11932,.T.);
#11932 = SURFACE_CURVE('',#11933,(#11937,#11944),.PCURVE_S1.);
#11933 = LINE('',#11934,#11935);
#11934 = CARTESIAN_POINT('',(60.545555555556,5.829166666667,5.));
#11935 = VECTOR('',#11936,1.);
#11936 = DIRECTION('',(0.,0.,1.));
#11937 = PCURVE('',#8105,#11938);
#11938 = DEFINITIONAL_REPRESENTATION('',(#11939),#11943);
#11939 = LINE('',#11940,#11941);
#11940 = CARTESIAN_POINT('',(0.,0.));
#11941 = VECTOR('',#11942,1.);
#11942 = DIRECTION('',(1.,0.));
#11943 = ( GEOMETRIC_REPRESENTATION_CONTEXT(2) 
PARAMETRIC_REPRESENTATION_CONTEXT() REPRESENTATION_CONTEXT('2D SPACE',''
  ) );
#11944 = PCURVE('',#8133,#11945);
#11945 = DEFINITIONAL_REPRESENTATION('',(#11946),#11950);
#11946 = LINE('',#11947,#11948);
#11947 = CARTESIAN_POINT('',(0.,0.));
#11948 = VECTOR('',#11949,1.);
#11949 = DIRECTION('',(1.,0.));
#11950 = ( GEOMETRIC_REPRESENTATION_CONTEXT(2) 
PARAMETRIC_REPRESENTATION_CONTEXT() REPRESENTATION_CONTEXT('2D SPACE',''
  ) );
#11951 = ORIENTED_EDGE('',*,*,#9031,.T.);
#11952 = ORIENTED_EDGE('',*,*,#11905,.F.);
#11953 = ADVANCED_FACE('',(#11954),#8133,.F.);
#11954 = FACE_BOUND('',#11955,.F.);
#11955 = EDGE_LOOP('',(#11956,#11975,#11976,#11977));
#11956 = ORIENTED_EDGE('',*,*,#11957,.T.);
#11957 = EDGE_CURVE('',#8118,#8986,#11958,.T.);
#11958 = SURFACE_CURVE('',#11959,(#11963,#11969),.PCURVE_S1.);
#11959 = LINE('',#11960,#11961);
#11960 = CARTESIAN_POINT('',(66.601111111111,5.829166666667,5.));
#11961 = VECTOR('',#11962,1.);
#11962 = DIRECTION('',(-0.,0.,-1.));
#11963 = PCURVE('',#8133,#11964);
#11964 = DEFINITIONAL_REPRESENTATION('',(#11965),#11968);
#11965 = B_SPLINE_CURVE_WITH_KNOTS('',1,(#11966,#11967),.UNSPECIFIED.,
  .F.,.F.,(2,2),(-6.,-0.),.PIECEWISE_BEZIER_KNOTS.);
#11966 = CARTESIAN_POINT('',(6.,6.055555555556));
#11967 = CARTESIAN_POINT('',(0.,6.055555555556));
#11968 = ( GEOMETRIC_REPRESENTATION_CONTEXT(2) 
PARAMETRIC_REPRESENTATION_CONTEXT() REPRESENTATION_CONTEXT('2D SPACE',''
  ) );
#11969 = PCURVE('',#8161,#11970);
#11970 = DEFINITIONAL_REPRESENTATION('',(#11971),#11974);
#11971 = B_SPLINE_CURVE_WITH_KNOTS('',1,(#11972,#11973),.UNSPECIFIED.,
  .F.,.F.,(2,2),(-6.,-0.),.PIECEWISE_BEZIER_KNOTS.);
#11972 = CARTESIAN_POINT('',(6.,-0.397222222222));
#11973 = CARTESIAN_POINT('',(0.,-0.397222222222));
#11974 = ( GEOMETRIC_REPRESENTATION_CONTEXT(2) 
PARAMETRIC_REPRESENTATION_CONTEXT() REPRESENTATION_CONTEXT('2D SPACE',''
  ) );
#11975 = ORIENTED_EDGE('',*,*,#9008,.T.);
#11976 = ORIENTED_EDGE('',*,*,#11931,.T.);
#11977 = ORIENTED_EDGE('',*,*,#8117,.T.);
#11978 = ADVANCED_FACE('',(#11979),#8161,.F.);
#11979 = FACE_BOUND('',#11980,.F.);
#11980 = EDGE_LOOP('',(#11981,#11982,#12003,#12004));
#11981 = ORIENTED_EDGE('',*,*,#8145,.F.);
#11982 = ORIENTED_EDGE('',*,*,#11983,.F.);
#11983 = EDGE_CURVE('',#8963,#8146,#11984,.T.);
#11984 = SURFACE_CURVE('',#11985,(#11989,#11996),.PCURVE_S1.);
#11985 = LINE('',#11986,#11987);
#11986 = CARTESIAN_POINT('',(66.601111111111,5.431944444444,5.));
#11987 = VECTOR('',#11988,1.);
#11988 = DIRECTION('',(0.,0.,1.));
#11989 = PCURVE('',#8161,#11990);
#11990 = DEFINITIONAL_REPRESENTATION('',(#11991),#11995);
#11991 = LINE('',#11992,#11993);
#11992 = CARTESIAN_POINT('',(0.,0.));
#11993 = VECTOR('',#11994,1.);
#11994 = DIRECTION('',(1.,0.));
#11995 = ( GEOMETRIC_REPRESENTATION_CONTEXT(2) 
PARAMETRIC_REPRESENTATION_CONTEXT() REPRESENTATION_CONTEXT('2D SPACE',''
  ) );
#11996 = PCURVE('',#8189,#11997);
#11997 = DEFINITIONAL_REPRESENTATION('',(#11998),#12002);
#11998 = LINE('',#11999,#12000);
#11999 = CARTESIAN_POINT('',(0.,0.));
#12000 = VECTOR('',#12001,1.);
#12001 = DIRECTION('',(1.,0.));
#12002 = ( GEOMETRIC_REPRESENTATION_CONTEXT(2) 
PARAMETRIC_REPRESENTATION_CONTEXT() REPRESENTATION_CONTEXT('2D SPACE',''
  ) );
#12003 = ORIENTED_EDGE('',*,*,#8985,.T.);
#12004 = ORIENTED_EDGE('',*,*,#11957,.F.);
#12005 = ADVANCED_FACE('',(#12006),#8189,.F.);
#12006 = FACE_BOUND('',#12007,.F.);
#12007 = EDGE_LOOP('',(#12008,#12027,#12028,#12029));
#12008 = ORIENTED_EDGE('',*,*,#12009,.T.);
#12009 = EDGE_CURVE('',#8174,#8940,#12010,.T.);
#12010 = SURFACE_CURVE('',#12011,(#12015,#12021),.PCURVE_S1.);
#12011 = LINE('',#12012,#12013);
#12012 = CARTESIAN_POINT('',(72.656666666667,5.431944444444,5.));
#12013 = VECTOR('',#12014,1.);
#12014 = DIRECTION('',(-0.,0.,-1.));
#12015 = PCURVE('',#8189,#12016);
#12016 = DEFINITIONAL_REPRESENTATION('',(#12017),#12020);
#12017 = B_SPLINE_CURVE_WITH_KNOTS('',1,(#12018,#12019),.UNSPECIFIED.,
  .F.,.F.,(2,2),(-6.,-0.),.PIECEWISE_BEZIER_KNOTS.);
#12018 = CARTESIAN_POINT('',(6.,6.055555555556));
#12019 = CARTESIAN_POINT('',(0.,6.055555555556));
#12020 = ( GEOMETRIC_REPRESENTATION_CONTEXT(2) 
PARAMETRIC_REPRESENTATION_CONTEXT() REPRESENTATION_CONTEXT('2D SPACE',''
  ) );
#12021 = PCURVE('',#8217,#12022);
#12022 = DEFINITIONAL_REPRESENTATION('',(#12023),#12026);
#12023 = B_SPLINE_CURVE_WITH_KNOTS('',1,(#12024,#12025),.UNSPECIFIED.,
  .F.,.F.,(2,2),(-6.,-0.),.PIECEWISE_BEZIER_KNOTS.);
#12024 = CARTESIAN_POINT('',(6.,-0.397222222222));
#12025 = CARTESIAN_POINT('',(0.,-0.397222222222));
#12026 = ( GEOMETRIC_REPRESENTATION_CONTEXT(2) 
PARAMETRIC_REPRESENTATION_CONTEXT() REPRESENTATION_CONTEXT('2D SPACE',''
  ) );
#12027 = ORIENTED_EDGE('',*,*,#8962,.T.);
#12028 = ORIENTED_EDGE('',*,*,#11983,.T.);
#12029 = ORIENTED_EDGE('',*,*,#8173,.T.);
#12030 = ADVANCED_FACE('',(#12031),#8217,.F.);
#12031 = FACE_BOUND('',#12032,.F.);
#12032 = EDGE_LOOP('',(#12033,#12034,#12055,#12056));
#12033 = ORIENTED_EDGE('',*,*,#8201,.F.);
#12034 = ORIENTED_EDGE('',*,*,#12035,.F.);
#12035 = EDGE_CURVE('',#8917,#8202,#12036,.T.);
#12036 = SURFACE_CURVE('',#12037,(#12041,#12048),.PCURVE_S1.);
#12037 = LINE('',#12038,#12039);
#12038 = CARTESIAN_POINT('',(72.656666666667,5.034722222222,5.));
#12039 = VECTOR('',#12040,1.);
#12040 = DIRECTION('',(0.,0.,1.));
#12041 = PCURVE('',#8217,#12042);
#12042 = DEFINITIONAL_REPRESENTATION('',(#12043),#12047);
#12043 = LINE('',#12044,#12045);
#12044 = CARTESIAN_POINT('',(0.,0.));
#12045 = VECTOR('',#12046,1.);
#12046 = DIRECTION('',(1.,0.));
#12047 = ( GEOMETRIC_REPRESENTATION_CONTEXT(2) 
PARAMETRIC_REPRESENTATION_CONTEXT() REPRESENTATION_CONTEXT('2D SPACE',''
  ) );
#12048 = PCURVE('',#8245,#12049);
#12049 = DEFINITIONAL_REPRESENTATION('',(#12050),#12054);
#12050 = LINE('',#12051,#12052);
#12051 = CARTESIAN_POINT('',(0.,0.));
#12052 = VECTOR('',#12053,1.);
#12053 = DIRECTION('',(1.,0.));
#12054 = ( GEOMETRIC_REPRESENTATION_CONTEXT(2) 
PARAMETRIC_REPRESENTATION_CONTEXT() REPRESENTATION_CONTEXT('2D SPACE',''
  ) );
#12055 = ORIENTED_EDGE('',*,*,#8939,.T.);
#12056 = ORIENTED_EDGE('',*,*,#12009,.F.);
#12057 = ADVANCED_FACE('',(#12058),#8245,.F.);
#12058 = FACE_BOUND('',#12059,.F.);
#12059 = EDGE_LOOP('',(#12060,#12079,#12080,#12081));
#12060 = ORIENTED_EDGE('',*,*,#12061,.T.);
#12061 = EDGE_CURVE('',#8230,#8894,#12062,.T.);
#12062 = SURFACE_CURVE('',#12063,(#12067,#12073),.PCURVE_S1.);
#12063 = LINE('',#12064,#12065);
#12064 = CARTESIAN_POINT('',(78.712222222222,5.034722222222,5.));
#12065 = VECTOR('',#12066,1.);
#12066 = DIRECTION('',(-0.,0.,-1.));
#12067 = PCURVE('',#8245,#12068);
#12068 = DEFINITIONAL_REPRESENTATION('',(#12069),#12072);
#12069 = B_SPLINE_CURVE_WITH_KNOTS('',1,(#12070,#12071),.UNSPECIFIED.,
  .F.,.F.,(2,2),(-6.,-0.),.PIECEWISE_BEZIER_KNOTS.);
#12070 = CARTESIAN_POINT('',(6.,6.055555555556));
#12071 = CARTESIAN_POINT('',(0.,6.055555555556));
#12072 = ( GEOMETRIC_REPRESENTATION_CONTEXT(2) 
PARAMETRIC_REPRESENTATION_CONTEXT() REPRESENTATION_CONTEXT('2D SPACE',''
  ) );
#12073 = PCURVE('',#8273,#12074);
#12074 = DEFINITIONAL_REPRESENTATION('',(#12075),#12078);
#12075 = B_SPLINE_CURVE_WITH_KNOTS('',1,(#12076,#12077),.UNSPECIFIED.,
  .F.,.F.,(2,2),(-6.,-0.),.PIECEWISE_BEZIER_KNOTS.);
#12076 = CARTESIAN_POINT('',(6.,-0.37037037037));
#12077 = CARTESIAN_POINT('',(0.,-0.37037037037));
#12078 = ( GEOMETRIC_REPRESENTATION_CONTEXT(2) 
PARAMETRIC_REPRESENTATION_CONTEXT() REPRESENTATION_CONTEXT('2D SPACE',''
  ) );
#12079 = ORIENTED_EDGE('',*,*,#8916,.T.);
#12080 = ORIENTED_EDGE('',*,*,#12035,.T.);
#12081 = ORIENTED_EDGE('',*,*,#8229,.T.);
#12082 = ADVANCED_FACE('',(#12083),#8273,.F.);
#12083 = FACE_BOUND('',#12084,.F.);
#12084 = EDGE_LOOP('',(#12085,#12086,#12107,#12108));
#12085 = ORIENTED_EDGE('',*,*,#8257,.F.);
#12086 = ORIENTED_EDGE('',*,*,#12087,.F.);
#12087 = EDGE_CURVE('',#8871,#8258,#12088,.T.);
#12088 = SURFACE_CURVE('',#12089,(#12093,#12100),.PCURVE_S1.);
#12089 = LINE('',#12090,#12091);
#12090 = CARTESIAN_POINT('',(78.712222222222,4.664351851852,5.));
#12091 = VECTOR('',#12092,1.);
#12092 = DIRECTION('',(0.,0.,1.));
#12093 = PCURVE('',#8273,#12094);
#12094 = DEFINITIONAL_REPRESENTATION('',(#12095),#12099);
#12095 = LINE('',#12096,#12097);
#12096 = CARTESIAN_POINT('',(0.,0.));
#12097 = VECTOR('',#12098,1.);
#12098 = DIRECTION('',(1.,0.));
#12099 = ( GEOMETRIC_REPRESENTATION_CONTEXT(2) 
PARAMETRIC_REPRESENTATION_CONTEXT() REPRESENTATION_CONTEXT('2D SPACE',''
  ) );
#12100 = PCURVE('',#8301,#12101);
#12101 = DEFINITIONAL_REPRESENTATION('',(#12102),#12106);
#12102 = LINE('',#12103,#12104);
#12103 = CARTESIAN_POINT('',(0.,0.));
#12104 = VECTOR('',#12105,1.);
#12105 = DIRECTION('',(1.,0.));
#12106 = ( GEOMETRIC_REPRESENTATION_CONTEXT(2) 
PARAMETRIC_REPRESENTATION_CONTEXT() REPRESENTATION_CONTEXT('2D SPACE',''
  ) );
#12107 = ORIENTED_EDGE('',*,*,#8893,.T.);
#12108 = ORIENTED_EDGE('',*,*,#12061,.F.);
#12109 = ADVANCED_FACE('',(#12110),#8301,.F.);
#12110 = FACE_BOUND('',#12111,.F.);
#12111 = EDGE_LOOP('',(#12112,#12131,#12132,#12133));
#12112 = ORIENTED_EDGE('',*,*,#12113,.T.);
#12113 = EDGE_CURVE('',#8286,#8848,#12114,.T.);
#12114 = SURFACE_CURVE('',#12115,(#12119,#12125),.PCURVE_S1.);
#12115 = LINE('',#12116,#12117);
#12116 = CARTESIAN_POINT('',(84.767777777778,4.664351851852,5.));
#12117 = VECTOR('',#12118,1.);
#12118 = DIRECTION('',(-0.,0.,-1.));
#12119 = PCURVE('',#8301,#12120);
#12120 = DEFINITIONAL_REPRESENTATION('',(#12121),#12124);
#12121 = B_SPLINE_CURVE_WITH_KNOTS('',1,(#12122,#12123),.UNSPECIFIED.,
  .F.,.F.,(2,2),(-6.,-0.),.PIECEWISE_BEZIER_KNOTS.);
#12122 = CARTESIAN_POINT('',(6.,6.055555555556));
#12123 = CARTESIAN_POINT('',(0.,6.055555555556));
#12124 = ( GEOMETRIC_REPRESENTATION_CONTEXT(2) 
PARAMETRIC_REPRESENTATION_CONTEXT() REPRESENTATION_CONTEXT('2D SPACE',''
  ) );
#12125 = PCURVE('',#8329,#12126);
#12126 = DEFINITIONAL_REPRESENTATION('',(#12127),#12130);
#12127 = B_SPLINE_CURVE_WITH_KNOTS('',1,(#12128,#12129),.UNSPECIFIED.,
  .F.,.F.,(2,2),(-6.,-0.),.PIECEWISE_BEZIER_KNOTS.);
#12128 = CARTESIAN_POINT('',(6.,-0.20809959384));
#12129 = CARTESIAN_POINT('',(0.,-0.20809959384));
#12130 = ( GEOMETRIC_REPRESENTATION_CONTEXT(2) 
PARAMETRIC_REPRESENTATION_CONTEXT() REPRESENTATION_CONTEXT('2D SPACE',''
  ) );
#12131 = ORIENTED_EDGE('',*,*,#8870,.T.);
#12132 = ORIENTED_EDGE('',*,*,#12087,.T.);
#12133 = ORIENTED_EDGE('',*,*,#8285,.T.);
#12134 = ADVANCED_FACE('',(#12135),#8329,.F.);
#12135 = FACE_BOUND('',#12136,.F.);
#12136 = EDGE_LOOP('',(#12137,#12138,#12159,#12160));
#12137 = ORIENTED_EDGE('',*,*,#8313,.F.);
#12138 = ORIENTED_EDGE('',*,*,#12139,.F.);
#12139 = EDGE_CURVE('',#8825,#8314,#12140,.T.);
#12140 = SURFACE_CURVE('',#12141,(#12145,#12152),.PCURVE_S1.);
#12141 = LINE('',#12142,#12143);
#12142 = CARTESIAN_POINT('',(84.767777777778,4.456252258012,5.));
#12143 = VECTOR('',#12144,1.);
#12144 = DIRECTION('',(0.,0.,1.));
#12145 = PCURVE('',#8329,#12146);
#12146 = DEFINITIONAL_REPRESENTATION('',(#12147),#12151);
#12147 = LINE('',#12148,#12149);
#12148 = CARTESIAN_POINT('',(0.,0.));
#12149 = VECTOR('',#12150,1.);
#12150 = DIRECTION('',(1.,0.));
#12151 = ( GEOMETRIC_REPRESENTATION_CONTEXT(2) 
PARAMETRIC_REPRESENTATION_CONTEXT() REPRESENTATION_CONTEXT('2D SPACE',''
  ) );
#12152 = PCURVE('',#8357,#12153);
#12153 = DEFINITIONAL_REPRESENTATION('',(#12154),#12158);
#12154 = LINE('',#12155,#12156);
#12155 = CARTESIAN_POINT('',(0.,0.));
#12156 = VECTOR('',#12157,1.);
#12157 = DIRECTION('',(1.,0.));
#12158 = ( GEOMETRIC_REPRESENTATION_CONTEXT(2) 
PARAMETRIC_REPRESENTATION_CONTEXT() REPRESENTATION_CONTEXT('2D SPACE',''
  ) );
#12159 = ORIENTED_EDGE('',*,*,#8847,.T.);
#12160 = ORIENTED_EDGE('',*,*,#12113,.F.);
#12161 = ADVANCED_FACE('',(#12162),#8357,.F.);
#12162 = FACE_BOUND('',#12163,.F.);
#12163 = EDGE_LOOP('',(#12164,#12165,#12166,#12167));
#12164 = ORIENTED_EDGE('',*,*,#8824,.T.);
#12165 = ORIENTED_EDGE('',*,*,#12139,.T.);
#12166 = ORIENTED_EDGE('',*,*,#8341,.T.);
#12167 = ORIENTED_EDGE('',*,*,#12168,.F.);
#12168 = EDGE_CURVE('',#8803,#8342,#12169,.T.);
#12169 = SURFACE_CURVE('',#12170,(#12174,#12181),.PCURVE_S1.);
#12170 = LINE('',#12171,#12172);
#12171 = CARTESIAN_POINT('',(90.843333333333,4.456252258012,5.));
#12172 = VECTOR('',#12173,1.);
#12173 = DIRECTION('',(0.,0.,1.));
#12174 = PCURVE('',#8357,#12175);
#12175 = DEFINITIONAL_REPRESENTATION('',(#12176),#12180);
#12176 = LINE('',#12177,#12178);
#12177 = CARTESIAN_POINT('',(0.,6.075555555556));
#12178 = VECTOR('',#12179,1.);
#12179 = DIRECTION('',(1.,0.));
#12180 = ( GEOMETRIC_REPRESENTATION_CONTEXT(2) 
PARAMETRIC_REPRESENTATION_CONTEXT() REPRESENTATION_CONTEXT('2D SPACE',''
  ) );
#12181 = PCURVE('',#8385,#12182);
#12182 = DEFINITIONAL_REPRESENTATION('',(#12183),#12187);
#12183 = LINE('',#12184,#12185);
#12184 = CARTESIAN_POINT('',(5.,-11.91250451602));
#12185 = VECTOR('',#12186,1.);
#12186 = DIRECTION('',(1.,0.));
#12187 = ( GEOMETRIC_REPRESENTATION_CONTEXT(2) 
PARAMETRIC_REPRESENTATION_CONTEXT() REPRESENTATION_CONTEXT('2D SPACE',''
  ) );
#12188 = ADVANCED_FACE('',(#12189),#8385,.T.);
#12189 = FACE_BOUND('',#12190,.T.);
#12190 = EDGE_LOOP('',(#12191,#12192,#12211,#12212));
#12191 = ORIENTED_EDGE('',*,*,#8802,.F.);
#12192 = ORIENTED_EDGE('',*,*,#12193,.T.);
#12193 = EDGE_CURVE('',#8780,#8370,#12194,.T.);
#12194 = SURFACE_CURVE('',#12195,(#12199,#12205),.PCURVE_S1.);
#12195 = LINE('',#12196,#12197);
#12196 = CARTESIAN_POINT('',(90.843333333333,4.485684911401,2.5));
#12197 = VECTOR('',#12198,1.);
#12198 = DIRECTION('',(0.,0.,1.));
#12199 = PCURVE('',#8385,#12200);
#12200 = DEFINITIONAL_REPRESENTATION('',(#12201),#12204);
#12201 = B_SPLINE_CURVE_WITH_KNOTS('',1,(#12202,#12203),.UNSPECIFIED.,
  .F.,.F.,(2,2),(2.5,8.5),.PIECEWISE_BEZIER_KNOTS.);
#12202 = CARTESIAN_POINT('',(5.,-11.94193716941));
#12203 = CARTESIAN_POINT('',(11.,-11.94193716941));
#12204 = ( GEOMETRIC_REPRESENTATION_CONTEXT(2) 
PARAMETRIC_REPRESENTATION_CONTEXT() REPRESENTATION_CONTEXT('2D SPACE',''
  ) );
#12205 = PCURVE('',#8413,#12206);
#12206 = DEFINITIONAL_REPRESENTATION('',(#12207),#12210);
#12207 = B_SPLINE_CURVE_WITH_KNOTS('',1,(#12208,#12209),.UNSPECIFIED.,
  .F.,.F.,(2,2),(2.5,8.5),.PIECEWISE_BEZIER_KNOTS.);
#12208 = CARTESIAN_POINT('',(0.,1.999999999998E-02));
#12209 = CARTESIAN_POINT('',(6.,1.999999999998E-02));
#12210 = ( GEOMETRIC_REPRESENTATION_CONTEXT(2) 
PARAMETRIC_REPRESENTATION_CONTEXT() REPRESENTATION_CONTEXT('2D SPACE',''
  ) );
#12211 = ORIENTED_EDGE('',*,*,#8369,.F.);
#12212 = ORIENTED_EDGE('',*,*,#12168,.F.);
#12213 = ADVANCED_FACE('',(#12214),#8413,.F.);
#12214 = FACE_BOUND('',#12215,.F.);
#12215 = EDGE_LOOP('',(#12216,#12217,#12218,#12219));
#12216 = ORIENTED_EDGE('',*,*,#8779,.T.);
#12217 = ORIENTED_EDGE('',*,*,#12193,.T.);
#12218 = ORIENTED_EDGE('',*,*,#8397,.T.);
#12219 = ORIENTED_EDGE('',*,*,#12220,.F.);
#12220 = EDGE_CURVE('',#8758,#8398,#12221,.T.);
#12221 = SURFACE_CURVE('',#12222,(#12226,#12233),.PCURVE_S1.);
#12222 = LINE('',#12223,#12224);
#12223 = CARTESIAN_POINT('',(96.898888888889,4.485684911401,5.));
#12224 = VECTOR('',#12225,1.);
#12225 = DIRECTION('',(0.,0.,1.));
#12226 = PCURVE('',#8413,#12227);
#12227 = DEFINITIONAL_REPRESENTATION('',(#12228),#12232);
#12228 = LINE('',#12229,#12230);
#12229 = CARTESIAN_POINT('',(0.,6.075555555556));
#12230 = VECTOR('',#12231,1.);
#12231 = DIRECTION('',(1.,0.));
#12232 = ( GEOMETRIC_REPRESENTATION_CONTEXT(2) 
PARAMETRIC_REPRESENTATION_CONTEXT() REPRESENTATION_CONTEXT('2D SPACE',''
  ) );
#12233 = PCURVE('',#8441,#12234);
#12234 = DEFINITIONAL_REPRESENTATION('',(#12235),#12239);
#12235 = LINE('',#12236,#12237);
#12236 = CARTESIAN_POINT('',(5.,-11.9713698228));
#12237 = VECTOR('',#12238,1.);
#12238 = DIRECTION('',(1.,0.));
#12239 = ( GEOMETRIC_REPRESENTATION_CONTEXT(2) 
PARAMETRIC_REPRESENTATION_CONTEXT() REPRESENTATION_CONTEXT('2D SPACE',''
  ) );
#12240 = ADVANCED_FACE('',(#12241),#8441,.T.);
#12241 = FACE_BOUND('',#12242,.T.);
#12242 = EDGE_LOOP('',(#12243,#12244,#12263,#12264));
#12243 = ORIENTED_EDGE('',*,*,#8757,.F.);
#12244 = ORIENTED_EDGE('',*,*,#12245,.T.);
#12245 = EDGE_CURVE('',#8735,#8426,#12246,.T.);
#12246 = SURFACE_CURVE('',#12247,(#12251,#12257),.PCURVE_S1.);
#12247 = LINE('',#12248,#12249);
#12248 = CARTESIAN_POINT('',(96.898888888889,4.706861568358,2.5));
#12249 = VECTOR('',#12250,1.);
#12250 = DIRECTION('',(0.,0.,1.));
#12251 = PCURVE('',#8441,#12252);
#12252 = DEFINITIONAL_REPRESENTATION('',(#12253),#12256);
#12253 = B_SPLINE_CURVE_WITH_KNOTS('',1,(#12254,#12255),.UNSPECIFIED.,
  .F.,.F.,(2,2),(2.5,8.5),.PIECEWISE_BEZIER_KNOTS.);
#12254 = CARTESIAN_POINT('',(5.,-12.19254647976));
#12255 = CARTESIAN_POINT('',(11.,-12.19254647976));
#12256 = ( GEOMETRIC_REPRESENTATION_CONTEXT(2) 
PARAMETRIC_REPRESENTATION_CONTEXT() REPRESENTATION_CONTEXT('2D SPACE',''
  ) );
#12257 = PCURVE('',#8469,#12258);
#12258 = DEFINITIONAL_REPRESENTATION('',(#12259),#12262);
#12259 = B_SPLINE_CURVE_WITH_KNOTS('',1,(#12260,#12261),.UNSPECIFIED.,
  .F.,.F.,(2,2),(2.5,8.5),.PIECEWISE_BEZIER_KNOTS.);
#12260 = CARTESIAN_POINT('',(0.,2.000000000001E-02));
#12261 = CARTESIAN_POINT('',(6.,2.000000000001E-02));
#12262 = ( GEOMETRIC_REPRESENTATION_CONTEXT(2) 
PARAMETRIC_REPRESENTATION_CONTEXT() REPRESENTATION_CONTEXT('2D SPACE',''
  ) );
#12263 = ORIENTED_EDGE('',*,*,#8425,.F.);
#12264 = ORIENTED_EDGE('',*,*,#12220,.F.);
#12265 = ADVANCED_FACE('',(#12266),#8469,.F.);
#12266 = FACE_BOUND('',#12267,.F.);
#12267 = EDGE_LOOP('',(#12268,#12269,#12270,#12271));
#12268 = ORIENTED_EDGE('',*,*,#8734,.T.);
#12269 = ORIENTED_EDGE('',*,*,#12245,.T.);
#12270 = ORIENTED_EDGE('',*,*,#8453,.T.);
#12271 = ORIENTED_EDGE('',*,*,#12272,.F.);
#12272 = EDGE_CURVE('',#8713,#8454,#12273,.T.);
#12273 = SURFACE_CURVE('',#12274,(#12278,#12285),.PCURVE_S1.);
#12274 = LINE('',#12275,#12276);
#12275 = CARTESIAN_POINT('',(102.95444444444,4.706861568358,5.));
#12276 = VECTOR('',#12277,1.);
#12277 = DIRECTION('',(0.,0.,1.));
#12278 = PCURVE('',#8469,#12279);
#12279 = DEFINITIONAL_REPRESENTATION('',(#12280),#12284);
#12280 = LINE('',#12281,#12282);
#12281 = CARTESIAN_POINT('',(0.,6.075555555556));
#12282 = VECTOR('',#12283,1.);
#12283 = DIRECTION('',(1.,0.));
#12284 = ( GEOMETRIC_REPRESENTATION_CONTEXT(2) 
PARAMETRIC_REPRESENTATION_CONTEXT() REPRESENTATION_CONTEXT('2D SPACE',''
  ) );
#12285 = PCURVE('',#8497,#12286);
#12286 = DEFINITIONAL_REPRESENTATION('',(#12287),#12291);
#12287 = LINE('',#12288,#12289);
#12288 = CARTESIAN_POINT('',(5.,-12.41372313671));
#12289 = VECTOR('',#12290,1.);
#12290 = DIRECTION('',(1.,0.));
#12291 = ( GEOMETRIC_REPRESENTATION_CONTEXT(2) 
PARAMETRIC_REPRESENTATION_CONTEXT() REPRESENTATION_CONTEXT('2D SPACE',''
  ) );
#12292 = ADVANCED_FACE('',(#12293),#8497,.T.);
#12293 = FACE_BOUND('',#12294,.T.);
#12294 = EDGE_LOOP('',(#12295,#12296,#12315,#12316));
#12295 = ORIENTED_EDGE('',*,*,#8712,.F.);
#12296 = ORIENTED_EDGE('',*,*,#12297,.T.);
#12297 = EDGE_CURVE('',#8690,#8482,#12298,.T.);
#12298 = SURFACE_CURVE('',#12299,(#12303,#12309),.PCURVE_S1.);
#12299 = LINE('',#12300,#12301);
#12300 = CARTESIAN_POINT('',(102.95444444444,4.952908107391,2.5));
#12301 = VECTOR('',#12302,1.);
#12302 = DIRECTION('',(0.,0.,1.));
#12303 = PCURVE('',#8497,#12304);
#12304 = DEFINITIONAL_REPRESENTATION('',(#12305),#12308);
#12305 = B_SPLINE_CURVE_WITH_KNOTS('',1,(#12306,#12307),.UNSPECIFIED.,
  .F.,.F.,(2,2),(2.5,8.5),.PIECEWISE_BEZIER_KNOTS.);
#12306 = CARTESIAN_POINT('',(5.,-12.65976967575));
#12307 = CARTESIAN_POINT('',(11.,-12.65976967575));
#12308 = ( GEOMETRIC_REPRESENTATION_CONTEXT(2) 
PARAMETRIC_REPRESENTATION_CONTEXT() REPRESENTATION_CONTEXT('2D SPACE',''
  ) );
#12309 = PCURVE('',#8525,#12310);
#12310 = DEFINITIONAL_REPRESENTATION('',(#12311),#12314);
#12311 = B_SPLINE_CURVE_WITH_KNOTS('',1,(#12312,#12313),.UNSPECIFIED.,
  .F.,.F.,(2,2),(2.5,8.5),.PIECEWISE_BEZIER_KNOTS.);
#12312 = CARTESIAN_POINT('',(0.,1.999999999998E-02));
#12313 = CARTESIAN_POINT('',(6.,1.999999999998E-02));
#12314 = ( GEOMETRIC_REPRESENTATION_CONTEXT(2) 
PARAMETRIC_REPRESENTATION_CONTEXT() REPRESENTATION_CONTEXT('2D SPACE',''
  ) );
#12315 = ORIENTED_EDGE('',*,*,#8481,.F.);
#12316 = ORIENTED_EDGE('',*,*,#12272,.F.);
#12317 = ADVANCED_FACE('',(#12318),#8525,.F.);
#12318 = FACE_BOUND('',#12319,.F.);
#12319 = EDGE_LOOP('',(#12320,#12321,#12322,#12323));
#12320 = ORIENTED_EDGE('',*,*,#8689,.F.);
#12321 = ORIENTED_EDGE('',*,*,#12297,.T.);
#12322 = ORIENTED_EDGE('',*,*,#8509,.T.);
#12323 = ORIENTED_EDGE('',*,*,#11407,.F.);
#12324 = ADVANCED_FACE('',(#12325),#10430,.T.);
#12325 = FACE_BOUND('',#12326,.T.);
#12326 = EDGE_LOOP('',(#12327,#12328,#12347,#12348));
#12327 = ORIENTED_EDGE('',*,*,#10414,.F.);
#12328 = ORIENTED_EDGE('',*,*,#12329,.T.);
#12329 = EDGE_CURVE('',#10388,#10614,#12330,.T.);
#12330 = SURFACE_CURVE('',#12331,(#12335,#12341),.PCURVE_S1.);
#12331 = LINE('',#12332,#12333);
#12332 = CARTESIAN_POINT('',(102.95444444444,-4.952908107391,2.5));
#12333 = VECTOR('',#12334,1.);
#12334 = DIRECTION('',(0.,0.,1.));
#12335 = PCURVE('',#10430,#12336);
#12336 = DEFINITIONAL_REPRESENTATION('',(#12337),#12340);
#12337 = B_SPLINE_CURVE_WITH_KNOTS('',1,(#12338,#12339),.UNSPECIFIED.,
  .F.,.F.,(2,2),(2.5,8.5),.PIECEWISE_BEZIER_KNOTS.);
#12338 = CARTESIAN_POINT('',(0.,1.999999999998E-02));
#12339 = CARTESIAN_POINT('',(6.,1.999999999998E-02));
#12340 = ( GEOMETRIC_REPRESENTATION_CONTEXT(2) 
PARAMETRIC_REPRESENTATION_CONTEXT() REPRESENTATION_CONTEXT('2D SPACE',''
  ) );
#12341 = PCURVE('',#10403,#12342);
#12342 = DEFINITIONAL_REPRESENTATION('',(#12343),#12346);
#12343 = B_SPLINE_CURVE_WITH_KNOTS('',1,(#12344,#12345),.UNSPECIFIED.,
  .F.,.F.,(2,2),(2.5,8.5),.PIECEWISE_BEZIER_KNOTS.);
#12344 = CARTESIAN_POINT('',(5.,-2.753953460967));
#12345 = CARTESIAN_POINT('',(11.,-2.753953460967));
#12346 = ( GEOMETRIC_REPRESENTATION_CONTEXT(2) 
PARAMETRIC_REPRESENTATION_CONTEXT() REPRESENTATION_CONTEXT('2D SPACE',''
  ) );
#12347 = ORIENTED_EDGE('',*,*,#10613,.T.);
#12348 = ORIENTED_EDGE('',*,*,#11437,.F.);
#12349 = ADVANCED_FACE('',(#12350),#10403,.T.);
#12350 = FACE_BOUND('',#12351,.T.);
#12351 = EDGE_LOOP('',(#12352,#12353,#12354,#12375));
#12352 = ORIENTED_EDGE('',*,*,#12329,.F.);
#12353 = ORIENTED_EDGE('',*,*,#10387,.F.);
#12354 = ORIENTED_EDGE('',*,*,#12355,.T.);
#12355 = EDGE_CURVE('',#10360,#10637,#12356,.T.);
#12356 = SURFACE_CURVE('',#12357,(#12361,#12368),.PCURVE_S1.);
#12357 = LINE('',#12358,#12359);
#12358 = CARTESIAN_POINT('',(102.95444444444,-4.706861568358,5.));
#12359 = VECTOR('',#12360,1.);
#12360 = DIRECTION('',(0.,0.,1.));
#12361 = PCURVE('',#10403,#12362);
#12362 = DEFINITIONAL_REPRESENTATION('',(#12363),#12367);
#12363 = LINE('',#12364,#12365);
#12364 = CARTESIAN_POINT('',(5.,-3.));
#12365 = VECTOR('',#12366,1.);
#12366 = DIRECTION('',(1.,0.));
#12367 = ( GEOMETRIC_REPRESENTATION_CONTEXT(2) 
PARAMETRIC_REPRESENTATION_CONTEXT() REPRESENTATION_CONTEXT('2D SPACE',''
  ) );
#12368 = PCURVE('',#10375,#12369);
#12369 = DEFINITIONAL_REPRESENTATION('',(#12370),#12374);
#12370 = LINE('',#12371,#12372);
#12371 = CARTESIAN_POINT('',(0.,6.075555555556));
#12372 = VECTOR('',#12373,1.);
#12373 = DIRECTION('',(1.,0.));
#12374 = ( GEOMETRIC_REPRESENTATION_CONTEXT(2) 
PARAMETRIC_REPRESENTATION_CONTEXT() REPRESENTATION_CONTEXT('2D SPACE',''
  ) );
#12375 = ORIENTED_EDGE('',*,*,#10636,.F.);
#12376 = ADVANCED_FACE('',(#12377),#10375,.T.);
#12377 = FACE_BOUND('',#12378,.T.);
#12378 = EDGE_LOOP('',(#12379,#12380,#12399,#12400));
#12379 = ORIENTED_EDGE('',*,*,#10359,.F.);
#12380 = ORIENTED_EDGE('',*,*,#12381,.T.);
#12381 = EDGE_CURVE('',#10333,#10660,#12382,.T.);
#12382 = SURFACE_CURVE('',#12383,(#12387,#12393),.PCURVE_S1.);
#12383 = LINE('',#12384,#12385);
#12384 = CARTESIAN_POINT('',(96.898888888889,-4.706861568358,2.5));
#12385 = VECTOR('',#12386,1.);
#12386 = DIRECTION('',(0.,0.,1.));
#12387 = PCURVE('',#10375,#12388);
#12388 = DEFINITIONAL_REPRESENTATION('',(#12389),#12392);
#12389 = B_SPLINE_CURVE_WITH_KNOTS('',1,(#12390,#12391),.UNSPECIFIED.,
  .F.,.F.,(2,2),(2.5,8.5),.PIECEWISE_BEZIER_KNOTS.);
#12390 = CARTESIAN_POINT('',(0.,2.000000000001E-02));
#12391 = CARTESIAN_POINT('',(6.,2.000000000001E-02));
#12392 = ( GEOMETRIC_REPRESENTATION_CONTEXT(2) 
PARAMETRIC_REPRESENTATION_CONTEXT() REPRESENTATION_CONTEXT('2D SPACE',''
  ) );
#12393 = PCURVE('',#10348,#12394);
#12394 = DEFINITIONAL_REPRESENTATION('',(#12395),#12398);
#12395 = B_SPLINE_CURVE_WITH_KNOTS('',1,(#12396,#12397),.UNSPECIFIED.,
  .F.,.F.,(2,2),(2.5,8.5),.PIECEWISE_BEZIER_KNOTS.);
#12396 = CARTESIAN_POINT('',(5.,-2.778823343043));
#12397 = CARTESIAN_POINT('',(11.,-2.778823343043));
#12398 = ( GEOMETRIC_REPRESENTATION_CONTEXT(2) 
PARAMETRIC_REPRESENTATION_CONTEXT() REPRESENTATION_CONTEXT('2D SPACE',''
  ) );
#12399 = ORIENTED_EDGE('',*,*,#10659,.T.);
#12400 = ORIENTED_EDGE('',*,*,#12355,.F.);
#12401 = ADVANCED_FACE('',(#12402),#10348,.T.);
#12402 = FACE_BOUND('',#12403,.T.);
#12403 = EDGE_LOOP('',(#12404,#12405,#12406,#12427));
#12404 = ORIENTED_EDGE('',*,*,#12381,.F.);
#12405 = ORIENTED_EDGE('',*,*,#10332,.F.);
#12406 = ORIENTED_EDGE('',*,*,#12407,.T.);
#12407 = EDGE_CURVE('',#10305,#10683,#12408,.T.);
#12408 = SURFACE_CURVE('',#12409,(#12413,#12420),.PCURVE_S1.);
#12409 = LINE('',#12410,#12411);
#12410 = CARTESIAN_POINT('',(96.898888888889,-4.485684911401,5.));
#12411 = VECTOR('',#12412,1.);
#12412 = DIRECTION('',(0.,0.,1.));
#12413 = PCURVE('',#10348,#12414);
#12414 = DEFINITIONAL_REPRESENTATION('',(#12415),#12419);
#12415 = LINE('',#12416,#12417);
#12416 = CARTESIAN_POINT('',(5.,-3.));
#12417 = VECTOR('',#12418,1.);
#12418 = DIRECTION('',(1.,0.));
#12419 = ( GEOMETRIC_REPRESENTATION_CONTEXT(2) 
PARAMETRIC_REPRESENTATION_CONTEXT() REPRESENTATION_CONTEXT('2D SPACE',''
  ) );
#12420 = PCURVE('',#10320,#12421);
#12421 = DEFINITIONAL_REPRESENTATION('',(#12422),#12426);
#12422 = LINE('',#12423,#12424);
#12423 = CARTESIAN_POINT('',(0.,6.075555555556));
#12424 = VECTOR('',#12425,1.);
#12425 = DIRECTION('',(1.,0.));
#12426 = ( GEOMETRIC_REPRESENTATION_CONTEXT(2) 
PARAMETRIC_REPRESENTATION_CONTEXT() REPRESENTATION_CONTEXT('2D SPACE',''
  ) );
#12427 = ORIENTED_EDGE('',*,*,#10682,.F.);
#12428 = ADVANCED_FACE('',(#12429),#10320,.T.);
#12429 = FACE_BOUND('',#12430,.T.);
#12430 = EDGE_LOOP('',(#12431,#12432,#12451,#12452));
#12431 = ORIENTED_EDGE('',*,*,#10304,.F.);
#12432 = ORIENTED_EDGE('',*,*,#12433,.T.);
#12433 = EDGE_CURVE('',#10278,#10706,#12434,.T.);
#12434 = SURFACE_CURVE('',#12435,(#12439,#12445),.PCURVE_S1.);
#12435 = LINE('',#12436,#12437);
#12436 = CARTESIAN_POINT('',(90.843333333333,-4.485684911401,2.5));
#12437 = VECTOR('',#12438,1.);
#12438 = DIRECTION('',(0.,0.,1.));
#12439 = PCURVE('',#10320,#12440);
#12440 = DEFINITIONAL_REPRESENTATION('',(#12441),#12444);
#12441 = B_SPLINE_CURVE_WITH_KNOTS('',1,(#12442,#12443),.UNSPECIFIED.,
  .F.,.F.,(2,2),(2.5,8.5),.PIECEWISE_BEZIER_KNOTS.);
#12442 = CARTESIAN_POINT('',(0.,1.999999999998E-02));
#12443 = CARTESIAN_POINT('',(6.,1.999999999998E-02));
#12444 = ( GEOMETRIC_REPRESENTATION_CONTEXT(2) 
PARAMETRIC_REPRESENTATION_CONTEXT() REPRESENTATION_CONTEXT('2D SPACE',''
  ) );
#12445 = PCURVE('',#10293,#12446);
#12446 = DEFINITIONAL_REPRESENTATION('',(#12447),#12450);
#12447 = B_SPLINE_CURVE_WITH_KNOTS('',1,(#12448,#12449),.UNSPECIFIED.,
  .F.,.F.,(2,2),(2.5,8.5),.PIECEWISE_BEZIER_KNOTS.);
#12448 = CARTESIAN_POINT('',(5.,-2.97056734661));
#12449 = CARTESIAN_POINT('',(11.,-2.97056734661));
#12450 = ( GEOMETRIC_REPRESENTATION_CONTEXT(2) 
PARAMETRIC_REPRESENTATION_CONTEXT() REPRESENTATION_CONTEXT('2D SPACE',''
  ) );
#12451 = ORIENTED_EDGE('',*,*,#10705,.T.);
#12452 = ORIENTED_EDGE('',*,*,#12407,.F.);
#12453 = ADVANCED_FACE('',(#12454),#10293,.T.);
#12454 = FACE_BOUND('',#12455,.T.);
#12455 = EDGE_LOOP('',(#12456,#12457,#12458,#12479));
#12456 = ORIENTED_EDGE('',*,*,#12433,.F.);
#12457 = ORIENTED_EDGE('',*,*,#10277,.F.);
#12458 = ORIENTED_EDGE('',*,*,#12459,.T.);
#12459 = EDGE_CURVE('',#10250,#10729,#12460,.T.);
#12460 = SURFACE_CURVE('',#12461,(#12465,#12472),.PCURVE_S1.);
#12461 = LINE('',#12462,#12463);
#12462 = CARTESIAN_POINT('',(90.843333333333,-4.456252258012,5.));
#12463 = VECTOR('',#12464,1.);
#12464 = DIRECTION('',(0.,0.,1.));
#12465 = PCURVE('',#10293,#12466);
#12466 = DEFINITIONAL_REPRESENTATION('',(#12467),#12471);
#12467 = LINE('',#12468,#12469);
#12468 = CARTESIAN_POINT('',(5.,-3.));
#12469 = VECTOR('',#12470,1.);
#12470 = DIRECTION('',(1.,0.));
#12471 = ( GEOMETRIC_REPRESENTATION_CONTEXT(2) 
PARAMETRIC_REPRESENTATION_CONTEXT() REPRESENTATION_CONTEXT('2D SPACE',''
  ) );
#12472 = PCURVE('',#10265,#12473);
#12473 = DEFINITIONAL_REPRESENTATION('',(#12474),#12478);
#12474 = LINE('',#12475,#12476);
#12475 = CARTESIAN_POINT('',(0.,6.075555555556));
#12476 = VECTOR('',#12477,1.);
#12477 = DIRECTION('',(1.,0.));
#12478 = ( GEOMETRIC_REPRESENTATION_CONTEXT(2) 
PARAMETRIC_REPRESENTATION_CONTEXT() REPRESENTATION_CONTEXT('2D SPACE',''
  ) );
#12479 = ORIENTED_EDGE('',*,*,#10728,.F.);
#12480 = ADVANCED_FACE('',(#12481),#10265,.T.);
#12481 = FACE_BOUND('',#12482,.T.);
#12482 = EDGE_LOOP('',(#12483,#12484,#12505,#12506));
#12483 = ORIENTED_EDGE('',*,*,#10249,.F.);
#12484 = ORIENTED_EDGE('',*,*,#12485,.T.);
#12485 = EDGE_CURVE('',#10222,#10752,#12486,.T.);
#12486 = SURFACE_CURVE('',#12487,(#12491,#12498),.PCURVE_S1.);
#12487 = LINE('',#12488,#12489);
#12488 = CARTESIAN_POINT('',(84.767777777778,-4.456252258012,5.));
#12489 = VECTOR('',#12490,1.);
#12490 = DIRECTION('',(0.,0.,1.));
#12491 = PCURVE('',#10265,#12492);
#12492 = DEFINITIONAL_REPRESENTATION('',(#12493),#12497);
#12493 = LINE('',#12494,#12495);
#12494 = CARTESIAN_POINT('',(0.,0.));
#12495 = VECTOR('',#12496,1.);
#12496 = DIRECTION('',(1.,0.));
#12497 = ( GEOMETRIC_REPRESENTATION_CONTEXT(2) 
PARAMETRIC_REPRESENTATION_CONTEXT() REPRESENTATION_CONTEXT('2D SPACE',''
  ) );
#12498 = PCURVE('',#10237,#12499);
#12499 = DEFINITIONAL_REPRESENTATION('',(#12500),#12504);
#12500 = LINE('',#12501,#12502);
#12501 = CARTESIAN_POINT('',(0.,-3.));
#12502 = VECTOR('',#12503,1.);
#12503 = DIRECTION('',(1.,0.));
#12504 = ( GEOMETRIC_REPRESENTATION_CONTEXT(2) 
PARAMETRIC_REPRESENTATION_CONTEXT() REPRESENTATION_CONTEXT('2D SPACE',''
  ) );
#12505 = ORIENTED_EDGE('',*,*,#10751,.T.);
#12506 = ORIENTED_EDGE('',*,*,#12459,.F.);
#12507 = ADVANCED_FACE('',(#12508),#10237,.F.);
#12508 = FACE_BOUND('',#12509,.F.);
#12509 = EDGE_LOOP('',(#12510,#12511,#12530,#12531));
#12510 = ORIENTED_EDGE('',*,*,#10774,.F.);
#12511 = ORIENTED_EDGE('',*,*,#12512,.T.);
#12512 = EDGE_CURVE('',#10775,#10194,#12513,.T.);
#12513 = SURFACE_CURVE('',#12514,(#12518,#12524),.PCURVE_S1.);
#12514 = LINE('',#12515,#12516);
#12515 = CARTESIAN_POINT('',(84.767777777778,-4.664351851852,5.));
#12516 = VECTOR('',#12517,1.);
#12517 = DIRECTION('',(-0.,0.,-1.));
#12518 = PCURVE('',#10237,#12519);
#12519 = DEFINITIONAL_REPRESENTATION('',(#12520),#12523);
#12520 = B_SPLINE_CURVE_WITH_KNOTS('',1,(#12521,#12522),.UNSPECIFIED.,
  .F.,.F.,(2,2),(-6.,-0.),.PIECEWISE_BEZIER_KNOTS.);
#12521 = CARTESIAN_POINT('',(6.,-2.79190040616));
#12522 = CARTESIAN_POINT('',(0.,-2.79190040616));
#12523 = ( GEOMETRIC_REPRESENTATION_CONTEXT(2) 
PARAMETRIC_REPRESENTATION_CONTEXT() REPRESENTATION_CONTEXT('2D SPACE',''
  ) );
#12524 = PCURVE('',#10209,#12525);
#12525 = DEFINITIONAL_REPRESENTATION('',(#12526),#12529);
#12526 = B_SPLINE_CURVE_WITH_KNOTS('',1,(#12527,#12528),.UNSPECIFIED.,
  .F.,.F.,(2,2),(-6.,-0.),.PIECEWISE_BEZIER_KNOTS.);
#12527 = CARTESIAN_POINT('',(6.,6.055555555556));
#12528 = CARTESIAN_POINT('',(0.,6.055555555556));
#12529 = ( GEOMETRIC_REPRESENTATION_CONTEXT(2) 
PARAMETRIC_REPRESENTATION_CONTEXT() REPRESENTATION_CONTEXT('2D SPACE',''
  ) );
#12530 = ORIENTED_EDGE('',*,*,#10221,.T.);
#12531 = ORIENTED_EDGE('',*,*,#12485,.T.);
#12532 = ADVANCED_FACE('',(#12533),#10209,.T.);
#12533 = FACE_BOUND('',#12534,.T.);
#12534 = EDGE_LOOP('',(#12535,#12536,#12557,#12558));
#12535 = ORIENTED_EDGE('',*,*,#10193,.F.);
#12536 = ORIENTED_EDGE('',*,*,#12537,.T.);
#12537 = EDGE_CURVE('',#10166,#10798,#12538,.T.);
#12538 = SURFACE_CURVE('',#12539,(#12543,#12550),.PCURVE_S1.);
#12539 = LINE('',#12540,#12541);
#12540 = CARTESIAN_POINT('',(78.712222222222,-4.664351851852,5.));
#12541 = VECTOR('',#12542,1.);
#12542 = DIRECTION('',(0.,0.,1.));
#12543 = PCURVE('',#10209,#12544);
#12544 = DEFINITIONAL_REPRESENTATION('',(#12545),#12549);
#12545 = LINE('',#12546,#12547);
#12546 = CARTESIAN_POINT('',(0.,0.));
#12547 = VECTOR('',#12548,1.);
#12548 = DIRECTION('',(1.,0.));
#12549 = ( GEOMETRIC_REPRESENTATION_CONTEXT(2) 
PARAMETRIC_REPRESENTATION_CONTEXT() REPRESENTATION_CONTEXT('2D SPACE',''
  ) );
#12550 = PCURVE('',#10181,#12551);
#12551 = DEFINITIONAL_REPRESENTATION('',(#12552),#12556);
#12552 = LINE('',#12553,#12554);
#12553 = CARTESIAN_POINT('',(0.,-3.));
#12554 = VECTOR('',#12555,1.);
#12555 = DIRECTION('',(1.,0.));
#12556 = ( GEOMETRIC_REPRESENTATION_CONTEXT(2) 
PARAMETRIC_REPRESENTATION_CONTEXT() REPRESENTATION_CONTEXT('2D SPACE',''
  ) );
#12557 = ORIENTED_EDGE('',*,*,#10797,.T.);
#12558 = ORIENTED_EDGE('',*,*,#12512,.T.);
#12559 = ADVANCED_FACE('',(#12560),#10181,.F.);
#12560 = FACE_BOUND('',#12561,.F.);
#12561 = EDGE_LOOP('',(#12562,#12563,#12582,#12583));
#12562 = ORIENTED_EDGE('',*,*,#10820,.F.);
#12563 = ORIENTED_EDGE('',*,*,#12564,.T.);
#12564 = EDGE_CURVE('',#10821,#10138,#12565,.T.);
#12565 = SURFACE_CURVE('',#12566,(#12570,#12576),.PCURVE_S1.);
#12566 = LINE('',#12567,#12568);
#12567 = CARTESIAN_POINT('',(78.712222222222,-5.034722222222,5.));
#12568 = VECTOR('',#12569,1.);
#12569 = DIRECTION('',(-0.,0.,-1.));
#12570 = PCURVE('',#10181,#12571);
#12571 = DEFINITIONAL_REPRESENTATION('',(#12572),#12575);
#12572 = B_SPLINE_CURVE_WITH_KNOTS('',1,(#12573,#12574),.UNSPECIFIED.,
  .F.,.F.,(2,2),(-6.,-0.),.PIECEWISE_BEZIER_KNOTS.);
#12573 = CARTESIAN_POINT('',(6.,-2.62962962963));
#12574 = CARTESIAN_POINT('',(0.,-2.62962962963));
#12575 = ( GEOMETRIC_REPRESENTATION_CONTEXT(2) 
PARAMETRIC_REPRESENTATION_CONTEXT() REPRESENTATION_CONTEXT('2D SPACE',''
  ) );
#12576 = PCURVE('',#10153,#12577);
#12577 = DEFINITIONAL_REPRESENTATION('',(#12578),#12581);
#12578 = B_SPLINE_CURVE_WITH_KNOTS('',1,(#12579,#12580),.UNSPECIFIED.,
  .F.,.F.,(2,2),(-6.,-0.),.PIECEWISE_BEZIER_KNOTS.);
#12579 = CARTESIAN_POINT('',(6.,6.055555555556));
#12580 = CARTESIAN_POINT('',(0.,6.055555555556));
#12581 = ( GEOMETRIC_REPRESENTATION_CONTEXT(2) 
PARAMETRIC_REPRESENTATION_CONTEXT() REPRESENTATION_CONTEXT('2D SPACE',''
  ) );
#12582 = ORIENTED_EDGE('',*,*,#10165,.T.);
#12583 = ORIENTED_EDGE('',*,*,#12537,.T.);
#12584 = ADVANCED_FACE('',(#12585),#10153,.T.);
#12585 = FACE_BOUND('',#12586,.T.);
#12586 = EDGE_LOOP('',(#12587,#12588,#12609,#12610));
#12587 = ORIENTED_EDGE('',*,*,#10137,.F.);
#12588 = ORIENTED_EDGE('',*,*,#12589,.T.);
#12589 = EDGE_CURVE('',#10110,#10844,#12590,.T.);
#12590 = SURFACE_CURVE('',#12591,(#12595,#12602),.PCURVE_S1.);
#12591 = LINE('',#12592,#12593);
#12592 = CARTESIAN_POINT('',(72.656666666667,-5.034722222222,5.));
#12593 = VECTOR('',#12594,1.);
#12594 = DIRECTION('',(0.,0.,1.));
#12595 = PCURVE('',#10153,#12596);
#12596 = DEFINITIONAL_REPRESENTATION('',(#12597),#12601);
#12597 = LINE('',#12598,#12599);
#12598 = CARTESIAN_POINT('',(0.,0.));
#12599 = VECTOR('',#12600,1.);
#12600 = DIRECTION('',(1.,0.));
#12601 = ( GEOMETRIC_REPRESENTATION_CONTEXT(2) 
PARAMETRIC_REPRESENTATION_CONTEXT() REPRESENTATION_CONTEXT('2D SPACE',''
  ) );
#12602 = PCURVE('',#10125,#12603);
#12603 = DEFINITIONAL_REPRESENTATION('',(#12604),#12608);
#12604 = LINE('',#12605,#12606);
#12605 = CARTESIAN_POINT('',(0.,-3.));
#12606 = VECTOR('',#12607,1.);
#12607 = DIRECTION('',(1.,0.));
#12608 = ( GEOMETRIC_REPRESENTATION_CONTEXT(2) 
PARAMETRIC_REPRESENTATION_CONTEXT() REPRESENTATION_CONTEXT('2D SPACE',''
  ) );
#12609 = ORIENTED_EDGE('',*,*,#10843,.T.);
#12610 = ORIENTED_EDGE('',*,*,#12564,.T.);
#12611 = ADVANCED_FACE('',(#12612),#10125,.F.);
#12612 = FACE_BOUND('',#12613,.F.);
#12613 = EDGE_LOOP('',(#12614,#12615,#12634,#12635));
#12614 = ORIENTED_EDGE('',*,*,#10866,.F.);
#12615 = ORIENTED_EDGE('',*,*,#12616,.T.);
#12616 = EDGE_CURVE('',#10867,#10082,#12617,.T.);
#12617 = SURFACE_CURVE('',#12618,(#12622,#12628),.PCURVE_S1.);
#12618 = LINE('',#12619,#12620);
#12619 = CARTESIAN_POINT('',(72.656666666667,-5.431944444444,5.));
#12620 = VECTOR('',#12621,1.);
#12621 = DIRECTION('',(-0.,0.,-1.));
#12622 = PCURVE('',#10125,#12623);
#12623 = DEFINITIONAL_REPRESENTATION('',(#12624),#12627);
#12624 = B_SPLINE_CURVE_WITH_KNOTS('',1,(#12625,#12626),.UNSPECIFIED.,
  .F.,.F.,(2,2),(-6.,-0.),.PIECEWISE_BEZIER_KNOTS.);
#12625 = CARTESIAN_POINT('',(6.,-2.602777777778));
#12626 = CARTESIAN_POINT('',(0.,-2.602777777778));
#12627 = ( GEOMETRIC_REPRESENTATION_CONTEXT(2) 
PARAMETRIC_REPRESENTATION_CONTEXT() REPRESENTATION_CONTEXT('2D SPACE',''
  ) );
#12628 = PCURVE('',#10097,#12629);
#12629 = DEFINITIONAL_REPRESENTATION('',(#12630),#12633);
#12630 = B_SPLINE_CURVE_WITH_KNOTS('',1,(#12631,#12632),.UNSPECIFIED.,
  .F.,.F.,(2,2),(-6.,-0.),.PIECEWISE_BEZIER_KNOTS.);
#12631 = CARTESIAN_POINT('',(6.,6.055555555556));
#12632 = CARTESIAN_POINT('',(0.,6.055555555556));
#12633 = ( GEOMETRIC_REPRESENTATION_CONTEXT(2) 
PARAMETRIC_REPRESENTATION_CONTEXT() REPRESENTATION_CONTEXT('2D SPACE',''
  ) );
#12634 = ORIENTED_EDGE('',*,*,#10109,.T.);
#12635 = ORIENTED_EDGE('',*,*,#12589,.T.);
#12636 = ADVANCED_FACE('',(#12637),#10097,.T.);
#12637 = FACE_BOUND('',#12638,.T.);
#12638 = EDGE_LOOP('',(#12639,#12640,#12661,#12662));
#12639 = ORIENTED_EDGE('',*,*,#10081,.F.);
#12640 = ORIENTED_EDGE('',*,*,#12641,.T.);
#12641 = EDGE_CURVE('',#10054,#10890,#12642,.T.);
#12642 = SURFACE_CURVE('',#12643,(#12647,#12654),.PCURVE_S1.);
#12643 = LINE('',#12644,#12645);
#12644 = CARTESIAN_POINT('',(66.601111111111,-5.431944444444,5.));
#12645 = VECTOR('',#12646,1.);
#12646 = DIRECTION('',(0.,0.,1.));
#12647 = PCURVE('',#10097,#12648);
#12648 = DEFINITIONAL_REPRESENTATION('',(#12649),#12653);
#12649 = LINE('',#12650,#12651);
#12650 = CARTESIAN_POINT('',(0.,0.));
#12651 = VECTOR('',#12652,1.);
#12652 = DIRECTION('',(1.,0.));
#12653 = ( GEOMETRIC_REPRESENTATION_CONTEXT(2) 
PARAMETRIC_REPRESENTATION_CONTEXT() REPRESENTATION_CONTEXT('2D SPACE',''
  ) );
#12654 = PCURVE('',#10069,#12655);
#12655 = DEFINITIONAL_REPRESENTATION('',(#12656),#12660);
#12656 = LINE('',#12657,#12658);
#12657 = CARTESIAN_POINT('',(0.,-3.));
#12658 = VECTOR('',#12659,1.);
#12659 = DIRECTION('',(1.,0.));
#12660 = ( GEOMETRIC_REPRESENTATION_CONTEXT(2) 
PARAMETRIC_REPRESENTATION_CONTEXT() REPRESENTATION_CONTEXT('2D SPACE',''
  ) );
#12661 = ORIENTED_EDGE('',*,*,#10889,.T.);
#12662 = ORIENTED_EDGE('',*,*,#12616,.T.);
#12663 = ADVANCED_FACE('',(#12664),#10069,.F.);
#12664 = FACE_BOUND('',#12665,.F.);
#12665 = EDGE_LOOP('',(#12666,#12667,#12686,#12687));
#12666 = ORIENTED_EDGE('',*,*,#10912,.F.);
#12667 = ORIENTED_EDGE('',*,*,#12668,.T.);
#12668 = EDGE_CURVE('',#10913,#10026,#12669,.T.);
#12669 = SURFACE_CURVE('',#12670,(#12674,#12680),.PCURVE_S1.);
#12670 = LINE('',#12671,#12672);
#12671 = CARTESIAN_POINT('',(66.601111111111,-5.829166666667,5.));
#12672 = VECTOR('',#12673,1.);
#12673 = DIRECTION('',(-0.,0.,-1.));
#12674 = PCURVE('',#10069,#12675);
#12675 = DEFINITIONAL_REPRESENTATION('',(#12676),#12679);
#12676 = B_SPLINE_CURVE_WITH_KNOTS('',1,(#12677,#12678),.UNSPECIFIED.,
  .F.,.F.,(2,2),(-6.,-0.),.PIECEWISE_BEZIER_KNOTS.);
#12677 = CARTESIAN_POINT('',(6.,-2.602777777778));
#12678 = CARTESIAN_POINT('',(0.,-2.602777777778));
#12679 = ( GEOMETRIC_REPRESENTATION_CONTEXT(2) 
PARAMETRIC_REPRESENTATION_CONTEXT() REPRESENTATION_CONTEXT('2D SPACE',''
  ) );
#12680 = PCURVE('',#10041,#12681);
#12681 = DEFINITIONAL_REPRESENTATION('',(#12682),#12685);
#12682 = B_SPLINE_CURVE_WITH_KNOTS('',1,(#12683,#12684),.UNSPECIFIED.,
  .F.,.F.,(2,2),(-6.,-0.),.PIECEWISE_BEZIER_KNOTS.);
#12683 = CARTESIAN_POINT('',(6.,6.055555555556));
#12684 = CARTESIAN_POINT('',(0.,6.055555555556));
#12685 = ( GEOMETRIC_REPRESENTATION_CONTEXT(2) 
PARAMETRIC_REPRESENTATION_CONTEXT() REPRESENTATION_CONTEXT('2D SPACE',''
  ) );
#12686 = ORIENTED_EDGE('',*,*,#10053,.T.);
#12687 = ORIENTED_EDGE('',*,*,#12641,.T.);
#12688 = ADVANCED_FACE('',(#12689),#10041,.T.);
#12689 = FACE_BOUND('',#12690,.T.);
#12690 = EDGE_LOOP('',(#12691,#12692,#12713,#12714));
#12691 = ORIENTED_EDGE('',*,*,#10025,.F.);
#12692 = ORIENTED_EDGE('',*,*,#12693,.T.);
#12693 = EDGE_CURVE('',#9998,#10936,#12694,.T.);
#12694 = SURFACE_CURVE('',#12695,(#12699,#12706),.PCURVE_S1.);
#12695 = LINE('',#12696,#12697);
#12696 = CARTESIAN_POINT('',(60.545555555556,-5.829166666667,5.));
#12697 = VECTOR('',#12698,1.);
#12698 = DIRECTION('',(0.,0.,1.));
#12699 = PCURVE('',#10041,#12700);
#12700 = DEFINITIONAL_REPRESENTATION('',(#12701),#12705);
#12701 = LINE('',#12702,#12703);
#12702 = CARTESIAN_POINT('',(0.,0.));
#12703 = VECTOR('',#12704,1.);
#12704 = DIRECTION('',(1.,0.));
#12705 = ( GEOMETRIC_REPRESENTATION_CONTEXT(2) 
PARAMETRIC_REPRESENTATION_CONTEXT() REPRESENTATION_CONTEXT('2D SPACE',''
  ) );
#12706 = PCURVE('',#10013,#12707);
#12707 = DEFINITIONAL_REPRESENTATION('',(#12708),#12712);
#12708 = LINE('',#12709,#12710);
#12709 = CARTESIAN_POINT('',(0.,-3.));
#12710 = VECTOR('',#12711,1.);
#12711 = DIRECTION('',(1.,0.));
#12712 = ( GEOMETRIC_REPRESENTATION_CONTEXT(2) 
PARAMETRIC_REPRESENTATION_CONTEXT() REPRESENTATION_CONTEXT('2D SPACE',''
  ) );
#12713 = ORIENTED_EDGE('',*,*,#10935,.T.);
#12714 = ORIENTED_EDGE('',*,*,#12668,.T.);
#12715 = ADVANCED_FACE('',(#12716),#10013,.F.);
#12716 = FACE_BOUND('',#12717,.F.);
#12717 = EDGE_LOOP('',(#12718,#12719,#12738,#12739));
#12718 = ORIENTED_EDGE('',*,*,#10958,.F.);
#12719 = ORIENTED_EDGE('',*,*,#12720,.T.);
#12720 = EDGE_CURVE('',#10959,#9970,#12721,.T.);
#12721 = SURFACE_CURVE('',#12722,(#12726,#12732),.PCURVE_S1.);
#12722 = LINE('',#12723,#12724);
#12723 = CARTESIAN_POINT('',(60.545555555556,-6.226388888889,5.));
#12724 = VECTOR('',#12725,1.);
#12725 = DIRECTION('',(-0.,0.,-1.));
#12726 = PCURVE('',#10013,#12727);
#12727 = DEFINITIONAL_REPRESENTATION('',(#12728),#12731);
#12728 = B_SPLINE_CURVE_WITH_KNOTS('',1,(#12729,#12730),.UNSPECIFIED.,
  .F.,.F.,(2,2),(-6.,-0.),.PIECEWISE_BEZIER_KNOTS.);
#12729 = CARTESIAN_POINT('',(6.,-2.602777777778));
#12730 = CARTESIAN_POINT('',(0.,-2.602777777778));
#12731 = ( GEOMETRIC_REPRESENTATION_CONTEXT(2) 
PARAMETRIC_REPRESENTATION_CONTEXT() REPRESENTATION_CONTEXT('2D SPACE',''
  ) );
#12732 = PCURVE('',#9985,#12733);
#12733 = DEFINITIONAL_REPRESENTATION('',(#12734),#12737);
#12734 = B_SPLINE_CURVE_WITH_KNOTS('',1,(#12735,#12736),.UNSPECIFIED.,
  .F.,.F.,(2,2),(-6.,-0.),.PIECEWISE_BEZIER_KNOTS.);
#12735 = CARTESIAN_POINT('',(6.,6.055555555556));
#12736 = CARTESIAN_POINT('',(0.,6.055555555556));
#12737 = ( GEOMETRIC_REPRESENTATION_CONTEXT(2) 
PARAMETRIC_REPRESENTATION_CONTEXT() REPRESENTATION_CONTEXT('2D SPACE',''
  ) );
#12738 = ORIENTED_EDGE('',*,*,#9997,.T.);
#12739 = ORIENTED_EDGE('',*,*,#12693,.T.);
#12740 = ADVANCED_FACE('',(#12741),#9985,.T.);
#12741 = FACE_BOUND('',#12742,.T.);
#12742 = EDGE_LOOP('',(#12743,#12744,#12765,#12766));
#12743 = ORIENTED_EDGE('',*,*,#9969,.F.);
#12744 = ORIENTED_EDGE('',*,*,#12745,.T.);
#12745 = EDGE_CURVE('',#9942,#10982,#12746,.T.);
#12746 = SURFACE_CURVE('',#12747,(#12751,#12758),.PCURVE_S1.);
#12747 = LINE('',#12748,#12749);
#12748 = CARTESIAN_POINT('',(54.49,-6.226388888889,5.));
#12749 = VECTOR('',#12750,1.);
#12750 = DIRECTION('',(0.,0.,1.));
#12751 = PCURVE('',#9985,#12752);
#12752 = DEFINITIONAL_REPRESENTATION('',(#12753),#12757);
#12753 = LINE('',#12754,#12755);
#12754 = CARTESIAN_POINT('',(0.,0.));
#12755 = VECTOR('',#12756,1.);
#12756 = DIRECTION('',(1.,0.));
#12757 = ( GEOMETRIC_REPRESENTATION_CONTEXT(2) 
PARAMETRIC_REPRESENTATION_CONTEXT() REPRESENTATION_CONTEXT('2D SPACE',''
  ) );
#12758 = PCURVE('',#9957,#12759);
#12759 = DEFINITIONAL_REPRESENTATION('',(#12760),#12764);
#12760 = LINE('',#12761,#12762);
#12761 = CARTESIAN_POINT('',(0.,-3.));
#12762 = VECTOR('',#12763,1.);
#12763 = DIRECTION('',(1.,0.));
#12764 = ( GEOMETRIC_REPRESENTATION_CONTEXT(2) 
PARAMETRIC_REPRESENTATION_CONTEXT() REPRESENTATION_CONTEXT('2D SPACE',''
  ) );
#12765 = ORIENTED_EDGE('',*,*,#10981,.T.);
#12766 = ORIENTED_EDGE('',*,*,#12720,.T.);
#12767 = ADVANCED_FACE('',(#12768),#9957,.F.);
#12768 = FACE_BOUND('',#12769,.F.);
#12769 = EDGE_LOOP('',(#12770,#12771,#12790,#12791));
#12770 = ORIENTED_EDGE('',*,*,#11004,.F.);
#12771 = ORIENTED_EDGE('',*,*,#12772,.T.);
#12772 = EDGE_CURVE('',#11005,#9914,#12773,.T.);
#12773 = SURFACE_CURVE('',#12774,(#12778,#12784),.PCURVE_S1.);
#12774 = LINE('',#12775,#12776);
#12775 = CARTESIAN_POINT('',(54.49,-6.623611111111,5.));
#12776 = VECTOR('',#12777,1.);
#12777 = DIRECTION('',(-0.,0.,-1.));
#12778 = PCURVE('',#9957,#12779);
#12779 = DEFINITIONAL_REPRESENTATION('',(#12780),#12783);
#12780 = B_SPLINE_CURVE_WITH_KNOTS('',1,(#12781,#12782),.UNSPECIFIED.,
  .F.,.F.,(2,2),(-6.,-0.),.PIECEWISE_BEZIER_KNOTS.);
#12781 = CARTESIAN_POINT('',(6.,-2.602777777778));
#12782 = CARTESIAN_POINT('',(0.,-2.602777777778));
#12783 = ( GEOMETRIC_REPRESENTATION_CONTEXT(2) 
PARAMETRIC_REPRESENTATION_CONTEXT() REPRESENTATION_CONTEXT('2D SPACE',''
  ) );
#12784 = PCURVE('',#9929,#12785);
#12785 = DEFINITIONAL_REPRESENTATION('',(#12786),#12789);
#12786 = B_SPLINE_CURVE_WITH_KNOTS('',1,(#12787,#12788),.UNSPECIFIED.,
  .F.,.F.,(2,2),(-6.,-0.),.PIECEWISE_BEZIER_KNOTS.);
#12787 = CARTESIAN_POINT('',(6.,6.055555555556));
#12788 = CARTESIAN_POINT('',(0.,6.055555555556));
#12789 = ( GEOMETRIC_REPRESENTATION_CONTEXT(2) 
PARAMETRIC_REPRESENTATION_CONTEXT() REPRESENTATION_CONTEXT('2D SPACE',''
  ) );
#12790 = ORIENTED_EDGE('',*,*,#9941,.T.);
#12791 = ORIENTED_EDGE('',*,*,#12745,.T.);
#12792 = ADVANCED_FACE('',(#12793),#9929,.T.);
#12793 = FACE_BOUND('',#12794,.T.);
#12794 = EDGE_LOOP('',(#12795,#12796,#12817,#12818));
#12795 = ORIENTED_EDGE('',*,*,#9913,.F.);
#12796 = ORIENTED_EDGE('',*,*,#12797,.T.);
#12797 = EDGE_CURVE('',#9886,#11028,#12798,.T.);
#12798 = SURFACE_CURVE('',#12799,(#12803,#12810),.PCURVE_S1.);
#12799 = LINE('',#12800,#12801);
#12800 = CARTESIAN_POINT('',(48.434444444444,-6.623611111111,5.));
#12801 = VECTOR('',#12802,1.);
#12802 = DIRECTION('',(0.,0.,1.));
#12803 = PCURVE('',#9929,#12804);
#12804 = DEFINITIONAL_REPRESENTATION('',(#12805),#12809);
#12805 = LINE('',#12806,#12807);
#12806 = CARTESIAN_POINT('',(0.,0.));
#12807 = VECTOR('',#12808,1.);
#12808 = DIRECTION('',(1.,0.));
#12809 = ( GEOMETRIC_REPRESENTATION_CONTEXT(2) 
PARAMETRIC_REPRESENTATION_CONTEXT() REPRESENTATION_CONTEXT('2D SPACE',''
  ) );
#12810 = PCURVE('',#9901,#12811);
#12811 = DEFINITIONAL_REPRESENTATION('',(#12812),#12816);
#12812 = LINE('',#12813,#12814);
#12813 = CARTESIAN_POINT('',(0.,-3.));
#12814 = VECTOR('',#12815,1.);
#12815 = DIRECTION('',(1.,0.));
#12816 = ( GEOMETRIC_REPRESENTATION_CONTEXT(2) 
PARAMETRIC_REPRESENTATION_CONTEXT() REPRESENTATION_CONTEXT('2D SPACE',''
  ) );
#12817 = ORIENTED_EDGE('',*,*,#11027,.T.);
#12818 = ORIENTED_EDGE('',*,*,#12772,.T.);
#12819 = ADVANCED_FACE('',(#12820),#9901,.F.);
#12820 = FACE_BOUND('',#12821,.F.);
#12821 = EDGE_LOOP('',(#12822,#12823,#12842,#12843));
#12822 = ORIENTED_EDGE('',*,*,#11050,.F.);
#12823 = ORIENTED_EDGE('',*,*,#12824,.T.);
#12824 = EDGE_CURVE('',#11051,#9858,#12825,.T.);
#12825 = SURFACE_CURVE('',#12826,(#12830,#12836),.PCURVE_S1.);
#12826 = LINE('',#12827,#12828);
#12827 = CARTESIAN_POINT('',(48.434444444444,-7.020833333333,5.));
#12828 = VECTOR('',#12829,1.);
#12829 = DIRECTION('',(-0.,0.,-1.));
#12830 = PCURVE('',#9901,#12831);
#12831 = DEFINITIONAL_REPRESENTATION('',(#12832),#12835);
#12832 = B_SPLINE_CURVE_WITH_KNOTS('',1,(#12833,#12834),.UNSPECIFIED.,
  .F.,.F.,(2,2),(-6.,-0.),.PIECEWISE_BEZIER_KNOTS.);
#12833 = CARTESIAN_POINT('',(6.,-2.602777777778));
#12834 = CARTESIAN_POINT('',(0.,-2.602777777778));
#12835 = ( GEOMETRIC_REPRESENTATION_CONTEXT(2) 
PARAMETRIC_REPRESENTATION_CONTEXT() REPRESENTATION_CONTEXT('2D SPACE',''
  ) );
#12836 = PCURVE('',#9873,#12837);
#12837 = DEFINITIONAL_REPRESENTATION('',(#12838),#12841);
#12838 = B_SPLINE_CURVE_WITH_KNOTS('',1,(#12839,#12840),.UNSPECIFIED.,
  .F.,.F.,(2,2),(-6.,-0.),.PIECEWISE_BEZIER_KNOTS.);
#12839 = CARTESIAN_POINT('',(6.,6.055555555556));
#12840 = CARTESIAN_POINT('',(0.,6.055555555556));
#12841 = ( GEOMETRIC_REPRESENTATION_CONTEXT(2) 
PARAMETRIC_REPRESENTATION_CONTEXT() REPRESENTATION_CONTEXT('2D SPACE',''
  ) );
#12842 = ORIENTED_EDGE('',*,*,#9885,.T.);
#12843 = ORIENTED_EDGE('',*,*,#12797,.T.);
#12844 = ADVANCED_FACE('',(#12845),#9873,.T.);
#12845 = FACE_BOUND('',#12846,.T.);
#12846 = EDGE_LOOP('',(#12847,#12848,#12869,#12870));
#12847 = ORIENTED_EDGE('',*,*,#9857,.F.);
#12848 = ORIENTED_EDGE('',*,*,#12849,.T.);
#12849 = EDGE_CURVE('',#9830,#11074,#12850,.T.);
#12850 = SURFACE_CURVE('',#12851,(#12855,#12862),.PCURVE_S1.);
#12851 = LINE('',#12852,#12853);
#12852 = CARTESIAN_POINT('',(42.378888888889,-7.020833333333,5.));
#12853 = VECTOR('',#12854,1.);
#12854 = DIRECTION('',(0.,0.,1.));
#12855 = PCURVE('',#9873,#12856);
#12856 = DEFINITIONAL_REPRESENTATION('',(#12857),#12861);
#12857 = LINE('',#12858,#12859);
#12858 = CARTESIAN_POINT('',(0.,0.));
#12859 = VECTOR('',#12860,1.);
#12860 = DIRECTION('',(1.,0.));
#12861 = ( GEOMETRIC_REPRESENTATION_CONTEXT(2) 
PARAMETRIC_REPRESENTATION_CONTEXT() REPRESENTATION_CONTEXT('2D SPACE',''
  ) );
#12862 = PCURVE('',#9845,#12863);
#12863 = DEFINITIONAL_REPRESENTATION('',(#12864),#12868);
#12864 = LINE('',#12865,#12866);
#12865 = CARTESIAN_POINT('',(0.,-3.));
#12866 = VECTOR('',#12867,1.);
#12867 = DIRECTION('',(1.,0.));
#12868 = ( GEOMETRIC_REPRESENTATION_CONTEXT(2) 
PARAMETRIC_REPRESENTATION_CONTEXT() REPRESENTATION_CONTEXT('2D SPACE',''
  ) );
#12869 = ORIENTED_EDGE('',*,*,#11073,.T.);
#12870 = ORIENTED_EDGE('',*,*,#12824,.T.);
#12871 = ADVANCED_FACE('',(#12872),#9845,.F.);
#12872 = FACE_BOUND('',#12873,.F.);
#12873 = EDGE_LOOP('',(#12874,#12875,#12894,#12895));
#12874 = ORIENTED_EDGE('',*,*,#11096,.F.);
#12875 = ORIENTED_EDGE('',*,*,#12876,.T.);
#12876 = EDGE_CURVE('',#11097,#9802,#12877,.T.);
#12877 = SURFACE_CURVE('',#12878,(#12882,#12888),.PCURVE_S1.);
#12878 = LINE('',#12879,#12880);
#12879 = CARTESIAN_POINT('',(42.378888888889,-7.418055555556,5.));
#12880 = VECTOR('',#12881,1.);
#12881 = DIRECTION('',(-0.,0.,-1.));
#12882 = PCURVE('',#9845,#12883);
#12883 = DEFINITIONAL_REPRESENTATION('',(#12884),#12887);
#12884 = B_SPLINE_CURVE_WITH_KNOTS('',1,(#12885,#12886),.UNSPECIFIED.,
  .F.,.F.,(2,2),(-6.,-0.),.PIECEWISE_BEZIER_KNOTS.);
#12885 = CARTESIAN_POINT('',(6.,-2.602777777778));
#12886 = CARTESIAN_POINT('',(0.,-2.602777777778));
#12887 = ( GEOMETRIC_REPRESENTATION_CONTEXT(2) 
PARAMETRIC_REPRESENTATION_CONTEXT() REPRESENTATION_CONTEXT('2D SPACE',''
  ) );
#12888 = PCURVE('',#9817,#12889);
#12889 = DEFINITIONAL_REPRESENTATION('',(#12890),#12893);
#12890 = B_SPLINE_CURVE_WITH_KNOTS('',1,(#12891,#12892),.UNSPECIFIED.,
  .F.,.F.,(2,2),(-6.,-0.),.PIECEWISE_BEZIER_KNOTS.);
#12891 = CARTESIAN_POINT('',(6.,6.055555555556));
#12892 = CARTESIAN_POINT('',(0.,6.055555555556));
#12893 = ( GEOMETRIC_REPRESENTATION_CONTEXT(2) 
PARAMETRIC_REPRESENTATION_CONTEXT() REPRESENTATION_CONTEXT('2D SPACE',''
  ) );
#12894 = ORIENTED_EDGE('',*,*,#9829,.T.);
#12895 = ORIENTED_EDGE('',*,*,#12849,.T.);
#12896 = ADVANCED_FACE('',(#12897),#9817,.T.);
#12897 = FACE_BOUND('',#12898,.T.);
#12898 = EDGE_LOOP('',(#12899,#12900,#12921,#12922));
#12899 = ORIENTED_EDGE('',*,*,#9801,.F.);
#12900 = ORIENTED_EDGE('',*,*,#12901,.T.);
#12901 = EDGE_CURVE('',#9774,#11120,#12902,.T.);
#12902 = SURFACE_CURVE('',#12903,(#12907,#12914),.PCURVE_S1.);
#12903 = LINE('',#12904,#12905);
#12904 = CARTESIAN_POINT('',(36.323333333333,-7.418055555556,5.));
#12905 = VECTOR('',#12906,1.);
#12906 = DIRECTION('',(0.,0.,1.));
#12907 = PCURVE('',#9817,#12908);
#12908 = DEFINITIONAL_REPRESENTATION('',(#12909),#12913);
#12909 = LINE('',#12910,#12911);
#12910 = CARTESIAN_POINT('',(0.,0.));
#12911 = VECTOR('',#12912,1.);
#12912 = DIRECTION('',(1.,0.));
#12913 = ( GEOMETRIC_REPRESENTATION_CONTEXT(2) 
PARAMETRIC_REPRESENTATION_CONTEXT() REPRESENTATION_CONTEXT('2D SPACE',''
  ) );
#12914 = PCURVE('',#9789,#12915);
#12915 = DEFINITIONAL_REPRESENTATION('',(#12916),#12920);
#12916 = LINE('',#12917,#12918);
#12917 = CARTESIAN_POINT('',(0.,-3.));
#12918 = VECTOR('',#12919,1.);
#12919 = DIRECTION('',(1.,0.));
#12920 = ( GEOMETRIC_REPRESENTATION_CONTEXT(2) 
PARAMETRIC_REPRESENTATION_CONTEXT() REPRESENTATION_CONTEXT('2D SPACE',''
  ) );
#12921 = ORIENTED_EDGE('',*,*,#11119,.T.);
#12922 = ORIENTED_EDGE('',*,*,#12876,.T.);
#12923 = ADVANCED_FACE('',(#12924),#9789,.F.);
#12924 = FACE_BOUND('',#12925,.F.);
#12925 = EDGE_LOOP('',(#12926,#12927,#12946,#12947));
#12926 = ORIENTED_EDGE('',*,*,#11142,.F.);
#12927 = ORIENTED_EDGE('',*,*,#12928,.T.);
#12928 = EDGE_CURVE('',#11143,#9746,#12929,.T.);
#12929 = SURFACE_CURVE('',#12930,(#12934,#12940),.PCURVE_S1.);
#12930 = LINE('',#12931,#12932);
#12931 = CARTESIAN_POINT('',(36.323333333333,-7.815277777778,5.));
#12932 = VECTOR('',#12933,1.);
#12933 = DIRECTION('',(-0.,0.,-1.));
#12934 = PCURVE('',#9789,#12935);
#12935 = DEFINITIONAL_REPRESENTATION('',(#12936),#12939);
#12936 = B_SPLINE_CURVE_WITH_KNOTS('',1,(#12937,#12938),.UNSPECIFIED.,
  .F.,.F.,(2,2),(-6.,-0.),.PIECEWISE_BEZIER_KNOTS.);
#12937 = CARTESIAN_POINT('',(6.,-2.602777777778));
#12938 = CARTESIAN_POINT('',(0.,-2.602777777778));
#12939 = ( GEOMETRIC_REPRESENTATION_CONTEXT(2) 
PARAMETRIC_REPRESENTATION_CONTEXT() REPRESENTATION_CONTEXT('2D SPACE',''
  ) );
#12940 = PCURVE('',#9761,#12941);
#12941 = DEFINITIONAL_REPRESENTATION('',(#12942),#12945);
#12942 = B_SPLINE_CURVE_WITH_KNOTS('',1,(#12943,#12944),.UNSPECIFIED.,
  .F.,.F.,(2,2),(-6.,-0.),.PIECEWISE_BEZIER_KNOTS.);
#12943 = CARTESIAN_POINT('',(6.,6.055555555556));
#12944 = CARTESIAN_POINT('',(0.,6.055555555556));
#12945 = ( GEOMETRIC_REPRESENTATION_CONTEXT(2) 
PARAMETRIC_REPRESENTATION_CONTEXT() REPRESENTATION_CONTEXT('2D SPACE',''
  ) );
#12946 = ORIENTED_EDGE('',*,*,#9773,.T.);
#12947 = ORIENTED_EDGE('',*,*,#12901,.T.);
#12948 = ADVANCED_FACE('',(#12949),#9761,.T.);
#12949 = FACE_BOUND('',#12950,.T.);
#12950 = EDGE_LOOP('',(#12951,#12952,#12973,#12974));
#12951 = ORIENTED_EDGE('',*,*,#9745,.F.);
#12952 = ORIENTED_EDGE('',*,*,#12953,.T.);
#12953 = EDGE_CURVE('',#9718,#11166,#12954,.T.);
#12954 = SURFACE_CURVE('',#12955,(#12959,#12966),.PCURVE_S1.);
#12955 = LINE('',#12956,#12957);
#12956 = CARTESIAN_POINT('',(30.267777777778,-7.815277777778,5.));
#12957 = VECTOR('',#12958,1.);
#12958 = DIRECTION('',(0.,0.,1.));
#12959 = PCURVE('',#9761,#12960);
#12960 = DEFINITIONAL_REPRESENTATION('',(#12961),#12965);
#12961 = LINE('',#12962,#12963);
#12962 = CARTESIAN_POINT('',(0.,0.));
#12963 = VECTOR('',#12964,1.);
#12964 = DIRECTION('',(1.,0.));
#12965 = ( GEOMETRIC_REPRESENTATION_CONTEXT(2) 
PARAMETRIC_REPRESENTATION_CONTEXT() REPRESENTATION_CONTEXT('2D SPACE',''
  ) );
#12966 = PCURVE('',#9733,#12967);
#12967 = DEFINITIONAL_REPRESENTATION('',(#12968),#12972);
#12968 = LINE('',#12969,#12970);
#12969 = CARTESIAN_POINT('',(0.,-3.));
#12970 = VECTOR('',#12971,1.);
#12971 = DIRECTION('',(1.,0.));
#12972 = ( GEOMETRIC_REPRESENTATION_CONTEXT(2) 
PARAMETRIC_REPRESENTATION_CONTEXT() REPRESENTATION_CONTEXT('2D SPACE',''
  ) );
#12973 = ORIENTED_EDGE('',*,*,#11165,.T.);
#12974 = ORIENTED_EDGE('',*,*,#12928,.T.);
#12975 = ADVANCED_FACE('',(#12976),#9733,.F.);
#12976 = FACE_BOUND('',#12977,.F.);
#12977 = EDGE_LOOP('',(#12978,#12979,#12998,#12999));
#12978 = ORIENTED_EDGE('',*,*,#11188,.F.);
#12979 = ORIENTED_EDGE('',*,*,#12980,.T.);
#12980 = EDGE_CURVE('',#11189,#9690,#12981,.T.);
#12981 = SURFACE_CURVE('',#12982,(#12986,#12992),.PCURVE_S1.);
#12982 = LINE('',#12983,#12984);
#12983 = CARTESIAN_POINT('',(30.267777777778,-8.2125,5.));
#12984 = VECTOR('',#12985,1.);
#12985 = DIRECTION('',(-0.,0.,-1.));
#12986 = PCURVE('',#9733,#12987);
#12987 = DEFINITIONAL_REPRESENTATION('',(#12988),#12991);
#12988 = B_SPLINE_CURVE_WITH_KNOTS('',1,(#12989,#12990),.UNSPECIFIED.,
  .F.,.F.,(2,2),(-6.,-0.),.PIECEWISE_BEZIER_KNOTS.);
#12989 = CARTESIAN_POINT('',(6.,-2.602777777778));
#12990 = CARTESIAN_POINT('',(0.,-2.602777777778));
#12991 = ( GEOMETRIC_REPRESENTATION_CONTEXT(2) 
PARAMETRIC_REPRESENTATION_CONTEXT() REPRESENTATION_CONTEXT('2D SPACE',''
  ) );
#12992 = PCURVE('',#9705,#12993);
#12993 = DEFINITIONAL_REPRESENTATION('',(#12994),#12997);
#12994 = B_SPLINE_CURVE_WITH_KNOTS('',1,(#12995,#12996),.UNSPECIFIED.,
  .F.,.F.,(2,2),(-6.,-0.),.PIECEWISE_BEZIER_KNOTS.);
#12995 = CARTESIAN_POINT('',(6.,6.055555555556));
#12996 = CARTESIAN_POINT('',(0.,6.055555555556));
#12997 = ( GEOMETRIC_REPRESENTATION_CONTEXT(2) 
PARAMETRIC_REPRESENTATION_CONTEXT() REPRESENTATION_CONTEXT('2D SPACE',''
  ) );
#12998 = ORIENTED_EDGE('',*,*,#9717,.T.);
#12999 = ORIENTED_EDGE('',*,*,#12953,.T.);
#13000 = ADVANCED_FACE('',(#13001),#9705,.T.);
#13001 = FACE_BOUND('',#13002,.T.);
#13002 = EDGE_LOOP('',(#13003,#13004,#13025,#13026));
#13003 = ORIENTED_EDGE('',*,*,#9689,.F.);
#13004 = ORIENTED_EDGE('',*,*,#13005,.T.);
#13005 = EDGE_CURVE('',#9662,#11212,#13006,.T.);
#13006 = SURFACE_CURVE('',#13007,(#13011,#13018),.PCURVE_S1.);
#13007 = LINE('',#13008,#13009);
#13008 = CARTESIAN_POINT('',(24.212222222222,-8.2125,5.));
#13009 = VECTOR('',#13010,1.);
#13010 = DIRECTION('',(0.,0.,1.));
#13011 = PCURVE('',#9705,#13012);
#13012 = DEFINITIONAL_REPRESENTATION('',(#13013),#13017);
#13013 = LINE('',#13014,#13015);
#13014 = CARTESIAN_POINT('',(0.,0.));
#13015 = VECTOR('',#13016,1.);
#13016 = DIRECTION('',(1.,0.));
#13017 = ( GEOMETRIC_REPRESENTATION_CONTEXT(2) 
PARAMETRIC_REPRESENTATION_CONTEXT() REPRESENTATION_CONTEXT('2D SPACE',''
  ) );
#13018 = PCURVE('',#9677,#13019);
#13019 = DEFINITIONAL_REPRESENTATION('',(#13020),#13024);
#13020 = LINE('',#13021,#13022);
#13021 = CARTESIAN_POINT('',(0.,-3.));
#13022 = VECTOR('',#13023,1.);
#13023 = DIRECTION('',(1.,0.));
#13024 = ( GEOMETRIC_REPRESENTATION_CONTEXT(2) 
PARAMETRIC_REPRESENTATION_CONTEXT() REPRESENTATION_CONTEXT('2D SPACE',''
  ) );
#13025 = ORIENTED_EDGE('',*,*,#11211,.T.);
#13026 = ORIENTED_EDGE('',*,*,#12980,.T.);
#13027 = ADVANCED_FACE('',(#13028),#9677,.F.);
#13028 = FACE_BOUND('',#13029,.F.);
#13029 = EDGE_LOOP('',(#13030,#13031,#13050,#13051));
#13030 = ORIENTED_EDGE('',*,*,#11234,.F.);
#13031 = ORIENTED_EDGE('',*,*,#13032,.T.);
#13032 = EDGE_CURVE('',#11235,#9634,#13033,.T.);
#13033 = SURFACE_CURVE('',#13034,(#13038,#13044),.PCURVE_S1.);
#13034 = LINE('',#13035,#13036);
#13035 = CARTESIAN_POINT('',(24.212222222222,-8.609722222222,5.));
#13036 = VECTOR('',#13037,1.);
#13037 = DIRECTION('',(-0.,0.,-1.));
#13038 = PCURVE('',#9677,#13039);
#13039 = DEFINITIONAL_REPRESENTATION('',(#13040),#13043);
#13040 = B_SPLINE_CURVE_WITH_KNOTS('',1,(#13041,#13042),.UNSPECIFIED.,
  .F.,.F.,(2,2),(-6.,-0.),.PIECEWISE_BEZIER_KNOTS.);
#13041 = CARTESIAN_POINT('',(6.,-2.602777777778));
#13042 = CARTESIAN_POINT('',(0.,-2.602777777778));
#13043 = ( GEOMETRIC_REPRESENTATION_CONTEXT(2) 
PARAMETRIC_REPRESENTATION_CONTEXT() REPRESENTATION_CONTEXT('2D SPACE',''
  ) );
#13044 = PCURVE('',#9649,#13045);
#13045 = DEFINITIONAL_REPRESENTATION('',(#13046),#13049);
#13046 = B_SPLINE_CURVE_WITH_KNOTS('',1,(#13047,#13048),.UNSPECIFIED.,
  .F.,.F.,(2,2),(-6.,-0.),.PIECEWISE_BEZIER_KNOTS.);
#13047 = CARTESIAN_POINT('',(6.,6.055555555556));
#13048 = CARTESIAN_POINT('',(0.,6.055555555556));
#13049 = ( GEOMETRIC_REPRESENTATION_CONTEXT(2) 
PARAMETRIC_REPRESENTATION_CONTEXT() REPRESENTATION_CONTEXT('2D SPACE',''
  ) );
#13050 = ORIENTED_EDGE('',*,*,#9661,.T.);
#13051 = ORIENTED_EDGE('',*,*,#13005,.T.);
#13052 = ADVANCED_FACE('',(#13053),#9649,.T.);
#13053 = FACE_BOUND('',#13054,.T.);
#13054 = EDGE_LOOP('',(#13055,#13056,#13077,#13078));
#13055 = ORIENTED_EDGE('',*,*,#9633,.F.);
#13056 = ORIENTED_EDGE('',*,*,#13057,.T.);
#13057 = EDGE_CURVE('',#9606,#11258,#13058,.T.);
#13058 = SURFACE_CURVE('',#13059,(#13063,#13070),.PCURVE_S1.);
#13059 = LINE('',#13060,#13061);
#13060 = CARTESIAN_POINT('',(18.156666666667,-8.609722222222,5.));
#13061 = VECTOR('',#13062,1.);
#13062 = DIRECTION('',(0.,0.,1.));
#13063 = PCURVE('',#9649,#13064);
#13064 = DEFINITIONAL_REPRESENTATION('',(#13065),#13069);
#13065 = LINE('',#13066,#13067);
#13066 = CARTESIAN_POINT('',(0.,0.));
#13067 = VECTOR('',#13068,1.);
#13068 = DIRECTION('',(1.,0.));
#13069 = ( GEOMETRIC_REPRESENTATION_CONTEXT(2) 
PARAMETRIC_REPRESENTATION_CONTEXT() REPRESENTATION_CONTEXT('2D SPACE',''
  ) );
#13070 = PCURVE('',#9621,#13071);
#13071 = DEFINITIONAL_REPRESENTATION('',(#13072),#13076);
#13072 = LINE('',#13073,#13074);
#13073 = CARTESIAN_POINT('',(0.,-3.));
#13074 = VECTOR('',#13075,1.);
#13075 = DIRECTION('',(1.,0.));
#13076 = ( GEOMETRIC_REPRESENTATION_CONTEXT(2) 
PARAMETRIC_REPRESENTATION_CONTEXT() REPRESENTATION_CONTEXT('2D SPACE',''
  ) );
#13077 = ORIENTED_EDGE('',*,*,#11257,.T.);
#13078 = ORIENTED_EDGE('',*,*,#13032,.T.);
#13079 = ADVANCED_FACE('',(#13080),#9621,.F.);
#13080 = FACE_BOUND('',#13081,.F.);
#13081 = EDGE_LOOP('',(#13082,#13083,#13102,#13103));
#13082 = ORIENTED_EDGE('',*,*,#11280,.F.);
#13083 = ORIENTED_EDGE('',*,*,#13084,.T.);
#13084 = EDGE_CURVE('',#11281,#9578,#13085,.T.);
#13085 = SURFACE_CURVE('',#13086,(#13090,#13096),.PCURVE_S1.);
#13086 = LINE('',#13087,#13088);
#13087 = CARTESIAN_POINT('',(18.156666666667,-9.006944444444,5.));
#13088 = VECTOR('',#13089,1.);
#13089 = DIRECTION('',(-0.,0.,-1.));
#13090 = PCURVE('',#9621,#13091);
#13091 = DEFINITIONAL_REPRESENTATION('',(#13092),#13095);
#13092 = B_SPLINE_CURVE_WITH_KNOTS('',1,(#13093,#13094),.UNSPECIFIED.,
  .F.,.F.,(2,2),(-6.,-0.),.PIECEWISE_BEZIER_KNOTS.);
#13093 = CARTESIAN_POINT('',(6.,-2.602777777778));
#13094 = CARTESIAN_POINT('',(0.,-2.602777777778));
#13095 = ( GEOMETRIC_REPRESENTATION_CONTEXT(2) 
PARAMETRIC_REPRESENTATION_CONTEXT() REPRESENTATION_CONTEXT('2D SPACE',''
  ) );
#13096 = PCURVE('',#9593,#13097);
#13097 = DEFINITIONAL_REPRESENTATION('',(#13098),#13101);
#13098 = B_SPLINE_CURVE_WITH_KNOTS('',1,(#13099,#13100),.UNSPECIFIED.,
  .F.,.F.,(2,2),(-6.,-0.),.PIECEWISE_BEZIER_KNOTS.);
#13099 = CARTESIAN_POINT('',(6.,6.055555555556));
#13100 = CARTESIAN_POINT('',(0.,6.055555555556));
#13101 = ( GEOMETRIC_REPRESENTATION_CONTEXT(2) 
PARAMETRIC_REPRESENTATION_CONTEXT() REPRESENTATION_CONTEXT('2D SPACE',''
  ) );
#13102 = ORIENTED_EDGE('',*,*,#9605,.T.);
#13103 = ORIENTED_EDGE('',*,*,#13057,.T.);
#13104 = ADVANCED_FACE('',(#13105),#9593,.T.);
#13105 = FACE_BOUND('',#13106,.T.);
#13106 = EDGE_LOOP('',(#13107,#13108,#13129,#13130));
#13107 = ORIENTED_EDGE('',*,*,#9577,.F.);
#13108 = ORIENTED_EDGE('',*,*,#13109,.T.);
#13109 = EDGE_CURVE('',#9550,#11304,#13110,.T.);
#13110 = SURFACE_CURVE('',#13111,(#13115,#13122),.PCURVE_S1.);
#13111 = LINE('',#13112,#13113);
#13112 = CARTESIAN_POINT('',(12.101111111111,-9.006944444444,5.));
#13113 = VECTOR('',#13114,1.);
#13114 = DIRECTION('',(0.,0.,1.));
#13115 = PCURVE('',#9593,#13116);
#13116 = DEFINITIONAL_REPRESENTATION('',(#13117),#13121);
#13117 = LINE('',#13118,#13119);
#13118 = CARTESIAN_POINT('',(0.,0.));
#13119 = VECTOR('',#13120,1.);
#13120 = DIRECTION('',(1.,0.));
#13121 = ( GEOMETRIC_REPRESENTATION_CONTEXT(2) 
PARAMETRIC_REPRESENTATION_CONTEXT() REPRESENTATION_CONTEXT('2D SPACE',''
  ) );
#13122 = PCURVE('',#9565,#13123);
#13123 = DEFINITIONAL_REPRESENTATION('',(#13124),#13128);
#13124 = LINE('',#13125,#13126);
#13125 = CARTESIAN_POINT('',(0.,-3.));
#13126 = VECTOR('',#13127,1.);
#13127 = DIRECTION('',(1.,0.));
#13128 = ( GEOMETRIC_REPRESENTATION_CONTEXT(2) 
PARAMETRIC_REPRESENTATION_CONTEXT() REPRESENTATION_CONTEXT('2D SPACE',''
  ) );
#13129 = ORIENTED_EDGE('',*,*,#11303,.T.);
#13130 = ORIENTED_EDGE('',*,*,#13084,.T.);
#13131 = ADVANCED_FACE('',(#13132),#9565,.F.);
#13132 = FACE_BOUND('',#13133,.F.);
#13133 = EDGE_LOOP('',(#13134,#13135,#13154,#13155));
#13134 = ORIENTED_EDGE('',*,*,#11326,.F.);
#13135 = ORIENTED_EDGE('',*,*,#13136,.T.);
#13136 = EDGE_CURVE('',#11327,#9522,#13137,.T.);
#13137 = SURFACE_CURVE('',#13138,(#13142,#13148),.PCURVE_S1.);
#13138 = LINE('',#13139,#13140);
#13139 = CARTESIAN_POINT('',(12.101111111111,-9.404166666667,5.));
#13140 = VECTOR('',#13141,1.);
#13141 = DIRECTION('',(-0.,0.,-1.));
#13142 = PCURVE('',#9565,#13143);
#13143 = DEFINITIONAL_REPRESENTATION('',(#13144),#13147);
#13144 = B_SPLINE_CURVE_WITH_KNOTS('',1,(#13145,#13146),.UNSPECIFIED.,
  .F.,.F.,(2,2),(-6.,-0.),.PIECEWISE_BEZIER_KNOTS.);
#13145 = CARTESIAN_POINT('',(6.,-2.602777777778));
#13146 = CARTESIAN_POINT('',(0.,-2.602777777778));
#13147 = ( GEOMETRIC_REPRESENTATION_CONTEXT(2) 
PARAMETRIC_REPRESENTATION_CONTEXT() REPRESENTATION_CONTEXT('2D SPACE',''
  ) );
#13148 = PCURVE('',#9537,#13149);
#13149 = DEFINITIONAL_REPRESENTATION('',(#13150),#13153);
#13150 = B_SPLINE_CURVE_WITH_KNOTS('',1,(#13151,#13152),.UNSPECIFIED.,
  .F.,.F.,(2,2),(-6.,-0.),.PIECEWISE_BEZIER_KNOTS.);
#13151 = CARTESIAN_POINT('',(6.,6.055555555556));
#13152 = CARTESIAN_POINT('',(0.,6.055555555556));
#13153 = ( GEOMETRIC_REPRESENTATION_CONTEXT(2) 
PARAMETRIC_REPRESENTATION_CONTEXT() REPRESENTATION_CONTEXT('2D SPACE',''
  ) );
#13154 = ORIENTED_EDGE('',*,*,#9549,.T.);
#13155 = ORIENTED_EDGE('',*,*,#13109,.T.);
#13156 = ADVANCED_FACE('',(#13157),#9537,.T.);
#13157 = FACE_BOUND('',#13158,.T.);
#13158 = EDGE_LOOP('',(#13159,#13160,#13181,#13182));
#13159 = ORIENTED_EDGE('',*,*,#9521,.F.);
#13160 = ORIENTED_EDGE('',*,*,#13161,.T.);
#13161 = EDGE_CURVE('',#9494,#11350,#13162,.T.);
#13162 = SURFACE_CURVE('',#13163,(#13167,#13174),.PCURVE_S1.);
#13163 = LINE('',#13164,#13165);
#13164 = CARTESIAN_POINT('',(6.045555555556,-9.404166666667,5.));
#13165 = VECTOR('',#13166,1.);
#13166 = DIRECTION('',(0.,0.,1.));
#13167 = PCURVE('',#9537,#13168);
#13168 = DEFINITIONAL_REPRESENTATION('',(#13169),#13173);
#13169 = LINE('',#13170,#13171);
#13170 = CARTESIAN_POINT('',(0.,0.));
#13171 = VECTOR('',#13172,1.);
#13172 = DIRECTION('',(1.,0.));
#13173 = ( GEOMETRIC_REPRESENTATION_CONTEXT(2) 
PARAMETRIC_REPRESENTATION_CONTEXT() REPRESENTATION_CONTEXT('2D SPACE',''
  ) );
#13174 = PCURVE('',#9509,#13175);
#13175 = DEFINITIONAL_REPRESENTATION('',(#13176),#13180);
#13176 = LINE('',#13177,#13178);
#13177 = CARTESIAN_POINT('',(0.,-3.));
#13178 = VECTOR('',#13179,1.);
#13179 = DIRECTION('',(1.,0.));
#13180 = ( GEOMETRIC_REPRESENTATION_CONTEXT(2) 
PARAMETRIC_REPRESENTATION_CONTEXT() REPRESENTATION_CONTEXT('2D SPACE',''
  ) );
#13181 = ORIENTED_EDGE('',*,*,#11349,.T.);
#13182 = ORIENTED_EDGE('',*,*,#13136,.T.);
#13183 = ADVANCED_FACE('',(#13184),#9509,.F.);
#13184 = FACE_BOUND('',#13185,.F.);
#13185 = EDGE_LOOP('',(#13186,#13187,#13188,#13189));
#13186 = ORIENTED_EDGE('',*,*,#11372,.F.);
#13187 = ORIENTED_EDGE('',*,*,#10531,.T.);
#13188 = ORIENTED_EDGE('',*,*,#9493,.T.);
#13189 = ORIENTED_EDGE('',*,*,#13161,.T.);
#13190 = ( GEOMETRIC_REPRESENTATION_CONTEXT(3) 
GLOBAL_UNCERTAINTY_ASSIGNED_CONTEXT((#13194)) 
GLOBAL_UNIT_ASSIGNED_CONTEXT((#13191,#13192,#13193)) 
REPRESENTATION_CONTEXT('Context #1',
  '3D Context with UNIT and UNCERTAINTY') );
#13191 = ( LENGTH_UNIT() NAMED_UNIT(*) SI_UNIT(.MILLI.,.METRE.) );
#13192 = ( NAMED_UNIT(*) PLANE_ANGLE_UNIT() SI_UNIT($,.RADIAN.) );
#13193 = ( NAMED_UNIT(*) SI_UNIT($,.STERADIAN.) SOLID_ANGLE_UNIT() );
#13194 = UNCERTAINTY_MEASURE_WITH_UNIT(LENGTH_MEASURE(2.E-07),#13191,
  'distance_accuracy_value','confusion accuracy');
#13195 = PRODUCT_RELATED_PRODUCT_CATEGORY('part',$,(#7));
ENDSEC;
END-ISO-10303-21;
